_id,note,tight_contact,NO_ppm,O2_vol%,SO2_ppm,H2O_ppm,soot_supplier,soot_name,soot_surface_area,mass_soot,mass_catalyst,soot_to_catalyst_mass_ratio,total_mass_g,mass_silica_beads,ramp_rate_C_min,start_temp,gas_flow_ml_min,soot_oxidation_T_max,material_id,doi,has_NOx,has_soot,temperature,soot_oxidation_co_concentration_ppm,soot_oxidation_conversion,soot_oxidation_co2_concentration_%,no2_%_of_nox,NO2_ppm,soot_oxidation_co2_concentration_ppm,no_ppm,no2_ppm,nox_ppm,total_nox_conversion_%,soot_oxidation_co2_selectivity,soot_oxidation_cox_concentration_ppm,conversion_calculated_from,soot_oxidation_cox_concentration_%,n2_ppm
6a7d9fab7bffe6ebe23a3f9f,soot_oxidation_with_no,0.0,550.0,10.0,,,Degussa,Printex-U,,0.005,0.045,1:9,0.05,0.15,5,,100,,6a7d9f997bffe6ebe23a3f1c,10.1016/j.apcatb.2017.12.048,True,True,350.0,43.93350143168511,4.373037739475876,0.03407884344287698,,,,,,,,,,,,
6a7d9fab7bffe6ebe23a3f9f,soot_oxidation_with_no,0.0,550.0,10.0,,,Degussa,Printex-U,,0.005,0.045,1:9,0.05,0.15,5,,100,,6a7d9f997bffe6ebe23a3f1c,10.1016/j.apcatb.2017.12.048,True,True,400.0,147.15586136159664,12.270135195745498,0.14017256376161003,,,,,,,,,,,,
6a7d9fab7bffe6ebe23a3f9f,soot_oxidation_with_no,0.0,550.0,10.0,,,Degussa,Printex-U,,0.005,0.045,1:9,0.05,0.15,5,,100,,6a7d9f997bffe6ebe23a3f1c,10.1016/j.apcatb.2017.12.048,True,True,450.0,249.83973674088637,40.23515089382969,0.32871297027624197,,,,,,,,,,,,
6a7d9fab7bffe6ebe23a3f9f,soot_oxidation_with_no,0.0,550.0,10.0,,,Degussa,Printex-U,,0.005,0.045,1:9,0.05,0.15,5,,100,,6a7d9f997bffe6ebe23a3f1c,10.1016/j.apcatb.2017.12.048,True,True,500.0,109.89785888285824,81.36092778881272,0.29633776906849557,,,,,,,,,,,,
6a7d9fab7bffe6ebe23a3f9f,soot_oxidation_with_no,0.0,550.0,10.0,,,Degussa,Printex-U,,0.005,0.045,1:9,0.05,0.15,5,,100,,6a7d9f997bffe6ebe23a3f1c,10.1016/j.apcatb.2017.12.048,True,True,550.0,21.868455916919515,97.5780098673672,0.03966367062916786,,,,,,,,,,,,
6a7d9fab7bffe6ebe23a3f9f,soot_oxidation_with_no,0.0,550.0,10.0,,,Degussa,Printex-U,,0.005,0.045,1:9,0.05,0.15,5,,100,,6a7d9f997bffe6ebe23a3f1c,10.1016/j.apcatb.2017.12.048,True,True,600.0,1.9188854224539398,98.62882040110206,0.0011697543515861665,,,,,,,,,,,,
6a7d9fab7bffe6ebe23a3f9f,soot_oxidation_with_no,0.0,550.0,10.0,,,Degussa,Printex-U,,0.005,0.045,1:9,0.05,0.15,5,,100,,6a7d9f997bffe6ebe23a3f1c,10.1016/j.apcatb.2017.12.048,True,True,650.0,3.047138766613955,99.37207663228038,0.00013197228581997777,,,,,,,,,,,,
6a7d9fab7bffe6ebe23a3fa0,soot_oxidation_without_no,0.0,,10.0,,,Degussa,Printex-U,,0.005,0.045,1:9,0.05,0.15,5,,100,,6a7d9f997bffe6ebe23a3f1c,10.1016/j.apcatb.2017.12.048,False,True,350.0,17.778639772433408,2.1267545725223047,0.007399632642351266,,,,,,,,,,,,
6a7d9fab7bffe6ebe23a3fa0,soot_oxidation_without_no,0.0,,10.0,,,Degussa,Printex-U,,0.005,0.045,1:9,0.05,0.15,5,,100,,6a7d9f997bffe6ebe23a3f1c,10.1016/j.apcatb.2017.12.048,False,True,400.0,27.256271011119736,4.603605666982942,0.024521123064812547,,,,,,,,,,,,
6a7d9fab7bffe6ebe23a3fa0,soot_oxidation_without_no,0.0,,10.0,,,Degussa,Printex-U,,0.005,0.045,1:9,0.05,0.15,5,,100,,6a7d9f997bffe6ebe23a3f1c,10.1016/j.apcatb.2017.12.048,False,True,450.0,53.95655546935609,13.172790629192162,0.10272894253476768,,,,,,,,,,,,
6a7d9fab7bffe6ebe23a3fa0,soot_oxidation_without_no,0.0,,10.0,,,Degussa,Printex-U,,0.005,0.045,1:9,0.05,0.15,5,,100,,6a7d9f997bffe6ebe23a3f1c,10.1016/j.apcatb.2017.12.048,False,True,500.0,51.12490302560124,35.46445047933776,0.2134479139333508,,,,,,,,,,,,
6a7d9fab7bffe6ebe23a3fa0,soot_oxidation_without_no,0.0,,10.0,,,Degussa,Printex-U,,0.005,0.045,1:9,0.05,0.15,5,,100,,6a7d9f997bffe6ebe23a3f1c,10.1016/j.apcatb.2017.12.048,False,True,550.0,33.51435221101629,63.393645911723326,0.2498360010495933,,,,,,,,,,,,
6a7d9fab7bffe6ebe23a3fa0,soot_oxidation_without_no,0.0,,10.0,,,Degussa,Printex-U,,0.005,0.045,1:9,0.05,0.15,5,,100,,6a7d9f997bffe6ebe23a3f1c,10.1016/j.apcatb.2017.12.048,False,True,600.0,26.36410654253943,87.92984981840787,0.14187221201784306,,,,,,,,,,,,
6a7d9fab7bffe6ebe23a3fa0,soot_oxidation_without_no,0.0,,10.0,,,Degussa,Printex-U,,0.005,0.045,1:9,0.05,0.15,5,,100,,6a7d9f997bffe6ebe23a3f1c,10.1016/j.apcatb.2017.12.048,False,True,650.0,2.133436772692008,99.29980695612343,0.030129887168722128,,,,,,,,,,,,
6a7d9fab7bffe6ebe23a3fa1,no_oxidation_constant_ramp,,550.0,10.0,,,,,,0.0,0.045,,0.045,0.15,5,,100,,6a7d9f997bffe6ebe23a3f1c,10.1016/j.apcatb.2017.12.048,True,False,217.94522547064258,,,,18.10442421772405,,,,,,,,,,,
6a7d9fab7bffe6ebe23a3fa1,no_oxidation_constant_ramp,,550.0,10.0,,,,,,0.0,0.045,,0.045,0.15,5,,100,,6a7d9f997bffe6ebe23a3f1c,10.1016/j.apcatb.2017.12.048,True,False,238.35189959624458,,,,17.84268441787801,,,,,,,,,,,
6a7d9fab7bffe6ebe23a3fa1,no_oxidation_constant_ramp,,550.0,10.0,,,,,,0.0,0.045,,0.045,0.15,5,,100,,6a7d9f997bffe6ebe23a3f1c,10.1016/j.apcatb.2017.12.048,True,False,256.41630588120836,,,,18.87062446225604,,,,,,,,,,,
6a7d9fab7bffe6ebe23a3fa1,no_oxidation_constant_ramp,,550.0,10.0,,,,,,0.0,0.045,,0.045,0.15,5,,100,,6a7d9f997bffe6ebe23a3f1c,10.1016/j.apcatb.2017.12.048,True,False,276.8910833292796,,,,18.76284925055473,,,,,,,,,,,
6a7d9fab7bffe6ebe23a3fa1,no_oxidation_constant_ramp,,550.0,10.0,,,,,,0.0,0.045,,0.045,0.15,5,,100,,6a7d9f997bffe6ebe23a3f1c,10.1016/j.apcatb.2017.12.048,True,False,296.7237437369266,,,,13.307974459991843,,,,,,,,,,,
6a7d9fab7bffe6ebe23a3fa1,no_oxidation_constant_ramp,,550.0,10.0,,,,,,0.0,0.045,,0.045,0.15,5,,100,,6a7d9f997bffe6ebe23a3f1c,10.1016/j.apcatb.2017.12.048,True,False,316.1356229021744,,,,10.556536702440786,,,,,,,,,,,
6a7d9fab7bffe6ebe23a3fa1,no_oxidation_constant_ramp,,550.0,10.0,,,,,,0.0,0.045,,0.045,0.15,5,,100,,6a7d9f997bffe6ebe23a3f1c,10.1016/j.apcatb.2017.12.048,True,False,336.70039402636564,,,,17.148032423130918,,,,,,,,,,,
6a7d9fab7bffe6ebe23a3fa1,no_oxidation_constant_ramp,,550.0,10.0,,,,,,0.0,0.045,,0.045,0.15,5,,100,,6a7d9f997bffe6ebe23a3f1c,10.1016/j.apcatb.2017.12.048,True,False,357.2943522887581,,,,47.12131503871757,,,,,,,,,,,
6a7d9fab7bffe6ebe23a3fa1,no_oxidation_constant_ramp,,550.0,10.0,,,,,,0.0,0.045,,0.045,0.15,5,,100,,6a7d9f997bffe6ebe23a3f1c,10.1016/j.apcatb.2017.12.048,True,False,376.55543123996694,,,,59.437576416247786,,,,,,,,,,,
6a7d9fab7bffe6ebe23a3fa1,no_oxidation_constant_ramp,,550.0,10.0,,,,,,0.0,0.045,,0.045,0.15,5,,100,,6a7d9f997bffe6ebe23a3f1c,10.1016/j.apcatb.2017.12.048,True,False,396.5315950771027,,,,60.24181497079201,,,,,,,,,,,
6a7d9fab7bffe6ebe23a3fa1,no_oxidation_constant_ramp,,550.0,10.0,,,,,,0.0,0.045,,0.045,0.15,5,,100,,6a7d9f997bffe6ebe23a3f1c,10.1016/j.apcatb.2017.12.048,True,False,417.0987984628107,,,,53.65665896843726,,,,,,,,,,,
6a7d9fab7bffe6ebe23a3fa1,no_oxidation_constant_ramp,,550.0,10.0,,,,,,0.0,0.045,,0.045,0.15,5,,100,,6a7d9f997bffe6ebe23a3f1c,10.1016/j.apcatb.2017.12.048,True,False,437.7997762319404,,,,47.50169813883983,,,,,,,,,,,
6a7d9fab7bffe6ebe23a3fa1,no_oxidation_constant_ramp,,550.0,10.0,,,,,,0.0,0.045,,0.045,0.15,5,,100,,6a7d9f997bffe6ebe23a3f1c,10.1016/j.apcatb.2017.12.048,True,False,456.30442185143744,,,,43.30752162296789,,,,,,,,,,,
6a7d9fab7bffe6ebe23a3fa1,no_oxidation_constant_ramp,,550.0,10.0,,,,,,0.0,0.045,,0.045,0.15,5,,100,,6a7d9f997bffe6ebe23a3f1c,10.1016/j.apcatb.2017.12.048,True,False,476.8983801138298,,,,40.178417787438306,,,,,,,,,,,
6a7d9fab7bffe6ebe23a3fa1,no_oxidation_constant_ramp,,550.0,10.0,,,,,,0.0,0.045,,0.045,0.15,5,,100,,6a7d9f997bffe6ebe23a3f1c,10.1016/j.apcatb.2017.12.048,True,False,496.3491754633458,,,,37.030294796902595,,,,,,,,,,,
6a7d9fab7bffe6ebe23a3fa1,no_oxidation_constant_ramp,,550.0,10.0,,,,,,0.0,0.045,,0.045,0.15,5,,100,,6a7d9f997bffe6ebe23a3f1c,10.1016/j.apcatb.2017.12.048,True,False,515.6856545215742,,,,34.39297196938821,,,,,,,,,,,
6a7d9fab7bffe6ebe23a3fa1,no_oxidation_constant_ramp,,550.0,10.0,,,,,,0.0,0.045,,0.045,0.15,5,,100,,6a7d9f997bffe6ebe23a3f1c,10.1016/j.apcatb.2017.12.048,True,False,536.9922654083767,,,,32.18856133677488,,,,,,,,,,,
6a7d9fab7bffe6ebe23a3fa2,soot_oxidation_with_no,0.0,550.0,10.0,,,Degussa,Printex-U,,0.005,0.045,1:9,0.05,0.15,5,,100,,6a7d9f997bffe6ebe23a3f1d,10.1016/j.apcatb.2017.12.048,True,True,350.0,19.585509976877617,1.7011597360158903,0.003689225262694833,,,,,,,,,,,,
6a7d9fab7bffe6ebe23a3fa2,soot_oxidation_with_no,0.0,550.0,10.0,,,Degussa,Printex-U,,0.005,0.045,1:9,0.05,0.15,5,,100,,6a7d9f997bffe6ebe23a3f1d,10.1016/j.apcatb.2017.12.048,True,True,400.0,37.27412862892866,3.649003652207343,0.021913398186380852,,,,,,,,,,,,
6a7d9fab7bffe6ebe23a3fa2,soot_oxidation_with_no,0.0,550.0,10.0,,,Degussa,Printex-U,,0.005,0.045,1:9,0.05,0.15,5,,100,,6a7d9f997bffe6ebe23a3f1d,10.1016/j.apcatb.2017.12.048,True,True,450.0,101.3231138134795,11.603767540206318,0.11755131422401292,,,,,,,,,,,,
6a7d9fab7bffe6ebe23a3fa2,soot_oxidation_with_no,0.0,550.0,10.0,,,Degussa,Printex-U,,0.005,0.045,1:9,0.05,0.15,5,,100,,6a7d9f997bffe6ebe23a3f1d,10.1016/j.apcatb.2017.12.048,True,True,500.0,183.80577203048728,29.775100916255525,0.24187520620669659,,,,,,,,,,,,
6a7d9fab7bffe6ebe23a3fa2,soot_oxidation_with_no,0.0,550.0,10.0,,,Degussa,Printex-U,,0.005,0.045,1:9,0.05,0.15,5,,100,,6a7d9f997bffe6ebe23a3f1d,10.1016/j.apcatb.2017.12.048,True,True,550.0,212.28483343324484,67.31915166271544,0.3632057267973725,,,,,,,,,,,,
6a7d9fab7bffe6ebe23a3fa2,soot_oxidation_with_no,0.0,550.0,10.0,,,Degussa,Printex-U,,0.005,0.045,1:9,0.05,0.15,5,,100,,6a7d9f997bffe6ebe23a3f1d,10.1016/j.apcatb.2017.12.048,True,True,600.0,14.871114156033215,97.16153008265522,0.08159486507833352,,,,,,,,,,,,
6a7d9fab7bffe6ebe23a3fa2,soot_oxidation_with_no,0.0,550.0,10.0,,,Degussa,Printex-U,,0.005,0.045,1:9,0.05,0.15,5,,100,,6a7d9f997bffe6ebe23a3f1d,10.1016/j.apcatb.2017.12.048,True,True,650.0,1.4601353087265494,99.02287435125264,0.001163755611321622,,,,,,,,,,,,
6a7d9fab7bffe6ebe23a3fa3,soot_oxidation_without_no,0.0,,10.0,,,Degussa,Printex-U,,0.005,0.045,1:9,0.05,0.15,5,,100,,6a7d9f997bffe6ebe23a3f1d,10.1016/j.apcatb.2017.12.048,False,True,350.0,14.442720455133184,1.6130615450053991,0.009626288659793814,,,,,,,,,,,,
6a7d9fab7bffe6ebe23a3fa3,soot_oxidation_without_no,0.0,,10.0,,,Degussa,Printex-U,,0.005,0.045,1:9,0.05,0.15,5,,100,,6a7d9f997bffe6ebe23a3f1d,10.1016/j.apcatb.2017.12.048,False,True,400.0,20.39048357900181,2.2609037070968183,0.01223582474226804,,,,,,,,,,,,
6a7d9fab7bffe6ebe23a3fa3,soot_oxidation_without_no,0.0,,10.0,,,Degussa,Printex-U,,0.005,0.045,1:9,0.05,0.15,5,,100,,6a7d9f997bffe6ebe23a3f1d,10.1016/j.apcatb.2017.12.048,False,True,450.0,40.67752779932764,4.394202139842281,0.028685567010309276,,,,,,,,,,,,
6a7d9fab7bffe6ebe23a3fa3,soot_oxidation_without_no,0.0,,10.0,,,Degussa,Printex-U,,0.005,0.045,1:9,0.05,0.15,5,,100,,6a7d9f997bffe6ebe23a3f1d,10.1016/j.apcatb.2017.12.048,False,True,500.0,82.85492629945695,11.140922029905441,0.10614046391752575,,,,,,,,,,,,
6a7d9fab7bffe6ebe23a3fa3,soot_oxidation_without_no,0.0,,10.0,,,Degussa,Printex-U,,0.005,0.045,1:9,0.05,0.15,5,,100,,6a7d9f997bffe6ebe23a3f1d,10.1016/j.apcatb.2017.12.048,False,True,550.0,115.63227307990691,31.69518699080587,0.24701675257731956,,,,,,,,,,,,
6a7d9fab7bffe6ebe23a3fa3,soot_oxidation_without_no,0.0,,10.0,,,Degussa,Printex-U,,0.005,0.045,1:9,0.05,0.15,5,,100,,6a7d9f997bffe6ebe23a3f1d,10.1016/j.apcatb.2017.12.048,False,True,600.0,240.78096715800362,68.79560252593005,0.3085051546391752,,,,,,,,,,,,
6a7d9fab7bffe6ebe23a3fa3,soot_oxidation_without_no,0.0,,10.0,,,Degussa,Printex-U,,0.005,0.045,1:9,0.05,0.15,5,,100,,6a7d9f997bffe6ebe23a3f1d,10.1016/j.apcatb.2017.12.048,False,True,650.0,295.88828549262996,94.42463108987992,0.11128221649484535,,,,,,,,,,,,
6a7d9fab7bffe6ebe23a3fa4,no_oxidation_constant_ramp,,550.0,10.0,,,,,,0.0,0.045,,0.045,0.15,5,,100,,6a7d9f997bffe6ebe23a3f1d,10.1016/j.apcatb.2017.12.048,True,False,220.45531935593715,,,,12.85332608794095,,,,,,,,,,,
6a7d9fab7bffe6ebe23a3fa4,no_oxidation_constant_ramp,,550.0,10.0,,,,,,0.0,0.045,,0.045,0.15,5,,100,,6a7d9f997bffe6ebe23a3f1d,10.1016/j.apcatb.2017.12.048,True,False,239.72369509169624,,,,12.359733731829914,,,,,,,,,,,
6a7d9fab7bffe6ebe23a3fa4,no_oxidation_constant_ramp,,550.0,10.0,,,,,,0.0,0.045,,0.045,0.15,5,,100,,6a7d9f997bffe6ebe23a3f1d,10.1016/j.apcatb.2017.12.048,True,False,260.16442087853284,,,,11.445002943440656,,,,,,,,,,,
6a7d9fab7bffe6ebe23a3fa4,no_oxidation_constant_ramp,,550.0,10.0,,,,,,0.0,0.045,,0.045,0.15,5,,100,,6a7d9f997bffe6ebe23a3f1d,10.1016/j.apcatb.2017.12.048,True,False,279.593325874398,,,,10.924240365892317,,,,,,,,,,,
6a7d9fab7bffe6ebe23a3fa4,no_oxidation_constant_ramp,,550.0,10.0,,,,,,0.0,0.045,,0.045,0.15,5,,100,,6a7d9f997bffe6ebe23a3f1d,10.1016/j.apcatb.2017.12.048,True,False,299.6643479106873,,,,10.562876420776163,,,,,,,,,,,
6a7d9fab7bffe6ebe23a3fa4,no_oxidation_constant_ramp,,550.0,10.0,,,,,,0.0,0.045,,0.045,0.15,5,,100,,6a7d9f997bffe6ebe23a3f1d,10.1016/j.apcatb.2017.12.048,True,False,320.76178430704863,,,,10.718652357016714,,,,,,,,,,,
6a7d9fab7bffe6ebe23a3fa4,no_oxidation_constant_ramp,,550.0,10.0,,,,,,0.0,0.045,,0.045,0.15,5,,100,,6a7d9f997bffe6ebe23a3f1d,10.1016/j.apcatb.2017.12.048,True,False,339.9255727975872,,,,11.395190870805592,,,,,,,,,,,
6a7d9fab7bffe6ebe23a3fa4,no_oxidation_constant_ramp,,550.0,10.0,,,,,,0.0,0.045,,0.045,0.15,5,,100,,6a7d9f997bffe6ebe23a3f1d,10.1016/j.apcatb.2017.12.048,True,False,359.99416257235976,,,,12.481999728297794,,,,,,,,,,,
6a7d9fab7bffe6ebe23a3fa4,no_oxidation_constant_ramp,,550.0,10.0,,,,,,0.0,0.045,,0.045,0.15,5,,100,,6a7d9f997bffe6ebe23a3f1d,10.1016/j.apcatb.2017.12.048,True,False,380.0943717468502,,,,13.519902187202835,,,,,,,,,,,
6a7d9fab7bffe6ebe23a3fa4,no_oxidation_constant_ramp,,550.0,10.0,,,,,,0.0,0.045,,0.045,0.15,5,,100,,6a7d9f997bffe6ebe23a3f1d,10.1016/j.apcatb.2017.12.048,True,False,399.4843605584472,,,,14.699089797581848,,,,,,,,,,,
6a7d9fab7bffe6ebe23a3fa4,no_oxidation_constant_ramp,,550.0,10.0,,,,,,0.0,0.045,,0.045,0.15,5,,100,,6a7d9f997bffe6ebe23a3f1d,10.1016/j.apcatb.2017.12.048,True,False,419.6429440093399,,,,17.12991894217271,,,,,,,,,,,
6a7d9fab7bffe6ebe23a3fa4,no_oxidation_constant_ramp,,550.0,10.0,,,,,,0.0,0.045,,0.045,0.15,5,,100,,6a7d9f997bffe6ebe23a3f1d,10.1016/j.apcatb.2017.12.048,True,False,439.7772048450649,,,,21.488022460716394,,,,,,,,,,,
6a7d9fab7bffe6ebe23a3fa4,no_oxidation_constant_ramp,,550.0,10.0,,,,,,0.0,0.045,,0.045,0.15,5,,100,,6a7d9f997bffe6ebe23a3f1d,10.1016/j.apcatb.2017.12.048,True,False,459.95038186505815,,,,27.85400534347688,,,,,,,,,,,
6a7d9fab7bffe6ebe23a3fa4,no_oxidation_constant_ramp,,550.0,10.0,,,,,,0.0,0.045,,0.045,0.15,5,,100,,6a7d9f997bffe6ebe23a3f1d,10.1016/j.apcatb.2017.12.048,True,False,480.15761054628587,,,,32.203052121541454,,,,,,,,,,,
6a7d9fab7bffe6ebe23a3fa4,no_oxidation_constant_ramp,,550.0,10.0,,,,,,0.0,0.045,,0.045,0.15,5,,100,,6a7d9f997bffe6ebe23a3f1d,10.1016/j.apcatb.2017.12.048,True,False,500.1653937831395,,,,32.63596431644251,,,,,,,,,,,
6a7d9fab7bffe6ebe23a3fa4,no_oxidation_constant_ramp,,550.0,10.0,,,,,,0.0,0.045,,0.045,0.15,5,,100,,6a7d9f997bffe6ebe23a3f1d,10.1016/j.apcatb.2017.12.048,True,False,519.6161891326556,,,,30.870805597065623,,,,,,,,,,,
6a7d9fab7bffe6ebe23a3fa4,no_oxidation_constant_ramp,,550.0,10.0,,,,,,0.0,0.045,,0.045,0.15,5,,100,,6a7d9f997bffe6ebe23a3f1d,10.1016/j.apcatb.2017.12.048,True,False,540.6868706523325,,,,28.12570755784993,,,,,,,,,,,
6a7d9fab7bffe6ebe23a3fa5,,0.0,500.0,5.0,,,Degussa,Printex-U,,0.005,0.045,1:9,0.05,0.2,10,50.0,200,,6a7d9f997bffe6ebe23a3f1e,10.1016/j.apcata.2017.02.005,True,True,178.0429019040733,,,,,,115.4900841374273,,,,,,,,,
6a7d9fab7bffe6ebe23a3fa5,,0.0,500.0,5.0,,,Degussa,Printex-U,,0.005,0.045,1:9,0.05,0.2,10,50.0,200,,6a7d9f997bffe6ebe23a3f1e,10.1016/j.apcata.2017.02.005,True,True,209.9092150719049,,,,,,165.32676955329535,,,,,,,,,
6a7d9fab7bffe6ebe23a3fa5,,0.0,500.0,5.0,,,Degussa,Printex-U,,0.005,0.045,1:9,0.05,0.2,10,50.0,200,,6a7d9f997bffe6ebe23a3f1e,10.1016/j.apcata.2017.02.005,True,True,238.71615650357518,,,,,,265.9360405806331,,,,,,,,,
6a7d9fab7bffe6ebe23a3fa5,,0.0,500.0,5.0,,,Degussa,Printex-U,,0.005,0.045,1:9,0.05,0.2,10,50.0,200,,6a7d9f997bffe6ebe23a3f1e,10.1016/j.apcata.2017.02.005,True,True,259.7204145577248,,,,,,447.21990846896125,,,,,,,,,
6a7d9fab7bffe6ebe23a3fa5,,0.0,500.0,5.0,,,Degussa,Printex-U,,0.005,0.045,1:9,0.05,0.2,10,50.0,200,,6a7d9f997bffe6ebe23a3f1e,10.1016/j.apcata.2017.02.005,True,True,279.2785410138989,,,,,,851.4819979597373,,,,,,,,,
6a7d9fab7bffe6ebe23a3fa5,,0.0,500.0,5.0,,,Degussa,Printex-U,,0.005,0.045,1:9,0.05,0.2,10,50.0,200,,6a7d9f997bffe6ebe23a3f1e,10.1016/j.apcata.2017.02.005,True,True,299.8071824536032,,,,,,1627.764415202763,,,,,,,,,
6a7d9fab7bffe6ebe23a3fa5,,0.0,500.0,5.0,,,Degussa,Printex-U,,0.005,0.045,1:9,0.05,0.2,10,50.0,200,,6a7d9f997bffe6ebe23a3f1e,10.1016/j.apcata.2017.02.005,True,True,310.666023941512,,,,,,2646.2578030678806,,,,,,,,,
6a7d9fab7bffe6ebe23a3fa5,,0.0,500.0,5.0,,,Degussa,Printex-U,,0.005,0.045,1:9,0.05,0.2,10,50.0,200,,6a7d9f997bffe6ebe23a3f1e,10.1016/j.apcata.2017.02.005,True,True,320.5093596850647,,,,,,3968.497599415998,,,,,,,,,
6a7d9fab7bffe6ebe23a3fa5,,0.0,500.0,5.0,,,Degussa,Printex-U,,0.005,0.045,1:9,0.05,0.2,10,50.0,200,,6a7d9f997bffe6ebe23a3f1e,10.1016/j.apcata.2017.02.005,True,True,330.20486864304644,,,,,,4857.509195219422,,,,,,,,,
6a7d9fab7bffe6ebe23a3fa5,,0.0,500.0,5.0,,,Degussa,Printex-U,,0.005,0.045,1:9,0.05,0.2,10,50.0,200,,6a7d9f997bffe6ebe23a3f1e,10.1016/j.apcata.2017.02.005,True,True,349.1363380734314,,,,,,4010.65990322792,,,,,,,,,
6a7d9fab7bffe6ebe23a3fa5,,0.0,500.0,5.0,,,Degussa,Printex-U,,0.005,0.045,1:9,0.05,0.2,10,50.0,200,,6a7d9f997bffe6ebe23a3f1e,10.1016/j.apcata.2017.02.005,True,True,361.24849361291876,,,,,,2661.1386161779715,,,,,,,,,
6a7d9fab7bffe6ebe23a3fa5,,0.0,500.0,5.0,,,Degussa,Printex-U,,0.005,0.045,1:9,0.05,0.2,10,50.0,200,,6a7d9f997bffe6ebe23a3f1e,10.1016/j.apcata.2017.02.005,True,True,369.3275488069414,,,,,,2065.063781598331,,,,,,,,,
6a7d9fab7bffe6ebe23a3fa5,,0.0,500.0,5.0,,,Degussa,Printex-U,,0.005,0.045,1:9,0.05,0.2,10,50.0,200,,6a7d9f997bffe6ebe23a3f1e,10.1016/j.apcata.2017.02.005,True,True,381.7225034144774,,,,,,1708.8133721419954,,,,,,,,,
6a7d9fab7bffe6ebe23a3fa5,,0.0,500.0,5.0,,,Degussa,Printex-U,,0.005,0.045,1:9,0.05,0.2,10,50.0,200,,6a7d9f997bffe6ebe23a3f1e,10.1016/j.apcata.2017.02.005,True,True,389.74371334458107,,,,,,1292.8993252159598,,,,,,,,,
6a7d9fab7bffe6ebe23a3fa5,,0.0,500.0,5.0,,,Degussa,Printex-U,,0.005,0.045,1:9,0.05,0.2,10,50.0,200,,6a7d9f997bffe6ebe23a3f1e,10.1016/j.apcata.2017.02.005,True,True,410.57764923274686,,,,,,877.266048348605,,,,,,,,,
6a7d9fab7bffe6ebe23a3fa5,,0.0,500.0,5.0,,,Degussa,Printex-U,,0.005,0.045,1:9,0.05,0.2,10,50.0,200,,6a7d9f997bffe6ebe23a3f1e,10.1016/j.apcata.2017.02.005,True,True,422.74443641038,,,,,,749.3284916096554,,,,,,,,,
6a7d9fab7bffe6ebe23a3fa5,,0.0,500.0,5.0,,,Degussa,Printex-U,,0.005,0.045,1:9,0.05,0.2,10,50.0,200,,6a7d9f997bffe6ebe23a3f1e,10.1016/j.apcata.2017.02.005,True,True,464.2901904073271,,,,,,152.83250194199377,,,,,,,,,
6a7d9fab7bffe6ebe23a3fa6,,,500.0,5.0,,,,,,,0.045,,0.1,0.0,10,25.0,200,,6a7d9f997bffe6ebe23a3f1e,10.1016/j.apcata.2017.02.005,True,False,85.0,,,,,,,488.87035516321083,12.13694545828407,502.37043840746105,,,,,,
6a7d9fab7bffe6ebe23a3fa6,,,500.0,5.0,,,,,,,0.045,,0.1,0.0,10,25.0,200,,6a7d9f997bffe6ebe23a3f1e,10.1016/j.apcata.2017.02.005,True,False,105.0,,,,,,,528.957092999384,29.13946434997173,558.34952485251,,,,,,
6a7d9fab7bffe6ebe23a3fa6,,,500.0,5.0,,,,,,,0.045,,0.1,0.0,10,25.0,200,,6a7d9f997bffe6ebe23a3f1e,10.1016/j.apcata.2017.02.005,True,False,125.0,,,,,,,555.2632929583248,37.69855549272606,593.3373370544389,,,,,,
6a7d9fab7bffe6ebe23a3fa6,,,500.0,5.0,,,,,,,0.045,,0.1,0.0,10,25.0,200,,6a7d9f997bffe6ebe23a3f1e,10.1016/j.apcata.2017.02.005,True,False,155.0,,,,,,,535.7087866967768,21.135557497558217,557.6712473946374,,,,,,
6a7d9fab7bffe6ebe23a3fa6,,,500.0,5.0,,,,,,,0.045,,0.1,0.0,10,25.0,200,,6a7d9f997bffe6ebe23a3f1e,10.1016/j.apcata.2017.02.005,True,False,175.0,,,,,,,495.28330938205704,4.032796997892356,508.10753523863355,,,,,,
6a7d9fab7bffe6ebe23a3fa6,,,500.0,5.0,,,,,,,0.045,,0.1,0.0,10,25.0,200,,6a7d9f997bffe6ebe23a3f1e,10.1016/j.apcata.2017.02.005,True,False,194.0,,,,,,,458.73024019708475,4.025086104970955,457.8443494541986,,,,,,
6a7d9fab7bffe6ebe23a3fa6,,,500.0,5.0,,,,,,,0.045,,0.1,0.0,10,25.0,200,,6a7d9f997bffe6ebe23a3f1e,10.1016/j.apcata.2017.02.005,True,False,224.0,,,,,,,405.8021966741942,15.892150311006015,421.3516091426149,,,,,,
6a7d9fab7bffe6ebe23a3fa6,,,500.0,5.0,,,,,,,0.045,,0.1,0.0,10,25.0,200,,6a7d9f997bffe6ebe23a3f1e,10.1016/j.apcata.2017.02.005,True,False,256.0,,,,,,,341.0875590227879,84.14897445124146,421.0054050234924,,,,,,
6a7d9fab7bffe6ebe23a3fa6,,,500.0,5.0,,,,,,,0.045,,0.1,0.0,10,25.0,200,,6a7d9f997bffe6ebe23a3f1e,10.1016/j.apcata.2017.02.005,True,False,282.0,,,,,,,292.53233422295216,183.5269624222485,477.6980958773448,,,,,,
6a7d9fab7bffe6ebe23a3fa6,,,500.0,5.0,,,,,,,0.045,,0.1,0.0,10,25.0,200,,6a7d9f997bffe6ebe23a3f1e,10.1016/j.apcata.2017.02.005,True,False,304.0,,,,,,,284.4641757339355,245.33748008019327,531.15483802593,,,,,,
6a7d9fab7bffe6ebe23a3fa6,,,500.0,5.0,,,,,,,0.045,,0.1,0.0,10,25.0,200,,6a7d9f997bffe6ebe23a3f1e,10.1016/j.apcata.2017.02.005,True,False,335.0,,,,,,,317.67604188051735,268.2850974142806,590.3345462253153,,,,,,
6a7d9fab7bffe6ebe23a3fa6,,,500.0,5.0,,,,,,,0.045,,0.1,0.0,10,25.0,200,,6a7d9f997bffe6ebe23a3f1e,10.1016/j.apcata.2017.02.005,True,False,375.0,,,,,,,390.20478341203034,224.7108415154475,612.9861871621861,,,,,,
6a7d9fab7bffe6ebe23a3fa6,,,500.0,5.0,,,,,,,0.045,,0.1,0.0,10,25.0,200,,6a7d9f997bffe6ebe23a3f1e,10.1016/j.apcata.2017.02.005,True,False,434.0,,,,,,,459.7079655101622,138.10980311520075,598.2336524534567,,,,,,
6a7d9fab7bffe6ebe23a3fa6,,,500.0,5.0,,,,,,,0.045,,0.1,0.0,10,25.0,200,,6a7d9f997bffe6ebe23a3f1e,10.1016/j.apcata.2017.02.005,True,False,492.0,,,,,,,475.63641962636007,76.03711509792834,552.8455858974812,,,,,,
6a7d9fab7bffe6ebe23a3fa6,,,500.0,5.0,,,,,,,0.045,,0.1,0.0,10,25.0,200,,6a7d9f997bffe6ebe23a3f1e,10.1016/j.apcata.2017.02.005,True,False,552.0,,,,,,,472.84951755286386,43.034493394335065,522.542127388985,,,,,,
6a7d9fab7bffe6ebe23a3fa6,,,500.0,5.0,,,,,,,0.045,,0.1,0.0,10,25.0,200,,6a7d9f997bffe6ebe23a3f1e,10.1016/j.apcata.2017.02.005,True,False,595.0,,,,,,,480.7944980496818,36.819513699686425,517.2430847493553,,,,,,
6a7d9fab7bffe6ebe23a3fa7,,0.0,500.0,5.0,,,Degussa,Printex-U,,0.005,0.045,1:9,0.05,0.2,10,50.0,200,,6a7d9f9a7bffe6ebe23a3f1f,10.1016/j.apcata.2017.02.005,True,True,200.44320628086615,,,,,,223.5746063799576,,,,,,,,,
6a7d9fab7bffe6ebe23a3fa7,,0.0,500.0,5.0,,,Degussa,Printex-U,,0.005,0.045,1:9,0.05,0.2,10,50.0,200,,6a7d9f9a7bffe6ebe23a3f1f,10.1016/j.apcata.2017.02.005,True,True,238.35317209066733,,,,,,237.93108888397975,,,,,,,,,
6a7d9fab7bffe6ebe23a3fa7,,0.0,500.0,5.0,,,Degussa,Printex-U,,0.005,0.045,1:9,0.05,0.2,10,50.0,200,,6a7d9f9a7bffe6ebe23a3f1f,10.1016/j.apcata.2017.02.005,True,True,267.2217297707991,,,,,,239.25630265358183,,,,,,,,,
6a7d9fab7bffe6ebe23a3fa7,,0.0,500.0,5.0,,,Degussa,Printex-U,,0.005,0.045,1:9,0.05,0.2,10,50.0,200,,6a7d9f9a7bffe6ebe23a3f1f,10.1016/j.apcata.2017.02.005,True,True,287.5743953400025,,,,,,473.9295743539569,,,,,,,,,
6a7d9fab7bffe6ebe23a3fa7,,0.0,500.0,5.0,,,Degussa,Printex-U,,0.005,0.045,1:9,0.05,0.2,10,50.0,200,,6a7d9f9a7bffe6ebe23a3f1f,10.1016/j.apcata.2017.02.005,True,True,307.4300367228061,,,,,,955.1478244407278,,,,,,,,,
6a7d9fab7bffe6ebe23a3fa7,,0.0,500.0,5.0,,,Degussa,Printex-U,,0.005,0.045,1:9,0.05,0.2,10,50.0,200,,6a7d9f9a7bffe6ebe23a3f1f,10.1016/j.apcata.2017.02.005,True,True,316.78485500823103,,,,,,1778.3816615656447,,,,,,,,,
6a7d9fab7bffe6ebe23a3fa7,,0.0,500.0,5.0,,,Degussa,Printex-U,,0.005,0.045,1:9,0.05,0.2,10,50.0,200,,6a7d9f9a7bffe6ebe23a3f1f,10.1016/j.apcata.2017.02.005,True,True,328.8907179941749,,,,,,2791.010633262865,,,,,,,,,
6a7d9fab7bffe6ebe23a3fa7,,0.0,500.0,5.0,,,Degussa,Printex-U,,0.005,0.045,1:9,0.05,0.2,10,50.0,200,,6a7d9f9a7bffe6ebe23a3f1f,10.1016/j.apcata.2017.02.005,True,True,337.175509687223,,,,,,4471.878648281954,,,,,,,,,
6a7d9fab7bffe6ebe23a3fa7,,0.0,500.0,5.0,,,Degussa,Printex-U,,0.005,0.045,1:9,0.05,0.2,10,50.0,200,,6a7d9f9a7bffe6ebe23a3f1f,10.1016/j.apcata.2017.02.005,True,True,358.20564771432186,,,,,,5426.253431357082,,,,,,,,,
6a7d9fab7bffe6ebe23a3fa7,,0.0,500.0,5.0,,,Degussa,Printex-U,,0.005,0.045,1:9,0.05,0.2,10,50.0,200,,6a7d9f9a7bffe6ebe23a3f1f,10.1016/j.apcata.2017.02.005,True,True,366.9083196150437,,,,,,4029.1468147540463,,,,,,,,,
6a7d9fab7bffe6ebe23a3fa7,,0.0,500.0,5.0,,,Degussa,Printex-U,,0.005,0.045,1:9,0.05,0.2,10,50.0,200,,6a7d9f9a7bffe6ebe23a3f1f,10.1016/j.apcata.2017.02.005,True,True,379.1566417626946,,,,,,2867.4865112169878,,,,,,,,,
6a7d9fab7bffe6ebe23a3fa7,,0.0,500.0,5.0,,,Degussa,Printex-U,,0.005,0.045,1:9,0.05,0.2,10,50.0,200,,6a7d9f9a7bffe6ebe23a3f1f,10.1016/j.apcata.2017.02.005,True,True,387.7390148157528,,,,,,1988.9802164515813,,,,,,,,,
6a7d9fab7bffe6ebe23a3fa7,,0.0,500.0,5.0,,,Degussa,Printex-U,,0.005,0.045,1:9,0.05,0.2,10,50.0,200,,6a7d9f9a7bffe6ebe23a3f1f,10.1016/j.apcata.2017.02.005,True,True,400.0126630365961,,,,,,1413.7822232038616,,,,,,,,,
6a7d9fab7bffe6ebe23a3fa7,,0.0,500.0,5.0,,,Degussa,Printex-U,,0.005,0.045,1:9,0.05,0.2,10,50.0,200,,6a7d9f9a7bffe6ebe23a3f1f,10.1016/j.apcata.2017.02.005,True,True,409.00341901988094,,,,,,1121.2412835641924,,,,,,,,,
6a7d9fab7bffe6ebe23a3fa7,,0.0,500.0,5.0,,,Degussa,Printex-U,,0.005,0.045,1:9,0.05,0.2,10,50.0,200,,6a7d9f9a7bffe6ebe23a3f1f,10.1016/j.apcata.2017.02.005,True,True,429.181967835887,,,,,,786.1278515760578,,,,,,,,,
6a7d9fab7bffe6ebe23a3fa7,,0.0,500.0,5.0,,,Degussa,Printex-U,,0.005,0.045,1:9,0.05,0.2,10,50.0,200,,6a7d9f9a7bffe6ebe23a3f1f,10.1016/j.apcata.2017.02.005,True,True,450.20260858553877,,,,,,606.6166030353708,,,,,,,,,
6a7d9fab7bffe6ebe23a3fa7,,0.0,500.0,5.0,,,Degussa,Printex-U,,0.005,0.045,1:9,0.05,0.2,10,50.0,200,,6a7d9f9a7bffe6ebe23a3f1f,10.1016/j.apcata.2017.02.005,True,True,466.7690262124857,,,,,,461.83699870633785,,,,,,,,,
6a7d9fab7bffe6ebe23a3fa7,,0.0,500.0,5.0,,,Degussa,Printex-U,,0.005,0.045,1:9,0.05,0.2,10,50.0,200,,6a7d9f9a7bffe6ebe23a3f1f,10.1016/j.apcata.2017.02.005,True,True,487.2103330378624,,,,,,172.16735556747506,,,,,,,,,
6a7d9fab7bffe6ebe23a3fa8,,0.0,500.0,5.0,,,Degussa,Printex-U,,0.005,0.045,1:9,0.05,0.2,10,50.0,200,,6a7d9f9a7bffe6ebe23a3f20,10.1016/j.apcata.2017.02.005,True,True,218.56084589084458,,,,,,266.64405389202534,,,,,,,,,
6a7d9fab7bffe6ebe23a3fa8,,0.0,500.0,5.0,,,Degussa,Printex-U,,0.005,0.045,1:9,0.05,0.2,10,50.0,200,,6a7d9f9a7bffe6ebe23a3f20,10.1016/j.apcata.2017.02.005,True,True,250.0379891097885,,,,,,267.96926766162744,,,,,,,,,
6a7d9fab7bffe6ebe23a3fa8,,0.0,500.0,5.0,,,Degussa,Printex-U,,0.005,0.045,1:9,0.05,0.2,10,50.0,200,,6a7d9f9a7bffe6ebe23a3f20,10.1016/j.apcata.2017.02.005,True,True,279.03634291503107,,,,,,398.8893446502376,,,,,,,,,
6a7d9fab7bffe6ebe23a3fa8,,0.0,500.0,5.0,,,Degussa,Printex-U,,0.005,0.045,1:9,0.05,0.2,10,50.0,200,,6a7d9f9a7bffe6ebe23a3f20,10.1016/j.apcata.2017.02.005,True,True,307.85741420792704,,,,,,568.1301864765085,,,,,,,,,
6a7d9fab7bffe6ebe23a3fa8,,0.0,500.0,5.0,,,Degussa,Printex-U,,0.005,0.045,1:9,0.05,0.2,10,50.0,200,,6a7d9f9a7bffe6ebe23a3f20,10.1016/j.apcata.2017.02.005,True,True,329.3782449031278,,,,,,1221.6814438519548,,,,,,,,,
6a7d9fab7bffe6ebe23a3fa8,,0.0,500.0,5.0,,,Degussa,Printex-U,,0.005,0.045,1:9,0.05,0.2,10,50.0,200,,6a7d9f9a7bffe6ebe23a3f20,10.1016/j.apcata.2017.02.005,True,True,337.3464606812713,,,,,,1798.2598681096765,,,,,,,,,
6a7d9fab7bffe6ebe23a3fa8,,0.0,500.0,5.0,,,Degussa,Printex-U,,0.005,0.045,1:9,0.05,0.2,10,50.0,200,,6a7d9f9a7bffe6ebe23a3f20,10.1016/j.apcata.2017.02.005,True,True,349.1800683803976,,,,,,2533.1461205944524,,,,,,,,,
6a7d9fab7bffe6ebe23a3fa8,,0.0,500.0,5.0,,,Degussa,Printex-U,,0.005,0.045,1:9,0.05,0.2,10,50.0,200,,6a7d9f9a7bffe6ebe23a3f20,10.1016/j.apcata.2017.02.005,True,True,366.3606432822591,,,,,,2958.2084371943324,,,,,,,,,
6a7d9fab7bffe6ebe23a3fa8,,0.0,500.0,5.0,,,Degussa,Printex-U,,0.005,0.045,1:9,0.05,0.2,10,50.0,200,,6a7d9f9a7bffe6ebe23a3f20,10.1016/j.apcata.2017.02.005,True,True,379.0236798784348,,,,,,3290.3401382008637,,,,,,,,,
6a7d9fab7bffe6ebe23a3fa8,,0.0,500.0,5.0,,,Degussa,Printex-U,,0.005,0.045,1:9,0.05,0.2,10,50.0,200,,6a7d9f9a7bffe6ebe23a3f20,10.1016/j.apcata.2017.02.005,True,True,399.354185133595,,,,,,2883.499510933014,,,,,,,,,
6a7d9fab7bffe6ebe23a3fa8,,0.0,500.0,5.0,,,Degussa,Printex-U,,0.005,0.045,1:9,0.05,0.2,10,50.0,200,,6a7d9f9a7bffe6ebe23a3f20,10.1016/j.apcata.2017.02.005,True,True,408.63619095859184,,,,,,2527.569179314044,,,,,,,,,
6a7d9fab7bffe6ebe23a3fa8,,0.0,500.0,5.0,,,Degussa,Printex-U,,0.005,0.045,1:9,0.05,0.2,10,50.0,200,,6a7d9f9a7bffe6ebe23a3f20,10.1016/j.apcata.2017.02.005,True,True,429.1661390401418,,,,,,2018.4662228252296,,,,,,,,,
6a7d9fab7bffe6ebe23a3fa8,,0.0,500.0,5.0,,,Degussa,Printex-U,,0.005,0.045,1:9,0.05,0.2,10,50.0,200,,6a7d9f9a7bffe6ebe23a3f20,10.1016/j.apcata.2017.02.005,True,True,449.7024186399898,,,,,,1540.064051998863,,,,,,,,,
6a7d9fab7bffe6ebe23a3fa8,,0.0,500.0,5.0,,,Degussa,Printex-U,,0.005,0.045,1:9,0.05,0.2,10,50.0,200,,6a7d9f9a7bffe6ebe23a3f20,10.1016/j.apcata.2017.02.005,True,True,467.2692161580347,,,,,,1002.5242167040036,,,,,,,,,
6a7d9fab7bffe6ebe23a3fa8,,0.0,500.0,5.0,,,Degussa,Printex-U,,0.005,0.045,1:9,0.05,0.2,10,50.0,200,,6a7d9f9a7bffe6ebe23a3f20,10.1016/j.apcata.2017.02.005,True,True,479.70748385462826,,,,,,705.5106805919276,,,,,,,,,
6a7d9fab7bffe6ebe23a3fa8,,0.0,500.0,5.0,,,Degussa,Printex-U,,0.005,0.045,1:9,0.05,0.2,10,50.0,200,,6a7d9f9a7bffe6ebe23a3f20,10.1016/j.apcata.2017.02.005,True,True,487.74851209319985,,,,,,323.35215978291626,,,,,,,,,
6a7d9fab7bffe6ebe23a3fa8,,0.0,500.0,5.0,,,Degussa,Printex-U,,0.005,0.045,1:9,0.05,0.2,10,50.0,200,,6a7d9f9a7bffe6ebe23a3f20,10.1016/j.apcata.2017.02.005,True,True,509.3453210079776,,,,,,114.74142555138387,,,,,,,,,
6a7d9fab7bffe6ebe23a3fa8,,0.0,500.0,5.0,,,Degussa,Printex-U,,0.005,0.045,1:9,0.05,0.2,10,50.0,200,,6a7d9f9a7bffe6ebe23a3f20,10.1016/j.apcata.2017.02.005,True,True,529.3972394580219,,,,,,62.89243681570105,,,,,,,,,
6a7d9fab7bffe6ebe23a3fa9,,0.0,500.0,5.0,,,Degussa,Printex-U,,0.005,0.045,1:9,0.05,0.2,10,50.0,200,,6a7d9f9a7bffe6ebe23a3f21,10.1016/j.apcata.2017.02.005,True,True,289.6194757502849,,,,,,271.11665036443367,,,,,,,,,
6a7d9fab7bffe6ebe23a3fa9,,0.0,500.0,5.0,,,Degussa,Printex-U,,0.005,0.045,1:9,0.05,0.2,10,50.0,200,,6a7d9f9a7bffe6ebe23a3f21,10.1016/j.apcata.2017.02.005,True,True,329.95441306825376,,,,,,470.2852364875512,,,,,,,,,
6a7d9fab7bffe6ebe23a3fa9,,0.0,500.0,5.0,,,Degussa,Printex-U,,0.005,0.045,1:9,0.05,0.2,10,50.0,200,,6a7d9f9a7bffe6ebe23a3f21,10.1016/j.apcata.2017.02.005,True,True,347.01785488160056,,,,,,764.9244312624231,,,,,,,,,
6a7d9fab7bffe6ebe23a3fa9,,0.0,500.0,5.0,,,Degussa,Printex-U,,0.005,0.045,1:9,0.05,0.2,10,50.0,200,,6a7d9f9a7bffe6ebe23a3f21,10.1016/j.apcata.2017.02.005,True,True,361.171964036976,,,,,,1084.8531221405356,,,,,,,,,
6a7d9fab7bffe6ebe23a3fa9,,0.0,500.0,5.0,,,Degussa,Printex-U,,0.005,0.045,1:9,0.05,0.2,10,50.0,200,,6a7d9f9a7bffe6ebe23a3f21,10.1016/j.apcata.2017.02.005,True,True,369.3586171964037,,,,,,1497.988514813997,,,,,,,,,
6a7d9fab7bffe6ebe23a3fa9,,0.0,500.0,5.0,,,Degussa,Printex-U,,0.005,0.045,1:9,0.05,0.2,10,50.0,200,,6a7d9f9a7bffe6ebe23a3f21,10.1016/j.apcata.2017.02.005,True,True,380.049385842725,,,,,,2074.235635629318,,,,,,,,,
6a7d9fab7bffe6ebe23a3fa9,,0.0,500.0,5.0,,,Degussa,Printex-U,,0.005,0.045,1:9,0.05,0.2,10,50.0,200,,6a7d9f9a7bffe6ebe23a3f21,10.1016/j.apcata.2017.02.005,True,True,390.5818665315942,,,,,,2630.3284636986077,,,,,,,,,
6a7d9fab7bffe6ebe23a3fa9,,0.0,500.0,5.0,,,Degussa,Printex-U,,0.005,0.045,1:9,0.05,0.2,10,50.0,200,,6a7d9f9a7bffe6ebe23a3f21,10.1016/j.apcata.2017.02.005,True,True,400.62048879321253,,,,,,3314.359637774903,,,,,,,,,
6a7d9fab7bffe6ebe23a3fa9,,0.0,500.0,5.0,,,Degussa,Printex-U,,0.005,0.045,1:9,0.05,0.2,10,50.0,200,,6a7d9f9a7bffe6ebe23a3f21,10.1016/j.apcata.2017.02.005,True,True,411.06432822590847,,,,,,3962.0026504275393,,,,,,,,,
6a7d9fab7bffe6ebe23a3fa9,,0.0,500.0,5.0,,,Degussa,Printex-U,,0.005,0.045,1:9,0.05,0.2,10,50.0,200,,6a7d9f9a7bffe6ebe23a3f21,10.1016/j.apcata.2017.02.005,True,True,431.4803089780929,,,,,,4426.4900766730825,,,,,,,,,
6a7d9fab7bffe6ebe23a3fa9,,0.0,500.0,5.0,,,Degussa,Printex-U,,0.005,0.045,1:9,0.05,0.2,10,50.0,200,,6a7d9f9a7bffe6ebe23a3f21,10.1016/j.apcata.2017.02.005,True,True,440.47423072052675,,,,,,3939.8053197867034,,,,,,,,,
6a7d9fab7bffe6ebe23a3fa9,,0.0,500.0,5.0,,,Degussa,Printex-U,,0.005,0.045,1:9,0.05,0.2,10,50.0,200,,6a7d9f9a7bffe6ebe23a3f21,10.1016/j.apcata.2017.02.005,True,True,450.36406230214,,,,,,3211.655570630738,,,,,,,,,
6a7d9fab7bffe6ebe23a3fa9,,0.0,500.0,5.0,,,Degussa,Printex-U,,0.005,0.045,1:9,0.05,0.2,10,50.0,200,,6a7d9f9a7bffe6ebe23a3f21,10.1016/j.apcata.2017.02.005,True,True,461.817778903381,,,,,,2613.2111191745803,,,,,,,,,
6a7d9fab7bffe6ebe23a3fa9,,0.0,500.0,5.0,,,Degussa,Printex-U,,0.005,0.045,1:9,0.05,0.2,10,50.0,200,,6a7d9f9a7bffe6ebe23a3f21,10.1016/j.apcata.2017.02.005,True,True,470.42864378878056,,,,,,2278.815511311646,,,,,,,,,
6a7d9fab7bffe6ebe23a3fa9,,0.0,500.0,5.0,,,Degussa,Printex-U,,0.005,0.045,1:9,0.05,0.2,10,50.0,200,,6a7d9f9a7bffe6ebe23a3f21,10.1016/j.apcata.2017.02.005,True,True,481.31252374319354,,,,,,1337.7480831729395,,,,,,,,,
6a7d9fab7bffe6ebe23a3fa9,,0.0,500.0,5.0,,,Degussa,Printex-U,,0.005,0.045,1:9,0.05,0.2,10,50.0,200,,6a7d9f9a7bffe6ebe23a3f21,10.1016/j.apcata.2017.02.005,True,True,489.7492718753956,,,,,,978.7255860915653,,,,,,,,,
6a7d9fab7bffe6ebe23a3fa9,,0.0,500.0,5.0,,,Degussa,Printex-U,,0.005,0.045,1:9,0.05,0.2,10,50.0,200,,6a7d9f9a7bffe6ebe23a3f21,10.1016/j.apcata.2017.02.005,True,True,499.93668481701906,,,,,,464.100905562741,,,,,,,,,
6a7d9fab7bffe6ebe23a3faa,,,500.0,5.0,,,,,,,0.045,,0.1,0.0,10,25.0,200,,6a7d9f9a7bffe6ebe23a3f21,10.1016/j.apcata.2017.02.005,True,False,200.0,,,,,,,486.2291840924645,7.83030489682784,501.4601114481202,,,,,,
6a7d9fab7bffe6ebe23a3faa,,,500.0,5.0,,,,,,,0.045,,0.1,0.0,10,25.0,200,,6a7d9f9a7bffe6ebe23a3f21,10.1016/j.apcata.2017.02.005,True,False,250.0,,,,,,,420.74366968291383,69.8644902987373,489.5676095083586,,,,,,
6a7d9fab7bffe6ebe23a3faa,,,500.0,5.0,,,,,,,0.045,,0.1,0.0,10,25.0,200,,6a7d9f9a7bffe6ebe23a3f21,10.1016/j.apcata.2017.02.005,True,False,300.0,,,,,,,292.05383621017415,192.93193717277487,483.3603724342245,,,,,,
6a7d9fab7bffe6ebe23a3faa,,,500.0,5.0,,,,,,,0.045,,0.1,0.0,10,25.0,200,,6a7d9f9a7bffe6ebe23a3f21,10.1016/j.apcata.2017.02.005,True,False,350.0,,,,,,,312.37928674625505,183.77733292269787,497.00924031882624,,,,,,
6a7d9fab7bffe6ebe23a3faa,,,500.0,5.0,,,,,,,0.045,,0.1,0.0,10,25.0,200,,6a7d9f9a7bffe6ebe23a3f21,10.1016/j.apcata.2017.02.005,True,False,400.0,,,,,,,374.465820089727,125.16938712657837,503.27996049940043,,,,,,
6a7d9fab7bffe6ebe23a3faa,,,500.0,5.0,,,,,,,0.045,,0.1,0.0,10,25.0,200,,6a7d9f9a7bffe6ebe23a3f21,10.1016/j.apcata.2017.02.005,True,False,450.0,,,,,,,427.39715610980153,73.7141977209732,509.39549975312127,,,,,,
6a7d9fab7bffe6ebe23a3faa,,,500.0,5.0,,,,,,,0.045,,0.1,0.0,10,25.0,200,,6a7d9f9a7bffe6ebe23a3f21,10.1016/j.apcata.2017.02.005,True,False,500.0,,,,,,,464.8163637746179,45.334154604250074,509.72702264230793,,,,,,
6a7d9fab7bffe6ebe23a3faa,,,500.0,5.0,,,,,,,0.045,,0.1,0.0,10,25.0,200,,6a7d9f9a7bffe6ebe23a3f21,10.1016/j.apcata.2017.02.005,True,False,550.0,,,,,,,475.8953691734469,24.684323991376655,509.3461240036679,,,,,,
6a7d9fab7bffe6ebe23a3faa,,,500.0,5.0,,,,,,,0.045,,0.1,0.0,10,25.0,200,,6a7d9f9a7bffe6ebe23a3f21,10.1016/j.apcata.2017.02.005,True,False,600.0,,,,,,,484.7464071173295,13.435478903603325,508.8100444381745,,,,,,
6a7d9fab7bffe6ebe23a3fab,,0.0,500.0,5.0,,,Degussa,Printex-U,,0.02,0.08,1:4,0.1,0.3,10,25.0,500,,6a7d9f9a7bffe6ebe23a3f22,10.1016/j.apcatb.2009.07.015,True,True,332.81698646032527,,1.9379057658931735,,,,,,,,,,,,,
6a7d9fab7bffe6ebe23a3fab,,0.0,500.0,5.0,,,Degussa,Printex-U,,0.02,0.08,1:4,0.1,0.3,10,25.0,500,,6a7d9f9a7bffe6ebe23a3f22,10.1016/j.apcatb.2009.07.015,True,True,366.14104469217517,,3.071029118724695,,,,,,,,,,,,,
6a7d9fab7bffe6ebe23a3fab,,0.0,500.0,5.0,,,Degussa,Printex-U,,0.02,0.08,1:4,0.1,0.3,10,25.0,500,,6a7d9f9a7bffe6ebe23a3f22,10.1016/j.apcatb.2009.07.015,True,True,401.05173730544493,,5.579481905251663,,,,,,,,,,,,,
6a7d9fab7bffe6ebe23a3fab,,0.0,500.0,5.0,,,Degussa,Printex-U,,0.02,0.08,1:4,0.1,0.3,10,25.0,500,,6a7d9f9a7bffe6ebe23a3f22,10.1016/j.apcatb.2009.07.015,True,True,432.56655872027284,,10.20762357781062,,,,,,,,,,,,,
6a7d9fab7bffe6ebe23a3fab,,0.0,500.0,5.0,,,Degussa,Printex-U,,0.02,0.08,1:4,0.1,0.3,10,25.0,500,,6a7d9f9a7bffe6ebe23a3f22,10.1016/j.apcatb.2009.07.015,True,True,457.9550769340067,,16.524265603908216,,,,,,,,,,,,,
6a7d9fab7bffe6ebe23a3fab,,0.0,500.0,5.0,,,Degussa,Printex-U,,0.02,0.08,1:4,0.1,0.3,10,25.0,500,,6a7d9f9a7bffe6ebe23a3f22,10.1016/j.apcatb.2009.07.015,True,True,480.16795827388387,,25.119496046795646,,,,,,,,,,,,,
6a7d9fab7bffe6ebe23a3fab,,0.0,500.0,5.0,,,Degussa,Printex-U,,0.02,0.08,1:4,0.1,0.3,10,25.0,500,,6a7d9f9a7bffe6ebe23a3f22,10.1016/j.apcatb.2009.07.015,True,True,497.4504324762745,,35.3569454264961,,,,,,,,,,,,,
6a7d9fab7bffe6ebe23a3fab,,0.0,500.0,5.0,,,Degussa,Printex-U,,0.02,0.08,1:4,0.1,0.3,10,25.0,500,,6a7d9f9a7bffe6ebe23a3f22,10.1016/j.apcatb.2009.07.015,True,True,512.5850299862058,,46.498425146236414,,,,,,,,,,,,,
6a7d9fab7bffe6ebe23a3fab,,0.0,500.0,5.0,,,Degussa,Printex-U,,0.02,0.08,1:4,0.1,0.3,10,25.0,500,,6a7d9f9a7bffe6ebe23a3f22,10.1016/j.apcatb.2009.07.015,True,True,530.1564137326758,,58.54470656296201,,,,,,,,,,,,,
6a7d9fab7bffe6ebe23a3fab,,0.0,500.0,5.0,,,Degussa,Printex-U,,0.02,0.08,1:4,0.1,0.3,10,25.0,500,,6a7d9f9a7bffe6ebe23a3f22,10.1016/j.apcatb.2009.07.015,True,True,547.9054058054242,,69.73401041331876,,,,,,,,,,,,,
6a7d9fab7bffe6ebe23a3fab,,0.0,500.0,5.0,,,Degussa,Printex-U,,0.02,0.08,1:4,0.1,0.3,10,25.0,500,,6a7d9f9a7bffe6ebe23a3f22,10.1016/j.apcatb.2009.07.015,True,True,563.1110466458667,,77.01716269203574,,,,,,,,,,,,,
6a7d9fab7bffe6ebe23a3fab,,0.0,500.0,5.0,,,Degussa,Printex-U,,0.02,0.08,1:4,0.1,0.3,10,25.0,500,,6a7d9f9a7bffe6ebe23a3f22,10.1016/j.apcatb.2009.07.015,True,True,582.6408582034326,,84.76544320884489,,,,,,,,,,,,,
6a7d9fab7bffe6ebe23a3fab,,0.0,500.0,5.0,,,Degussa,Printex-U,,0.02,0.08,1:4,0.1,0.3,10,25.0,500,,6a7d9f9a7bffe6ebe23a3f22,10.1016/j.apcatb.2009.07.015,True,True,602.9379377305208,,91.23249983930063,,,,,,,,,,,,,
6a7d9fab7bffe6ebe23a3fab,,0.0,500.0,5.0,,,Degussa,Printex-U,,0.02,0.08,1:4,0.1,0.3,10,25.0,500,,6a7d9f9a7bffe6ebe23a3f22,10.1016/j.apcatb.2009.07.015,True,True,625.5273487221081,,96.50626727518159,,,,,,,,,,,,,
6a7d9fab7bffe6ebe23a3fab,,0.0,500.0,5.0,,,Degussa,Printex-U,,0.02,0.08,1:4,0.1,0.3,10,25.0,500,,6a7d9f9a7bffe6ebe23a3f22,10.1016/j.apcatb.2009.07.015,True,True,647.932047054366,,98.87124766985923,,,,,,,,,,,,,
6a7d9fab7bffe6ebe23a3fab,,0.0,500.0,5.0,,,Degussa,Printex-U,,0.02,0.08,1:4,0.1,0.3,10,25.0,500,,6a7d9f9a7bffe6ebe23a3f22,10.1016/j.apcatb.2009.07.015,True,True,657.9041625471402,,99.20678794111976,,,,,,,,,,,,,
6a7d9fab7bffe6ebe23a3fac,,,500.0,5.0,,,,,,0.0,0.08,,,0.3,10,25.0,500,,6a7d9f9a7bffe6ebe23a3f22,10.1016/j.apcatb.2009.07.015,True,False,276.1573058796322,,,,0.8797365705017889,,,,,,,,,,,
6a7d9fab7bffe6ebe23a3fac,,,500.0,5.0,,,,,,0.0,0.08,,,0.3,10,25.0,500,,6a7d9f9a7bffe6ebe23a3f22,10.1016/j.apcatb.2009.07.015,True,False,298.2699224076747,,,,1.8921708359954648,,,,,,,,,,,
6a7d9fab7bffe6ebe23a3fac,,,500.0,5.0,,,,,,0.0,0.08,,,0.3,10,25.0,500,,6a7d9f9a7bffe6ebe23a3f22,10.1016/j.apcatb.2009.07.015,True,False,320.8825429229898,,,,3.7233990268835635,,,,,,,,,,,
6a7d9fab7bffe6ebe23a3fac,,,500.0,5.0,,,,,,0.0,0.08,,,0.3,10,25.0,500,,6a7d9f9a7bffe6ebe23a3f22,10.1016/j.apcatb.2009.07.015,True,False,344.3348830532939,,,,7.031994888681372,,,,,,,,,,,
6a7d9fab7bffe6ebe23a3fac,,,500.0,5.0,,,,,,0.0,0.08,,,0.3,10,25.0,500,,6a7d9f9a7bffe6ebe23a3f22,10.1016/j.apcatb.2009.07.015,True,False,365.6149570570738,,,,11.340738192362505,,,,,,,,,,,
6a7d9fab7bffe6ebe23a3fac,,,500.0,5.0,,,,,,0.0,0.08,,,0.3,10,25.0,500,,6a7d9f9a7bffe6ebe23a3f22,10.1016/j.apcatb.2009.07.015,True,False,384.3064936721983,,,,17.38143215216002,,,,,,,,,,,
6a7d9fab7bffe6ebe23a3fac,,,500.0,5.0,,,,,,0.0,0.08,,,0.3,10,25.0,500,,6a7d9f9a7bffe6ebe23a3f22,10.1016/j.apcatb.2009.07.015,True,False,400.0051834544135,,,,22.94834619354204,,,,,,,,,,,
6a7d9fab7bffe6ebe23a3fac,,,500.0,5.0,,,,,,0.0,0.08,,,0.3,10,25.0,500,,6a7d9f9a7bffe6ebe23a3f22,10.1016/j.apcatb.2009.07.015,True,False,416.1010055901562,,,,28.82537966284956,,,,,,,,,,,
6a7d9fab7bffe6ebe23a3fac,,,500.0,5.0,,,,,,0.0,0.08,,,0.3,10,25.0,500,,6a7d9f9a7bffe6ebe23a3f22,10.1016/j.apcatb.2009.07.015,True,False,430.993468847439,,,,32.971445421929516,,,,,,,,,,,
6a7d9fab7bffe6ebe23a3fac,,,500.0,5.0,,,,,,0.0,0.08,,,0.3,10,25.0,500,,6a7d9f9a7bffe6ebe23a3f22,10.1016/j.apcatb.2009.07.015,True,False,446.96967280440833,,,,34.587408463164095,,,,,,,,,,,
6a7d9fab7bffe6ebe23a3fac,,,500.0,5.0,,,,,,0.0,0.08,,,0.3,10,25.0,500,,6a7d9f9a7bffe6ebe23a3f22,10.1016/j.apcatb.2009.07.015,True,False,463.65162401614043,,,,32.321718189413666,,,,,,,,,,,
6a7d9fab7bffe6ebe23a3fac,,,500.0,5.0,,,,,,0.0,0.08,,,0.3,10,25.0,500,,6a7d9f9a7bffe6ebe23a3f22,10.1016/j.apcatb.2009.07.015,True,False,477.18522476255794,,,,28.523123802034693,,,,,,,,,,,
6a7d9fab7bffe6ebe23a3fac,,,500.0,5.0,,,,,,0.0,0.08,,,0.3,10,25.0,500,,6a7d9f9a7bffe6ebe23a3f22,10.1016/j.apcatb.2009.07.015,True,False,493.8815301557429,,,,24.549073573499776,,,,,,,,,,,
6a7d9fab7bffe6ebe23a3fac,,,500.0,5.0,,,,,,0.0,0.08,,,0.3,10,25.0,500,,6a7d9f9a7bffe6ebe23a3f22,10.1016/j.apcatb.2009.07.015,True,False,512.1185176915287,,,,20.644321030127287,,,,,,,,,,,
6a7d9fab7bffe6ebe23a3fac,,,500.0,5.0,,,,,,0.0,0.08,,,0.3,10,25.0,500,,6a7d9f9a7bffe6ebe23a3f22,10.1016/j.apcatb.2009.07.015,True,False,527.9272561982152,,,,17.76379810291443,,,,,,,,,,,
6a7d9fab7bffe6ebe23a3fac,,,500.0,5.0,,,,,,0.0,0.08,,,0.3,10,25.0,500,,6a7d9f9a7bffe6ebe23a3f22,10.1016/j.apcatb.2009.07.015,True,False,554.5901482467963,,,,14.346095247456624,,,,,,,,,,,
6a7d9fab7bffe6ebe23a3fac,,,500.0,5.0,,,,,,0.0,0.08,,,0.3,10,25.0,500,,6a7d9f9a7bffe6ebe23a3f22,10.1016/j.apcatb.2009.07.015,True,False,577.1931993078094,,,,11.811077800167094,,,,,,,,,,,
6a7d9fab7bffe6ebe23a3fac,,,500.0,5.0,,,,,,0.0,0.08,,,0.3,10,25.0,500,,6a7d9f9a7bffe6ebe23a3f22,10.1016/j.apcatb.2009.07.015,True,False,609.2317323104651,,,,9.450533248144678,,,,,,,,,,,
6a7d9fab7bffe6ebe23a3fac,,,500.0,5.0,,,,,,0.0,0.08,,,0.3,10,25.0,500,,6a7d9f9a7bffe6ebe23a3f22,10.1016/j.apcatb.2009.07.015,True,False,636.8037225177234,,,,8.045412100063885,,,,,,,,,,,
6a7d9fab7bffe6ebe23a3fac,,,500.0,5.0,,,,,,0.0,0.08,,,0.3,10,25.0,500,,6a7d9f9a7bffe6ebe23a3f22,10.1016/j.apcatb.2009.07.015,True,False,676.949975677637,,,,6.095738929571913,,,,,,,,,,,
6a7d9fab7bffe6ebe23a3fac,,,500.0,5.0,,,,,,0.0,0.08,,,0.3,10,25.0,500,,6a7d9f9a7bffe6ebe23a3f22,10.1016/j.apcatb.2009.07.015,True,False,712.5746616799177,,,,5.211087629625976,,,,,,,,,,,
6a7d9fab7bffe6ebe23a3fac,,,500.0,5.0,,,,,,0.0,0.08,,,0.3,10,25.0,500,,6a7d9f9a7bffe6ebe23a3f22,10.1016/j.apcatb.2009.07.015,True,False,740.2232075215911,,,,4.856244163758774,,,,,,,,,,,
6a7d9fab7bffe6ebe23a3fad,,0.0,500.0,5.0,,,Degussa,Printex-U,,0.02,0.08,1:4,0.1,0.3,10,25.0,500,,6a7d9f9a7bffe6ebe23a3f23,10.1016/j.apcatb.2009.07.015,True,True,325.04721421340236,,2.5619335347431864,,,,,,,,,,,,,
6a7d9fab7bffe6ebe23a3fad,,0.0,500.0,5.0,,,Degussa,Printex-U,,0.02,0.08,1:4,0.1,0.3,10,25.0,500,,6a7d9f9a7bffe6ebe23a3f23,10.1016/j.apcatb.2009.07.015,True,True,358.7335934308601,,3.5338432859805806,,,,,,,,,,,,,
6a7d9fab7bffe6ebe23a3fad,,0.0,500.0,5.0,,,Degussa,Printex-U,,0.02,0.08,1:4,0.1,0.3,10,25.0,500,,6a7d9f9a7bffe6ebe23a3f23,10.1016/j.apcatb.2009.07.015,True,True,390.2815683999266,,5.171434081121033,,,,,,,,,,,,,
6a7d9fab7bffe6ebe23a3fad,,0.0,500.0,5.0,,,Degussa,Printex-U,,0.02,0.08,1:4,0.1,0.3,10,25.0,500,,6a7d9f9a7bffe6ebe23a3f23,10.1016/j.apcatb.2009.07.015,True,True,420.6028618621641,,8.64254033554026,,,,,,,,,,,,,
6a7d9fab7bffe6ebe23a3fad,,0.0,500.0,5.0,,,Degussa,Printex-U,,0.02,0.08,1:4,0.1,0.3,10,25.0,500,,6a7d9f9a7bffe6ebe23a3f23,10.1016/j.apcatb.2009.07.015,True,True,450.30134212691894,,14.211737481519565,,,,,,,,,,,,,
6a7d9fab7bffe6ebe23a3fad,,0.0,500.0,5.0,,,Degussa,Printex-U,,0.02,0.08,1:4,0.1,0.3,10,25.0,500,,6a7d9f9a7bffe6ebe23a3f23,10.1016/j.apcatb.2009.07.015,True,True,470.33082510908105,,20.745902166227406,,,,,,,,,,,,,
6a7d9fab7bffe6ebe23a3fad,,0.0,500.0,5.0,,,Degussa,Printex-U,,0.02,0.08,1:4,0.1,0.3,10,25.0,500,,6a7d9f9a7bffe6ebe23a3f23,10.1016/j.apcatb.2009.07.015,True,True,489.56225467849936,,28.958539564183326,,,,,,,,,,,,,
6a7d9fab7bffe6ebe23a3fad,,0.0,500.0,5.0,,,Degussa,Printex-U,,0.02,0.08,1:4,0.1,0.3,10,25.0,500,,6a7d9f9a7bffe6ebe23a3f23,10.1016/j.apcatb.2009.07.015,True,True,505.07338184014066,,37.716526322555765,,,,,,,,,,,,,
6a7d9fab7bffe6ebe23a3fad,,0.0,500.0,5.0,,,Degussa,Printex-U,,0.02,0.08,1:4,0.1,0.3,10,25.0,500,,6a7d9f9a7bffe6ebe23a3f23,10.1016/j.apcatb.2009.07.015,True,True,518.9789297322259,,48.55100597801632,,,,,,,,,,,,,
6a7d9fab7bffe6ebe23a3fad,,0.0,500.0,5.0,,,Degussa,Printex-U,,0.02,0.08,1:4,0.1,0.3,10,25.0,500,,6a7d9f9a7bffe6ebe23a3f23,10.1016/j.apcatb.2009.07.015,True,True,531.5512311217151,,59.61072186154142,,,,,,,,,,,,,
6a7d9fab7bffe6ebe23a3fad,,0.0,500.0,5.0,,,Degussa,Printex-U,,0.02,0.08,1:4,0.1,0.3,10,25.0,500,,6a7d9f9a7bffe6ebe23a3f23,10.1016/j.apcatb.2009.07.015,True,True,543.313638543375,,68.1635276724304,,,,,,,,,,,,,
6a7d9fab7bffe6ebe23a3fad,,0.0,500.0,5.0,,,Degussa,Printex-U,,0.02,0.08,1:4,0.1,0.3,10,25.0,500,,6a7d9f9a7bffe6ebe23a3f23,10.1016/j.apcatb.2009.07.015,True,True,557.5980841981872,,76.9870797711641,,,,,,,,,,,,,
6a7d9fab7bffe6ebe23a3fad,,0.0,500.0,5.0,,,Degussa,Printex-U,,0.02,0.08,1:4,0.1,0.3,10,25.0,500,,6a7d9f9a7bffe6ebe23a3f23,10.1016/j.apcatb.2009.07.015,True,True,573.2631385759364,,84.78009899080799,,,,,,,,,,,,,
6a7d9fab7bffe6ebe23a3fad,,0.0,500.0,5.0,,,Degussa,Printex-U,,0.02,0.08,1:4,0.1,0.3,10,25.0,500,,6a7d9f9a7bffe6ebe23a3f23,10.1016/j.apcatb.2009.07.015,True,True,591.7604537300708,,90.87536157356817,,,,,,,,,,,,,
6a7d9fab7bffe6ebe23a3fad,,0.0,500.0,5.0,,,Degussa,Printex-U,,0.02,0.08,1:4,0.1,0.3,10,25.0,500,,6a7d9f9a7bffe6ebe23a3f23,10.1016/j.apcatb.2009.07.015,True,True,612.426958575818,,95.31529215144307,,,,,,,,,,,,,
6a7d9fab7bffe6ebe23a3fad,,0.0,500.0,5.0,,,Degussa,Printex-U,,0.02,0.08,1:4,0.1,0.3,10,25.0,500,,6a7d9f9a7bffe6ebe23a3f23,10.1016/j.apcatb.2009.07.015,True,True,640.4227670193179,,97.65018962524908,,,,,,,,,,,,,
6a7d9fab7bffe6ebe23a3fad,,0.0,500.0,5.0,,,Degussa,Printex-U,,0.02,0.08,1:4,0.1,0.3,10,25.0,500,,6a7d9f9a7bffe6ebe23a3f23,10.1016/j.apcatb.2009.07.015,True,True,671.4876473409073,,98.19013948704763,,,,,,,,,,,,,
6a7d9fab7bffe6ebe23a3fad,,0.0,500.0,5.0,,,Degussa,Printex-U,,0.02,0.08,1:4,0.1,0.3,10,25.0,500,,6a7d9f9a7bffe6ebe23a3f23,10.1016/j.apcatb.2009.07.015,True,True,696.3196594656357,,98.75245870026355,,,,,,,,,,,,,
6a7d9fab7bffe6ebe23a3fae,,,500.0,5.0,,,,,,0.0,0.08,,0.08,0.3,10,25.0,500,,6a7d9f9a7bffe6ebe23a3f23,10.1016/j.apcatb.2009.07.015,True,False,250.53128409468243,,,,0.5637484394506865,,,,,,,,,,,
6a7d9fab7bffe6ebe23a3fae,,,500.0,5.0,,,,,,0.0,0.08,,0.08,0.3,10,25.0,500,,6a7d9f9a7bffe6ebe23a3f23,10.1016/j.apcatb.2009.07.015,True,False,285.3446231203454,,,,0.7279962546816479,,,,,,,,,,,
6a7d9fab7bffe6ebe23a3fae,,,500.0,5.0,,,,,,0.0,0.08,,0.08,0.3,10,25.0,500,,6a7d9f9a7bffe6ebe23a3f23,10.1016/j.apcatb.2009.07.015,True,False,318.0043641193492,,,,2.6802434456928834,,,,,,,,,,,
6a7d9fab7bffe6ebe23a3fae,,,500.0,5.0,,,,,,0.0,0.08,,0.08,0.3,10,25.0,500,,6a7d9f9a7bffe6ebe23a3f23,10.1016/j.apcatb.2009.07.015,True,False,365.10127603054883,,,,8.716058052434455,,,,,,,,,,,
6a7d9fab7bffe6ebe23a3fae,,,500.0,5.0,,,,,,0.0,0.08,,0.08,0.3,10,25.0,500,,6a7d9f9a7bffe6ebe23a3f23,10.1016/j.apcatb.2009.07.015,True,False,392.3390730989991,,,,15.720193508114859,,,,,,,,,,,
6a7d9fab7bffe6ebe23a3fae,,,500.0,5.0,,,,,,0.0,0.08,,0.08,0.3,10,25.0,500,,6a7d9f9a7bffe6ebe23a3f23,10.1016/j.apcatb.2009.07.015,True,False,417.7505810919786,,,,22.06967852684145,,,,,,,,,,,
6a7d9fab7bffe6ebe23a3fae,,,500.0,5.0,,,,,,0.0,0.08,,0.08,0.3,10,25.0,500,,6a7d9f9a7bffe6ebe23a3f23,10.1016/j.apcatb.2009.07.015,True,False,446.2572932972819,,,,25.77247191011236,,,,,,,,,,,
6a7d9fab7bffe6ebe23a3fae,,,500.0,5.0,,,,,,0.0,0.08,,0.08,0.3,10,25.0,500,,6a7d9f9a7bffe6ebe23a3f23,10.1016/j.apcatb.2009.07.015,True,False,468.6305203737963,,,,24.08005617977528,,,,,,,,,,,
6a7d9fab7bffe6ebe23a3fae,,,500.0,5.0,,,,,,0.0,0.08,,0.08,0.3,10,25.0,500,,6a7d9f9a7bffe6ebe23a3f23,10.1016/j.apcatb.2009.07.015,True,False,496.7838337839761,,,,18.987203495630464,,,,,,,,,,,
6a7d9fab7bffe6ebe23a3fae,,,500.0,5.0,,,,,,0.0,0.08,,0.08,0.3,10,25.0,500,,6a7d9f9a7bffe6ebe23a3f23,10.1016/j.apcatb.2009.07.015,True,False,526.066125895356,,,,14.403089887640446,,,,,,,,,,,
6a7d9fab7bffe6ebe23a3fae,,,500.0,5.0,,,,,,0.0,0.08,,0.08,0.3,10,25.0,500,,6a7d9f9a7bffe6ebe23a3f23,10.1016/j.apcatb.2009.07.015,True,False,558.2301598595891,,,,11.01747815230961,,,,,,,,,,,
6a7d9fab7bffe6ebe23a3fae,,,500.0,5.0,,,,,,0.0,0.08,,0.08,0.3,10,25.0,500,,6a7d9f9a7bffe6ebe23a3f23,10.1016/j.apcatb.2009.07.015,True,False,590.5365020634695,,,,8.624765917602994,,,,,,,,,,,
6a7d9fab7bffe6ebe23a3fae,,,500.0,5.0,,,,,,0.0,0.08,,0.08,0.3,10,25.0,500,,6a7d9f9a7bffe6ebe23a3f23,10.1016/j.apcatb.2009.07.015,True,False,642.7399079740051,,,,6.200842696629213,,,,,,,,,,,
6a7d9fab7bffe6ebe23a3fae,,,500.0,5.0,,,,,,0.0,0.08,,0.08,0.3,10,25.0,500,,6a7d9f9a7bffe6ebe23a3f23,10.1016/j.apcatb.2009.07.015,True,False,697.1988994829467,,,,4.758895131086142,,,,,,,,,,,
6a7d9fab7bffe6ebe23a3fae,,,500.0,5.0,,,,,,0.0,0.08,,0.08,0.3,10,25.0,500,,6a7d9f9a7bffe6ebe23a3f23,10.1016/j.apcatb.2009.07.015,True,False,743.0434988852521,,,,3.8849875156054923,,,,,,,,,,,
6a7d9fab7bffe6ebe23a3faf,,0.0,500.0,5.0,,,Degussa,Printex-U,,0.02,0.08,1:4,0.1,0.3,10,25.0,500,,6a7d9f9a7bffe6ebe23a3f24,10.1016/j.apcatb.2009.07.015,True,True,336.3502080977556,,2.209423410683282,,,,,,,,,,,,,
6a7d9fab7bffe6ebe23a3faf,,0.0,500.0,5.0,,,Degussa,Printex-U,,0.02,0.08,1:4,0.1,0.3,10,25.0,500,,6a7d9f9a7bffe6ebe23a3f24,10.1016/j.apcatb.2009.07.015,True,True,375.63006553747243,,2.6807225043388883,,,,,,,,,,,,,
6a7d9fab7bffe6ebe23a3faf,,0.0,500.0,5.0,,,Degussa,Printex-U,,0.02,0.08,1:4,0.1,0.3,10,25.0,500,,6a7d9f9a7bffe6ebe23a3f24,10.1016/j.apcatb.2009.07.015,True,True,409.1388364286518,,3.8994664781127284,,,,,,,,,,,,,
6a7d9fab7bffe6ebe23a3faf,,0.0,500.0,5.0,,,Degussa,Printex-U,,0.02,0.08,1:4,0.1,0.3,10,25.0,500,,6a7d9f9a7bffe6ebe23a3f24,10.1016/j.apcatb.2009.07.015,True,True,442.7849577588197,,5.546313556598301,,,,,,,,,,,,,
6a7d9fab7bffe6ebe23a3faf,,0.0,500.0,5.0,,,Degussa,Printex-U,,0.02,0.08,1:4,0.1,0.3,10,25.0,500,,6a7d9f9a7bffe6ebe23a3f24,10.1016/j.apcatb.2009.07.015,True,True,485.1054697444216,,10.1513145207945,,,,,,,,,,,,,
6a7d9fab7bffe6ebe23a3faf,,0.0,500.0,5.0,,,Degussa,Printex-U,,0.02,0.08,1:4,0.1,0.3,10,25.0,500,,6a7d9f9a7bffe6ebe23a3f24,10.1016/j.apcatb.2009.07.015,True,True,516.0685212922782,,15.745195089027444,,,,,,,,,,,,,
6a7d9fab7bffe6ebe23a3faf,,0.0,500.0,5.0,,,Degussa,Printex-U,,0.02,0.08,1:4,0.1,0.3,10,25.0,500,,6a7d9f9a7bffe6ebe23a3f24,10.1016/j.apcatb.2009.07.015,True,True,536.7350261380253,,22.129716526322557,,,,,,,,,,,,,
6a7d9fab7bffe6ebe23a3faf,,0.0,500.0,5.0,,,Degussa,Printex-U,,0.02,0.08,1:4,0.1,0.3,10,25.0,500,,6a7d9f9a7bffe6ebe23a3f24,10.1016/j.apcatb.2009.07.015,True,True,559.7317522245443,,32.39107797133123,,,,,,,,,,,,,
6a7d9fab7bffe6ebe23a3faf,,0.0,500.0,5.0,,,Degussa,Printex-U,,0.02,0.08,1:4,0.1,0.3,10,25.0,500,,6a7d9f9a7bffe6ebe23a3f24,10.1016/j.apcatb.2009.07.015,True,True,577.2581418616904,,43.119110368322936,,,,,,,,,,,,,
6a7d9fab7bffe6ebe23a3faf,,0.0,500.0,5.0,,,Degussa,Printex-U,,0.02,0.08,1:4,0.1,0.3,10,25.0,500,,6a7d9f9a7bffe6ebe23a3f24,10.1016/j.apcatb.2009.07.015,True,True,593.311566446235,,54.59767307321463,,,,,,,,,,,,,
6a7d9fab7bffe6ebe23a3faf,,0.0,500.0,5.0,,,Degussa,Printex-U,,0.02,0.08,1:4,0.1,0.3,10,25.0,500,,6a7d9f9a7bffe6ebe23a3f24,10.1016/j.apcatb.2009.07.015,True,True,608.7445459443138,,65.97210259047374,,,,,,,,,,,,,
6a7d9fab7bffe6ebe23a3faf,,0.0,500.0,5.0,,,Degussa,Printex-U,,0.02,0.08,1:4,0.1,0.3,10,25.0,500,,6a7d9f9a7bffe6ebe23a3f24,10.1016/j.apcatb.2009.07.015,True,True,621.1179260083713,,75.48370508452786,,,,,,,,,,,,,
6a7d9fab7bffe6ebe23a3faf,,0.0,500.0,5.0,,,Degussa,Printex-U,,0.02,0.08,1:4,0.1,0.3,10,25.0,500,,6a7d9f9a7bffe6ebe23a3f24,10.1016/j.apcatb.2009.07.015,True,True,638.407504543813,,86.0759786591245,,,,,,,,,,,,,
6a7d9fab7bffe6ebe23a3faf,,0.0,500.0,5.0,,,Degussa,Printex-U,,0.02,0.08,1:4,0.1,0.3,10,25.0,500,,6a7d9f9a7bffe6ebe23a3f24,10.1016/j.apcatb.2009.07.015,True,True,654.0157242571531,,93.42083949347561,,,,,,,,,,,,,
6a7d9fab7bffe6ebe23a3faf,,0.0,500.0,5.0,,,Degussa,Printex-U,,0.02,0.08,1:4,0.1,0.3,10,25.0,500,,6a7d9f9a7bffe6ebe23a3f24,10.1016/j.apcatb.2009.07.015,True,True,675.5252766249682,,98.40997621649419,,,,,,,,,,,,,
6a7d9fab7bffe6ebe23a3faf,,0.0,500.0,5.0,,,Degussa,Printex-U,,0.02,0.08,1:4,0.1,0.3,10,25.0,500,,6a7d9f9a7bffe6ebe23a3f24,10.1016/j.apcatb.2009.07.015,True,True,699.9712866539184,,99.28623770649868,,,,,,,,,,,,,
6a7d9fab7bffe6ebe23a3fb0,,,500.0,5.0,,,,,,0.0,0.08,,,0.3,10,25.0,500,,6a7d9f9a7bffe6ebe23a3f24,10.1016/j.apcatb.2009.07.015,True,False,251.21910725297664,,,,0.7279962546816479,,,,,,,,,,,
6a7d9fab7bffe6ebe23a3fb0,,,500.0,5.0,,,,,,0.0,0.08,,,0.3,10,25.0,500,,6a7d9f9a7bffe6ebe23a3f24,10.1016/j.apcatb.2009.07.015,True,False,286.16526730231016,,,,0.5099094881398252,,,,,,,,,,,
6a7d9fab7bffe6ebe23a3fb0,,,500.0,5.0,,,,,,0.0,0.08,,,0.3,10,25.0,500,,6a7d9f9a7bffe6ebe23a3f24,10.1016/j.apcatb.2009.07.015,True,False,327.9303638347327,,,,2.5062421972534326,,,,,,,,,,,
6a7d9fab7bffe6ebe23a3fb0,,,500.0,5.0,,,,,,0.0,0.08,,,0.3,10,25.0,500,,6a7d9f9a7bffe6ebe23a3f24,10.1016/j.apcatb.2009.07.015,True,False,361.1285043404013,,,,6.911282771535579,,,,,,,,,,,
6a7d9fab7bffe6ebe23a3fb0,,,500.0,5.0,,,,,,0.0,0.08,,,0.3,10,25.0,500,,6a7d9f9a7bffe6ebe23a3f24,10.1016/j.apcatb.2009.07.015,True,False,391.070157962146,,,,11.800093632958799,,,,,,,,,,,
6a7d9fab7bffe6ebe23a3fb0,,,500.0,5.0,,,,,,0.0,0.08,,,0.3,10,25.0,500,,6a7d9f9a7bffe6ebe23a3f24,10.1016/j.apcatb.2009.07.015,True,False,419.14045823253167,,,,16.751326466916357,,,,,,,,,,,
6a7d9fab7bffe6ebe23a3fb0,,,500.0,5.0,,,,,,0.0,0.08,,,0.3,10,25.0,500,,6a7d9f9a7bffe6ebe23a3f24,10.1016/j.apcatb.2009.07.015,True,False,445.6074190028936,,,,20.75335518102372,,,,,,,,,,,
6a7d9fab7bffe6ebe23a3fb0,,,500.0,5.0,,,,,,0.0,0.08,,,0.3,10,25.0,500,,6a7d9f9a7bffe6ebe23a3f24,10.1016/j.apcatb.2009.07.015,True,False,469.1499454485081,,,,22.493367665418226,,,,,,,,,,,
6a7d9fab7bffe6ebe23a3fb0,,,500.0,5.0,,,,,,0.0,0.08,,,0.3,10,25.0,500,,6a7d9f9a7bffe6ebe23a3f24,10.1016/j.apcatb.2009.07.015,True,False,497.1538352070585,,,,21.613217852684144,,,,,,,,,,,
6a7d9fab7bffe6ebe23a3fb0,,,500.0,5.0,,,,,,0.0,0.08,,,0.3,10,25.0,500,,6a7d9f9a7bffe6ebe23a3f24,10.1016/j.apcatb.2009.07.015,True,False,522.9329728191262,,,,19.03480024968789,,,,,,,,,,,
6a7d9fab7bffe6ebe23a3fb0,,,500.0,5.0,,,,,,0.0,0.08,,,0.3,10,25.0,500,,6a7d9f9a7bffe6ebe23a3f24,10.1016/j.apcatb.2009.07.015,True,False,555.9295099852948,,,,13.800717852684143,,,,,,,,,,,
6a7d9fab7bffe6ebe23a3fb0,,,500.0,5.0,,,,,,0.0,0.08,,,0.3,10,25.0,500,,6a7d9f9a7bffe6ebe23a3f24,10.1016/j.apcatb.2009.07.015,True,False,589.8202172572458,,,,10.68781210986267,,,,,,,,,,,
6a7d9fab7bffe6ebe23a3fb0,,,500.0,5.0,,,,,,0.0,0.08,,,0.3,10,25.0,500,,6a7d9f9a7bffe6ebe23a3f24,10.1016/j.apcatb.2009.07.015,True,False,649.0323039703999,,,,6.779026217228464,,,,,,,,,,,
6a7d9fab7bffe6ebe23a3fb0,,,500.0,5.0,,,,,,0.0,0.08,,,0.3,10,25.0,500,,6a7d9f9a7bffe6ebe23a3f24,10.1016/j.apcatb.2009.07.015,True,False,705.8986765333713,,,,4.4116729088639195,,,,,,,,,,,
6a7d9fab7bffe6ebe23a3fb0,,,500.0,5.0,,,,,,0.0,0.08,,,0.3,10,25.0,500,,6a7d9f9a7bffe6ebe23a3f24,10.1016/j.apcatb.2009.07.015,True,False,748.3990323039704,,,,3.082475031210986,,,,,,,,,,,
6a7d9fab7bffe6ebe23a3fb1,,0.0,500.0,5.0,,,Degussa,Printex-U,,0.02,0.08,1:4,0.1,0.3,10,25.0,500,,6a7d9f9a7bffe6ebe23a3f25,10.1016/j.apcatb.2009.07.015,True,True,361.9352795259042,,1.097898052323707,,,,,,,,,,,,,
6a7d9fab7bffe6ebe23a3fb1,,0.0,500.0,5.0,,,Degussa,Printex-U,,0.02,0.08,1:4,0.1,0.3,10,25.0,500,,6a7d9f9a7bffe6ebe23a3f25,10.1016/j.apcatb.2009.07.015,True,True,398.6788900663663,,1.900109275567253,,,,,,,,,,,,,
6a7d9fab7bffe6ebe23a3fb1,,0.0,500.0,5.0,,,Degussa,Printex-U,,0.02,0.08,1:4,0.1,0.3,10,25.0,500,,6a7d9f9a7bffe6ebe23a3f25,10.1016/j.apcatb.2009.07.015,True,True,434.20292343305056,,3.189046731374944,,,,,,,,,,,,,
6a7d9fab7bffe6ebe23a3fb1,,0.0,500.0,5.0,,,Degussa,Printex-U,,0.02,0.08,1:4,0.1,0.3,10,25.0,500,,6a7d9f9a7bffe6ebe23a3f25,10.1016/j.apcatb.2009.07.015,True,True,477.2409730568169,,6.2906730089348795,,,,,,,,,,,,,
6a7d9fab7bffe6ebe23a3fb1,,0.0,500.0,5.0,,,Degussa,Printex-U,,0.02,0.08,1:4,0.1,0.3,10,25.0,500,,6a7d9f9a7bffe6ebe23a3f25,10.1016/j.apcatb.2009.07.015,True,True,512.4760968794217,,10.285530629298705,,,,,,,,,,,,,
6a7d9fab7bffe6ebe23a3fb1,,0.0,500.0,5.0,,,Degussa,Printex-U,,0.02,0.08,1:4,0.1,0.3,10,25.0,500,,6a7d9f9a7bffe6ebe23a3f25,10.1016/j.apcatb.2009.07.015,True,True,539.3849423660981,,17.301022047952685,,,,,,,,,,,,,
6a7d9fab7bffe6ebe23a3fb1,,0.0,500.0,5.0,,,Degussa,Printex-U,,0.02,0.08,1:4,0.1,0.3,10,25.0,500,,6a7d9f9a7bffe6ebe23a3f25,10.1016/j.apcatb.2009.07.015,True,True,562.1353849068445,,26.766343125281217,,,,,,,,,,,,,
6a7d9fab7bffe6ebe23a3fb1,,0.0,500.0,5.0,,,Degussa,Printex-U,,0.02,0.08,1:4,0.1,0.3,10,25.0,500,,6a7d9f9a7bffe6ebe23a3f25,10.1016/j.apcatb.2009.07.015,True,True,579.9412116440019,,37.506717233399755,,,,,,,,,,,,,
6a7d9fab7bffe6ebe23a3fb1,,0.0,500.0,5.0,,,Degussa,Printex-U,,0.02,0.08,1:4,0.1,0.3,10,25.0,500,,6a7d9f9a7bffe6ebe23a3f25,10.1016/j.apcatb.2009.07.015,True,True,594.5619290632345,,49.12489554541363,,,,,,,,,,,,,
6a7d9fab7bffe6ebe23a3fb1,,0.0,500.0,5.0,,,Degussa,Printex-U,,0.02,0.08,1:4,0.1,0.3,10,25.0,500,,6a7d9f9a7bffe6ebe23a3f25,10.1016/j.apcatb.2009.07.015,True,True,606.6866574705023,,60.17612650253905,,,,,,,,,,,,,
6a7d9fab7bffe6ebe23a3fb1,,0.0,500.0,5.0,,,Degussa,Printex-U,,0.02,0.08,1:4,0.1,0.3,10,25.0,500,,6a7d9f9a7bffe6ebe23a3f25,10.1016/j.apcatb.2009.07.015,True,True,618.4230156709747,,71.10162627755994,,,,,,,,,,,,,
6a7d9fab7bffe6ebe23a3fb1,,0.0,500.0,5.0,,,Degussa,Printex-U,,0.02,0.08,1:4,0.1,0.3,10,25.0,500,,6a7d9f9a7bffe6ebe23a3f25,10.1016/j.apcatb.2009.07.015,True,True,630.1451652053448,,81.25268367937262,,,,,,,,,,,,,
6a7d9fab7bffe6ebe23a3fb1,,0.0,500.0,5.0,,,Degussa,Printex-U,,0.02,0.08,1:4,0.1,0.3,10,25.0,500,,6a7d9f9a7bffe6ebe23a3f25,10.1016/j.apcatb.2009.07.015,True,True,644.1714867592992,,89.39204216751301,,,,,,,,,,,,,
6a7d9fab7bffe6ebe23a3fb1,,0.0,500.0,5.0,,,Degussa,Printex-U,,0.02,0.08,1:4,0.1,0.3,10,25.0,500,,6a7d9f9a7bffe6ebe23a3f25,10.1016/j.apcatb.2009.07.015,True,True,662.0246757167977,,96.38979237642219,,,,,,,,,,,,,
6a7d9fab7bffe6ebe23a3fb1,,0.0,500.0,5.0,,,Degussa,Printex-U,,0.02,0.08,1:4,0.1,0.3,10,25.0,500,,6a7d9f9a7bffe6ebe23a3f25,10.1016/j.apcatb.2009.07.015,True,True,683.6810509676693,,99.65957446808511,,,,,,,,,,,,,
6a7d9fab7bffe6ebe23a3fb1,,0.0,500.0,5.0,,,Degussa,Printex-U,,0.02,0.08,1:4,0.1,0.3,10,25.0,500,,6a7d9f9a7bffe6ebe23a3f25,10.1016/j.apcatb.2009.07.015,True,True,706.7298754965633,,99.5839814874333,,,,,,,,,,,,,
6a7d9fab7bffe6ebe23a3fb2,,,500.0,5.0,,,,,,0.0,0.08,,,0.3,10,25.0,500,,6a7d9f9a7bffe6ebe23a3f25,10.1016/j.apcatb.2009.07.015,True,False,303.11685101157104,,,,0.3297783457020563,,,,,,,,,,,
6a7d9fab7bffe6ebe23a3fb2,,,500.0,5.0,,,,,,0.0,0.08,,,0.3,10,25.0,500,,6a7d9f9a7bffe6ebe23a3f25,10.1016/j.apcatb.2009.07.015,True,False,343.97363615339833,,,,2.821054700938697,,,,,,,,,,,
6a7d9fab7bffe6ebe23a3fb2,,,500.0,5.0,,,,,,0.0,0.08,,,0.3,10,25.0,500,,6a7d9f9a7bffe6ebe23a3f25,10.1016/j.apcatb.2009.07.015,True,False,377.85907383631445,,,,7.299847643387226,,,,,,,,,,,
6a7d9fab7bffe6ebe23a3fb2,,,500.0,5.0,,,,,,0.0,0.08,,,0.3,10,25.0,500,,6a7d9f9a7bffe6ebe23a3f25,10.1016/j.apcatb.2009.07.015,True,False,407.9550076156907,,,,11.58401729984763,,,,,,,,,,,
6a7d9fab7bffe6ebe23a3fb2,,,500.0,5.0,,,,,,0.0,0.08,,,0.3,10,25.0,500,,6a7d9f9a7bffe6ebe23a3f25,10.1016/j.apcatb.2009.07.015,True,False,432.1035255464557,,,,15.095591487688594,,,,,,,,,,,
6a7d9fab7bffe6ebe23a3fb2,,,500.0,5.0,,,,,,0.0,0.08,,,0.3,10,25.0,500,,6a7d9f9a7bffe6ebe23a3f25,10.1016/j.apcatb.2009.07.015,True,False,457.0175998213702,,,,18.7177470880228,,,,,,,,,,,
6a7d9fab7bffe6ebe23a3fb2,,,500.0,5.0,,,,,,0.0,0.08,,,0.3,10,25.0,500,,6a7d9f9a7bffe6ebe23a3f25,10.1016/j.apcatb.2009.07.015,True,False,480.22352650340116,,,,20.84877377500368,,,,,,,,,,,
6a7d9fab7bffe6ebe23a3fb2,,,500.0,5.0,,,,,,0.0,0.08,,,0.3,10,25.0,500,,6a7d9f9a7bffe6ebe23a3f25,10.1016/j.apcatb.2009.07.015,True,False,508.74528505012006,,,,20.774069887452693,,,,,,,,,,,
6a7d9fab7bffe6ebe23a3fb2,,,500.0,5.0,,,,,,0.0,0.08,,,0.3,10,25.0,500,,6a7d9f9a7bffe6ebe23a3f25,10.1016/j.apcatb.2009.07.015,True,False,539.8603657126453,,,,17.88076866368506,,,,,,,,,,,
6a7d9fab7bffe6ebe23a3fb2,,,500.0,5.0,,,,,,0.0,0.08,,,0.3,10,25.0,500,,6a7d9f9a7bffe6ebe23a3f25,10.1016/j.apcatb.2009.07.015,True,False,567.8127417284029,,,,15.125571337297876,,,,,,,,,,,
6a7d9fab7bffe6ebe23a3fb2,,,500.0,5.0,,,,,,0.0,0.08,,,0.3,10,25.0,500,,6a7d9f9a7bffe6ebe23a3f25,10.1016/j.apcatb.2009.07.015,True,False,598.2842765891276,,,,11.636113431955561,,,,,,,,,,,
6a7d9fab7bffe6ebe23a3fb2,,,500.0,5.0,,,,,,0.0,0.08,,,0.3,10,25.0,500,,6a7d9f9a7bffe6ebe23a3f25,10.1016/j.apcatb.2009.07.015,True,False,633.9113549549836,,,,8.419423010763248,,,,,,,,,,,
6a7d9fab7bffe6ebe23a3fb2,,,500.0,5.0,,,,,,0.0,0.08,,,0.3,10,25.0,500,,6a7d9f9a7bffe6ebe23a3f25,10.1016/j.apcatb.2009.07.015,True,False,664.5503552659909,,,,6.352779279500657,,,,,,,,,,,
6a7d9fab7bffe6ebe23a3fb2,,,500.0,5.0,,,,,,0.0,0.08,,,0.3,10,25.0,500,,6a7d9f9a7bffe6ebe23a3f25,10.1016/j.apcatb.2009.07.015,True,False,705.3234076826768,,,,4.064481250307159,,,,,,,,,,,
6a7d9fab7bffe6ebe23a3fb2,,,500.0,5.0,,,,,,0.0,0.08,,,0.3,10,25.0,500,,6a7d9f9a7bffe6ebe23a3f25,10.1016/j.apcatb.2009.07.015,True,False,736.1394428982687,,,,2.825969430382856,,,,,,,,,,,
6a7d9fab7bffe6ebe23a3fb3,,0.0,500.0,5.0,,,Degussa,Printex-U,,0.02,0.08,1:4,0.1,0.3,10,25.0,500,,6a7d9f9a7bffe6ebe23a3f26,10.1016/j.apcatb.2009.07.015,True,True,365.3027333921415,,1.461207173619595,,,,,,,,,,,,,
6a7d9fab7bffe6ebe23a3fb3,,0.0,500.0,5.0,,,Degussa,Printex-U,,0.02,0.08,1:4,0.1,0.3,10,25.0,500,,6a7d9f9a7bffe6ebe23a3f26,10.1016/j.apcatb.2009.07.015,True,True,405.4327426869772,,1.851513788005402,,,,,,,,,,,,,
6a7d9fab7bffe6ebe23a3fb3,,0.0,500.0,5.0,,,Degussa,Printex-U,,0.02,0.08,1:4,0.1,0.3,10,25.0,500,,6a7d9f9a7bffe6ebe23a3f26,10.1016/j.apcatb.2009.07.015,True,True,449.16464883873755,,3.054830622870721,,,,,,,,,,,,,
6a7d9fab7bffe6ebe23a3fb3,,0.0,500.0,5.0,,,Degussa,Printex-U,,0.02,0.08,1:4,0.1,0.3,10,25.0,500,,6a7d9f9a7bffe6ebe23a3f26,10.1016/j.apcatb.2009.07.015,True,True,498.8144644220921,,6.171884039339195,,,,,,,,,,,,,
6a7d9fab7bffe6ebe23a3fb3,,0.0,500.0,5.0,,,Degussa,Printex-U,,0.02,0.08,1:4,0.1,0.3,10,25.0,500,,6a7d9f9a7bffe6ebe23a3f26,10.1016/j.apcatb.2009.07.015,True,True,536.2685082676676,,11.039917721925816,,,,,,,,,,,,,
6a7d9fab7bffe6ebe23a3fb3,,0.0,500.0,5.0,,,Degussa,Printex-U,,0.02,0.08,1:4,0.1,0.3,10,25.0,500,,6a7d9f9a7bffe6ebe23a3f26,10.1016/j.apcatb.2009.07.015,True,True,564.1719603815027,,18.403291122967143,,,,,,,,,,,,,
6a7d9fab7bffe6ebe23a3fb3,,0.0,500.0,5.0,,,Degussa,Printex-U,,0.02,0.08,1:4,0.1,0.3,10,25.0,500,,6a7d9f9a7bffe6ebe23a3f26,10.1016/j.apcatb.2009.07.015,True,True,583.247094623796,,26.93372758243877,,,,,,,,,,,,,
6a7d9fab7bffe6ebe23a3fb3,,0.0,500.0,5.0,,,Degussa,Printex-U,,0.02,0.08,1:4,0.1,0.3,10,25.0,500,,6a7d9f9a7bffe6ebe23a3f26,10.1016/j.apcatb.2009.07.015,True,True,597.4060303947049,,36.93822716462042,,,,,,,,,,,,,
6a7d9fab7bffe6ebe23a3fb3,,0.0,500.0,5.0,,,Degussa,Printex-U,,0.02,0.08,1:4,0.1,0.3,10,25.0,500,,6a7d9f9a7bffe6ebe23a3f26,10.1016/j.apcatb.2009.07.015,True,True,610.882950192705,,48.816352767243046,,,,,,,,,,,,,
6a7d9fab7bffe6ebe23a3fb3,,0.0,500.0,5.0,,,Degussa,Printex-U,,0.02,0.08,1:4,0.1,0.3,10,25.0,500,,6a7d9f9a7bffe6ebe23a3f26,10.1016/j.apcatb.2009.07.015,True,True,621.6247017660188,,59.54129973645304,,,,,,,,,,,,,
6a7d9fab7bffe6ebe23a3fb3,,0.0,500.0,5.0,,,Degussa,Printex-U,,0.02,0.08,1:4,0.1,0.3,10,25.0,500,,6a7d9f9a7bffe6ebe23a3f26,10.1016/j.apcatb.2009.07.015,True,True,633.0579417563097,,69.92530693578453,,,,,,,,,,,,,
6a7d9fab7bffe6ebe23a3fb3,,0.0,500.0,5.0,,,Degussa,Printex-U,,0.02,0.08,1:4,0.1,0.3,10,25.0,500,,6a7d9f9a7bffe6ebe23a3f26,10.1016/j.apcatb.2009.07.015,True,True,643.0111123609474,,79.03503246127144,,,,,,,,,,,,,
6a7d9fab7bffe6ebe23a3fb3,,0.0,500.0,5.0,,,Degussa,Printex-U,,0.02,0.08,1:4,0.1,0.3,10,25.0,500,,6a7d9f9a7bffe6ebe23a3f26,10.1016/j.apcatb.2009.07.015,True,True,653.5989367181534,,86.69306421546571,,,,,,,,,,,,,
6a7d9fab7bffe6ebe23a3fb3,,0.0,500.0,5.0,,,Degussa,Printex-U,,0.02,0.08,1:4,0.1,0.3,10,25.0,500,,6a7d9f9a7bffe6ebe23a3f26,10.1016/j.apcatb.2009.07.015,True,True,665.7118245703359,,93.04673137494375,,,,,,,,,,,,,
6a7d9fab7bffe6ebe23a3fb3,,0.0,500.0,5.0,,,Degussa,Printex-U,,0.02,0.08,1:4,0.1,0.3,10,25.0,500,,6a7d9f9a7bffe6ebe23a3f26,10.1016/j.apcatb.2009.07.015,True,True,680.465156206523,,97.94561933534743,,,,,,,,,,,,,
6a7d9fab7bffe6ebe23a3fb3,,0.0,500.0,5.0,,,Degussa,Printex-U,,0.02,0.08,1:4,0.1,0.3,10,25.0,500,,6a7d9f9a7bffe6ebe23a3f26,10.1016/j.apcatb.2009.07.015,True,True,699.8505129920491,,99.04326026868934,,,,,,,,,,,,,
6a7d9fab7bffe6ebe23a3fb3,,0.0,500.0,5.0,,,Degussa,Printex-U,,0.02,0.08,1:4,0.1,0.3,10,25.0,500,,6a7d9f9a7bffe6ebe23a3f26,10.1016/j.apcatb.2009.07.015,True,True,720.9314372657791,,98.93295622549334,,,,,,,,,,,,,
6a7d9fab7bffe6ebe23a3fb4,,,500.0,5.0,,,,,,0.0,0.08,,,0.3,10,25.0,500,,6a7d9f9a7bffe6ebe23a3f26,10.1016/j.apcatb.2009.07.015,True,False,319.0236764248519,,,,0.13024033026980744,,,,,,,,,,,
6a7d9fab7bffe6ebe23a3fb4,,,500.0,5.0,,,,,,0.0,0.08,,,0.3,10,25.0,500,,6a7d9f9a7bffe6ebe23a3f26,10.1016/j.apcatb.2009.07.015,True,False,360.52639973205527,,,,0.16415196343441224,,,,,,,,,,,
6a7d9fab7bffe6ebe23a3fb4,,,500.0,5.0,,,,,,0.0,0.08,,,0.3,10,25.0,500,,6a7d9f9a7bffe6ebe23a3f26,10.1016/j.apcatb.2009.07.015,True,False,391.1821465880908,,,,0.969676119329612,,,,,,,,,,,
6a7d9fab7bffe6ebe23a3fb4,,,500.0,5.0,,,,,,0.0,0.08,,,0.3,10,25.0,500,,6a7d9f9a7bffe6ebe23a3f26,10.1016/j.apcatb.2009.07.015,True,False,416.96943356805076,,,,4.092986681083198,,,,,,,,,,,
6a7d9fab7bffe6ebe23a3fb4,,,500.0,5.0,,,,,,0.0,0.08,,,0.3,10,25.0,500,,6a7d9f9a7bffe6ebe23a3f26,10.1016/j.apcatb.2009.07.015,True,False,434.48631966762093,,,,7.352926721383981,,,,,,,,,,,
6a7d9fab7bffe6ebe23a3fb4,,,500.0,5.0,,,,,,0.0,0.08,,,0.3,10,25.0,500,,6a7d9f9a7bffe6ebe23a3f26,10.1016/j.apcatb.2009.07.015,True,False,458.2424899720093,,,,10.042266673219627,,,,,,,,,,,
6a7d9fab7bffe6ebe23a3fb4,,,500.0,5.0,,,,,,0.0,0.08,,,0.3,10,25.0,500,,6a7d9f9a7bffe6ebe23a3f26,10.1016/j.apcatb.2009.07.015,True,False,484.02738458839383,,,,11.085663734211423,,,,,,,,,,,
6a7d9fab7bffe6ebe23a3fb4,,,500.0,5.0,,,,,,0.0,0.08,,,0.3,10,25.0,500,,6a7d9f9a7bffe6ebe23a3f26,10.1016/j.apcatb.2009.07.015,True,False,512.3170838682925,,,,11.789944463557271,,,,,,,,,,,
6a7d9fab7bffe6ebe23a3fb4,,,500.0,5.0,,,,,,0.0,0.08,,,0.3,10,25.0,500,,6a7d9f9a7bffe6ebe23a3f26,10.1016/j.apcatb.2009.07.015,True,False,539.4728028134195,,,,11.416425025802326,,,,,,,,,,,
6a7d9fab7bffe6ebe23a3fb4,,,500.0,5.0,,,,,,0.0,0.08,,,0.3,10,25.0,500,,6a7d9f9a7bffe6ebe23a3f26,10.1016/j.apcatb.2009.07.015,True,False,564.7720476239842,,,,10.440851231139717,,,,,,,,,,,
6a7d9fab7bffe6ebe23a3fb4,,,500.0,5.0,,,,,,0.0,0.08,,,0.3,10,25.0,500,,6a7d9f9a7bffe6ebe23a3f26,10.1016/j.apcatb.2009.07.015,True,False,594.8129570411248,,,,9.191527006438296,,,,,,,,,,,
6a7d9fab7bffe6ebe23a3fb4,,,500.0,5.0,,,,,,0.0,0.08,,,0.3,10,25.0,500,,6a7d9f9a7bffe6ebe23a3f26,10.1016/j.apcatb.2009.07.015,True,False,626.3969409644415,,,,7.195163906226949,,,,,,,,,,,
6a7d9fab7bffe6ebe23a3fb4,,,500.0,5.0,,,,,,0.0,0.08,,,0.3,10,25.0,500,,6a7d9f9a7bffe6ebe23a3f26,10.1016/j.apcatb.2009.07.015,True,False,652.7751417475419,,,,5.759571435592465,,,,,,,,,,,
6a7d9fab7bffe6ebe23a3fb4,,,500.0,5.0,,,,,,0.0,0.08,,,0.3,10,25.0,500,,6a7d9f9a7bffe6ebe23a3f26,10.1016/j.apcatb.2009.07.015,True,False,686.7969441542596,,,,4.142625448469059,,,,,,,,,,,
6a7d9fab7bffe6ebe23a3fb4,,,500.0,5.0,,,,,,0.0,0.08,,,0.3,10,25.0,500,,6a7d9f9a7bffe6ebe23a3f26,10.1016/j.apcatb.2009.07.015,True,False,711.0698649909489,,,,3.2314346095247335,,,,,,,,,,,
6a7d9fab7bffe6ebe23a3fb4,,,500.0,5.0,,,,,,0.0,0.08,,,0.3,10,25.0,500,,6a7d9f9a7bffe6ebe23a3f26,10.1016/j.apcatb.2009.07.015,True,False,733.5293742374341,,,,2.3428515260234852,,,,,,,,,,,
6a7d9fab7bffe6ebe23a3fb5,,0.0,500.0,5.0,,,Degussa,Printex-U,,0.02,0.08,1:4,0.1,0.3,10,25.0,500,,6a7d9f9b7bffe6ebe23a3f27,10.1016/j.apcatb.2009.07.015,True,True,364.23945154548846,,1.800604229607238,,,,,,,,,,,,,
6a7d9fab7bffe6ebe23a3fb5,,0.0,500.0,5.0,,,Degussa,Printex-U,,0.02,0.08,1:4,0.1,0.3,10,25.0,500,,6a7d9f9b7bffe6ebe23a3f27,10.1016/j.apcatb.2009.07.015,True,True,406.3349929844711,,2.770199910008351,,,,,,,,,,,,,
6a7d9fab7bffe6ebe23a3fb5,,0.0,500.0,5.0,,,Degussa,Printex-U,,0.02,0.08,1:4,0.1,0.3,10,25.0,500,,6a7d9f9b7bffe6ebe23a3f27,10.1016/j.apcatb.2009.07.015,True,True,438.5791925925487,,4.191810760429387,,,,,,,,,,,,,
6a7d9fab7bffe6ebe23a3fb5,,0.0,500.0,5.0,,,Degussa,Printex-U,,0.02,0.08,1:4,0.1,0.3,10,25.0,500,,6a7d9f9b7bffe6ebe23a3f27,10.1016/j.apcatb.2009.07.015,True,True,470.3118802209448,,6.485826316127783,,,,,,,,,,,,,
6a7d9fab7bffe6ebe23a3fb5,,0.0,500.0,5.0,,,Degussa,Printex-U,,0.02,0.08,1:4,0.1,0.3,10,25.0,500,,6a7d9f9b7bffe6ebe23a3f27,10.1016/j.apcatb.2009.07.015,True,True,503.1362670281983,,10.506910072636098,,,,,,,,,,,,,
6a7d9fab7bffe6ebe23a3fb5,,0.0,500.0,5.0,,,Degussa,Printex-U,,0.02,0.08,1:4,0.1,0.3,10,25.0,500,,6a7d9f9b7bffe6ebe23a3f27,10.1016/j.apcatb.2009.07.015,True,True,530.5992504928631,,16.950825994729062,,,,,,,,,,,,,
6a7d9fab7bffe6ebe23a3fb5,,0.0,500.0,5.0,,,Degussa,Printex-U,,0.02,0.08,1:4,0.1,0.3,10,25.0,500,,6a7d9f9b7bffe6ebe23a3f27,10.1016/j.apcatb.2009.07.015,True,True,553.4633623624276,,26.524908401362733,,,,,,,,,,,,,
6a7d9fab7bffe6ebe23a3fb5,,0.0,500.0,5.0,,,Degussa,Printex-U,,0.02,0.08,1:4,0.1,0.3,10,25.0,500,,6a7d9f9b7bffe6ebe23a3f27,10.1016/j.apcatb.2009.07.015,True,True,567.8969990113136,,37.00996336054509,,,,,,,,,,,,,
6a7d9fab7bffe6ebe23a3fb5,,0.0,500.0,5.0,,,Degussa,Printex-U,,0.02,0.08,1:4,0.1,0.3,10,25.0,500,,6a7d9f9b7bffe6ebe23a3f27,10.1016/j.apcatb.2009.07.015,True,True,580.2017038558768,,48.17304107475734,,,,,,,,,,,,,
6a7d9fab7bffe6ebe23a3fb5,,0.0,500.0,5.0,,,Degussa,Printex-U,,0.02,0.08,1:4,0.1,0.3,10,25.0,500,,6a7d9f9b7bffe6ebe23a3f27,10.1016/j.apcatb.2009.07.015,True,True,591.7817667292243,,58.07340746930642,,,,,,,,,,,,,
6a7d9fab7bffe6ebe23a3fb5,,0.0,500.0,5.0,,,Degussa,Printex-U,,0.02,0.08,1:4,0.1,0.3,10,25.0,500,,6a7d9f9b7bffe6ebe23a3f27,10.1016/j.apcatb.2009.07.015,True,True,602.0854177643848,,66.49508259947291,,,,,,,,,,,,,
6a7d9fab7bffe6ebe23a3fb5,,0.0,500.0,5.0,,,Degussa,Printex-U,,0.02,0.08,1:4,0.1,0.3,10,25.0,500,,6a7d9f9b7bffe6ebe23a3f27,10.1016/j.apcatb.2009.07.015,True,True,612.3535471342896,,74.0235263868355,,,,,,,,,,,,,
6a7d9fab7bffe6ebe23a3fb5,,0.0,500.0,5.0,,,Degussa,Printex-U,,0.02,0.08,1:4,0.1,0.3,10,25.0,500,,6a7d9f9b7bffe6ebe23a3f27,10.1016/j.apcatb.2009.07.015,True,True,627.4099969806584,,83.32840521951533,,,,,,,,,,,,,
6a7d9fab7bffe6ebe23a3fb5,,0.0,500.0,5.0,,,Degussa,Printex-U,,0.02,0.08,1:4,0.1,0.3,10,25.0,500,,6a7d9f9b7bffe6ebe23a3f27,10.1016/j.apcatb.2009.07.015,True,True,640.5648536803405,,89.73298193739153,,,,,,,,,,,,,
6a7d9fab7bffe6ebe23a3fb5,,0.0,500.0,5.0,,,Degussa,Printex-U,,0.02,0.08,1:4,0.1,0.3,10,25.0,500,,6a7d9f9b7bffe6ebe23a3f27,10.1016/j.apcatb.2009.07.015,True,True,656.6277507089533,,94.87253326476826,,,,,,,,,,,,,
6a7d9fab7bffe6ebe23a3fb5,,0.0,500.0,5.0,,,Degussa,Printex-U,,0.02,0.08,1:4,0.1,0.3,10,25.0,500,,6a7d9f9b7bffe6ebe23a3f27,10.1016/j.apcatb.2009.07.015,True,True,676.8064246851893,,98.00424246319984,,,,,,,,,,,,,
6a7d9fab7bffe6ebe23a3fb5,,0.0,500.0,5.0,,,Degussa,Printex-U,,0.02,0.08,1:4,0.1,0.3,10,25.0,500,,6a7d9f9b7bffe6ebe23a3f27,10.1016/j.apcatb.2009.07.015,True,True,700.0399618734126,,98.71389085299222,,,,,,,,,,,,,
6a7d9fab7bffe6ebe23a3fb5,,0.0,500.0,5.0,,,Degussa,Printex-U,,0.02,0.08,1:4,0.1,0.3,10,25.0,500,,6a7d9f9b7bffe6ebe23a3f27,10.1016/j.apcatb.2009.07.015,True,True,719.0535252292627,,99.0741145465064,,,,,,,,,,,,,
6a7d9fab7bffe6ebe23a3fb6,,,500.0,5.0,,,,,,0.0,0.08,,,0.3,10,25.0,500,,6a7d9f9b7bffe6ebe23a3f27,10.1016/j.apcatb.2009.07.015,True,False,340.7774384165743,,,,0.12729149260332107,,,,,,,,,,,
6a7d9fab7bffe6ebe23a3fb6,,,500.0,5.0,,,,,,0.0,0.08,,,0.3,10,25.0,500,,6a7d9f9b7bffe6ebe23a3f27,10.1016/j.apcatb.2009.07.015,True,False,370.03843730811246,,,,0.15677986926819631,,,,,,,,,,,
6a7d9fab7bffe6ebe23a3fb6,,,500.0,5.0,,,,,,0.0,0.08,,,0.3,10,25.0,500,,6a7d9f9b7bffe6ebe23a3f27,10.1016/j.apcatb.2009.07.015,True,False,401.9549597684192,,,,0.4364279746399841,,,,,,,,,,,
6a7d9fab7bffe6ebe23a3fb6,,,500.0,5.0,,,,,,0.0,0.08,,,0.3,10,25.0,500,,6a7d9f9b7bffe6ebe23a3f27,10.1016/j.apcatb.2009.07.015,True,False,429.37862343399865,,,,0.8753133140020478,,,,,,,,,,,
6a7d9fab7bffe6ebe23a3fb6,,,500.0,5.0,,,,,,0.0,0.08,,,0.3,10,25.0,500,,6a7d9f9b7bffe6ebe23a3f27,10.1016/j.apcatb.2009.07.015,True,False,454.051068987791,,,,1.2365459281466407,,,,,,,,,,,
6a7d9fab7bffe6ebe23a3fb6,,,500.0,5.0,,,,,,0.0,0.08,,,0.3,10,25.0,500,,6a7d9f9b7bffe6ebe23a3f27,10.1016/j.apcatb.2009.07.015,True,False,484.17571113007284,,,,1.755049884503848,,,,,,,,,,,
6a7d9fab7bffe6ebe23a3fb6,,,500.0,5.0,,,,,,0.0,0.08,,,0.3,10,25.0,500,,6a7d9f9b7bffe6ebe23a3f27,10.1016/j.apcatb.2009.07.015,True,False,520.673609837399,,,,2.388067036909606,,,,,,,,,,,
6a7d9fab7bffe6ebe23a3fb6,,,500.0,5.0,,,,,,0.0,0.08,,,0.3,10,25.0,500,,6a7d9f9b7bffe6ebe23a3f27,10.1016/j.apcatb.2009.07.015,True,False,552.1284061276406,,,,2.7846857030520353,,,,,,,,,,,
6a7d9fab7bffe6ebe23a3fb6,,,500.0,5.0,,,,,,0.0,0.08,,,0.3,10,25.0,500,,6a7d9f9b7bffe6ebe23a3f27,10.1016/j.apcatb.2009.07.015,True,False,588.0545299404303,,,,3.0702314837568077,,,,,,,,,,,
6a7d9fab7bffe6ebe23a3fb6,,,500.0,5.0,,,,,,0.0,0.08,,,0.3,10,25.0,500,,6a7d9f9b7bffe6ebe23a3f27,10.1016/j.apcatb.2009.07.015,True,False,614.6647899903509,,,,3.0407431070919437,,,,,,,,,,,
6a7d9fab7bffe6ebe23a3fb6,,,500.0,5.0,,,,,,0.0,0.08,,,0.3,10,25.0,500,,6a7d9f9b7bffe6ebe23a3f27,10.1016/j.apcatb.2009.07.015,True,False,636.5046770707901,,,,2.7144050720007806,,,,,,,,,,,
6a7d9fab7bffe6ebe23a3fb6,,,500.0,5.0,,,,,,0.0,0.08,,,0.3,10,25.0,500,,6a7d9f9b7bffe6ebe23a3f27,10.1016/j.apcatb.2009.07.015,True,False,667.1412850182219,,,,2.322209662358081,,,,,,,,,,,
6a7d9fab7bffe6ebe23a3fb6,,,500.0,5.0,,,,,,0.0,0.08,,,0.3,10,25.0,500,,6a7d9f9b7bffe6ebe23a3f27,10.1016/j.apcatb.2009.07.015,True,False,690.7706600531105,,,,1.9285398338821378,,,,,,,,,,,
6a7d9fab7bffe6ebe23a3fb6,,,500.0,5.0,,,,,,0.0,0.08,,,0.3,10,25.0,500,,6a7d9f9b7bffe6ebe23a3f27,10.1016/j.apcatb.2009.07.015,True,False,723.5556104913118,,,,1.6729739027866477,,,,,,,,,,,
6a7d9fab7bffe6ebe23a3fb7,,,500.0,5.0,,,,,,,0.08,,,0.32,10,25.0,500,,6a7d9f9b7bffe6ebe23a3f28,10.1007/s11244-022-01769-1,True,False,200.0,,,,0.0,,,,,,0.0007887866095614982,,,,,
6a7d9fab7bffe6ebe23a3fb7,,,500.0,5.0,,,,,,,0.08,,,0.32,10,25.0,500,,6a7d9f9b7bffe6ebe23a3f28,10.1007/s11244-022-01769-1,True,False,250.0,,,,0.12796456365930098,,,,,,6.520898901220249,,,,,
6a7d9fab7bffe6ebe23a3fb7,,,500.0,5.0,,,,,,,0.08,,,0.32,10,25.0,500,,6a7d9f9b7bffe6ebe23a3f28,10.1007/s11244-022-01769-1,True,False,300.0,,,,1.7139868959365145,,,,,,14.48133336488479,,,,,
6a7d9fab7bffe6ebe23a3fb7,,,500.0,5.0,,,,,,,0.08,,,0.32,10,25.0,500,,6a7d9f9b7bffe6ebe23a3f28,10.1007/s11244-022-01769-1,True,False,350.0,,,,25.458796025715962,,,,,,37.203120439827416,,,,,
6a7d9fab7bffe6ebe23a3fb7,,,500.0,5.0,,,,,,,0.08,,,0.32,10,25.0,500,,6a7d9f9b7bffe6ebe23a3f28,10.1007/s11244-022-01769-1,True,False,400.0,,,,36.985450183026245,,,,,,14.741632946039104,,,,,
6a7d9fab7bffe6ebe23a3fb7,,,500.0,5.0,,,,,,,0.08,,,0.32,10,25.0,500,,6a7d9f9b7bffe6ebe23a3f28,10.1007/s11244-022-01769-1,True,False,450.0,,,,30.02245532006522,,,,,,-40.29358637607769,,,,,
6a7d9fab7bffe6ebe23a3fb7,,,500.0,5.0,,,,,,,0.08,,,0.32,10,25.0,500,,6a7d9f9b7bffe6ebe23a3f28,10.1007/s11244-022-01769-1,True,False,500.0,,,,19.585345596604018,,,,,,-53.66509698131365,,,,,
6a7d9fab7bffe6ebe23a3fb7,,,500.0,5.0,,,,,,,0.08,,,0.32,10,25.0,500,,6a7d9f9b7bffe6ebe23a3f28,10.1007/s11244-022-01769-1,True,False,550.0,,,,10.242086806730446,,,,,,-7.68988065658597,,,,,
6a7d9fab7bffe6ebe23a3fb7,,,500.0,5.0,,,,,,,0.08,,,0.32,10,25.0,500,,6a7d9f9b7bffe6ebe23a3f28,10.1007/s11244-022-01769-1,True,False,600.0,,,,6.483742963487039,,,,,,-17.450326163263057,,,,,
6a7d9fab7bffe6ebe23a3fb7,,,500.0,5.0,,,,,,,0.08,,,0.32,10,25.0,500,,6a7d9f9b7bffe6ebe23a3f28,10.1007/s11244-022-01769-1,True,False,650.0,,,,2.7500076901781085,,,,,,-1.8512821726338444,,,,,
6a7d9fab7bffe6ebe23a3fb8,,0.0,500.0,5.0,,,,Printex-U,,0.02,0.08,1:4,0.1,0.3,10,25.0,500,,6a7d9f9b7bffe6ebe23a3f28,10.1007/s11244-022-01769-1,True,True,288.9503309492799,,0.3633961017509084,,,,,,,,,,,,,
6a7d9fab7bffe6ebe23a3fb8,,0.0,500.0,5.0,,,,Printex-U,,0.02,0.08,1:4,0.1,0.3,10,25.0,500,,6a7d9f9b7bffe6ebe23a3f28,10.1007/s11244-022-01769-1,True,True,356.5203482393802,,2.3389494549058467,,,,,,,,,,,,,
6a7d9fab7bffe6ebe23a3fb8,,0.0,500.0,5.0,,,,Printex-U,,0.02,0.08,1:4,0.1,0.3,10,25.0,500,,6a7d9f9b7bffe6ebe23a3f28,10.1007/s11244-022-01769-1,True,True,415.0477191539276,,6.977205153617442,,,,,,,,,,,,,
6a7d9fab7bffe6ebe23a3fb8,,0.0,500.0,5.0,,,,Printex-U,,0.02,0.08,1:4,0.1,0.3,10,25.0,500,,6a7d9f9b7bffe6ebe23a3f28,10.1007/s11244-022-01769-1,True,True,455.6177592943812,,17.659162773137002,,,,,,,,,,,,,
6a7d9fab7bffe6ebe23a3fb8,,0.0,500.0,5.0,,,,Printex-U,,0.02,0.08,1:4,0.1,0.3,10,25.0,500,,6a7d9f9b7bffe6ebe23a3f28,10.1007/s11244-022-01769-1,True,True,485.77413187700415,,31.649440747557687,,,,,,,,,,,,,
6a7d9fab7bffe6ebe23a3fb8,,0.0,500.0,5.0,,,,Printex-U,,0.02,0.08,1:4,0.1,0.3,10,25.0,500,,6a7d9f9b7bffe6ebe23a3f28,10.1007/s11244-022-01769-1,True,True,510.0442535170502,,47.339657369389776,,,,,,,,,,,,,
6a7d9fab7bffe6ebe23a3fb8,,0.0,500.0,5.0,,,,Printex-U,,0.02,0.08,1:4,0.1,0.3,10,25.0,500,,6a7d9f9b7bffe6ebe23a3f28,10.1007/s11244-022-01769-1,True,True,530.1769379003573,,59.74515078578508,,,,,,,,,,,,,
6a7d9fab7bffe6ebe23a3fb8,,0.0,500.0,5.0,,,,Printex-U,,0.02,0.08,1:4,0.1,0.3,10,25.0,500,,6a7d9f9b7bffe6ebe23a3f28,10.1007/s11244-022-01769-1,True,True,549.6454386886943,,72.62730662136013,,,,,,,,,,,,,
6a7d9fab7bffe6ebe23a3fb8,,0.0,500.0,5.0,,,,Printex-U,,0.02,0.08,1:4,0.1,0.3,10,25.0,500,,6a7d9f9b7bffe6ebe23a3f28,10.1007/s11244-022-01769-1,True,True,574.4213148093139,,83.23092170465807,,,,,,,,,,,,,
6a7d9fab7bffe6ebe23a3fb8,,0.0,500.0,5.0,,,,Printex-U,,0.02,0.08,1:4,0.1,0.3,10,25.0,500,,6a7d9f9b7bffe6ebe23a3f28,10.1007/s11244-022-01769-1,True,True,606.1254179710411,,92.69337863986031,,,,,,,,,,,,,
6a7d9fab7bffe6ebe23a3fb8,,0.0,500.0,5.0,,,,Printex-U,,0.02,0.08,1:4,0.1,0.3,10,25.0,500,,6a7d9f9b7bffe6ebe23a3f28,10.1007/s11244-022-01769-1,True,True,640.8457677337784,,99.13162489971212,,,,,,,,,,,,,
6a7d9fab7bffe6ebe23a3fb8,,0.0,500.0,5.0,,,,Printex-U,,0.02,0.08,1:4,0.1,0.3,10,25.0,500,,6a7d9f9b7bffe6ebe23a3f28,10.1007/s11244-022-01769-1,True,True,684.249251650938,,99.66963990749917,,,,,,,,,,,,,
6a7d9fab7bffe6ebe23a3fb9,,,500.0,5.0,,,,,,,0.08,,,0.32,10,25.0,500,,6a7d9f9b7bffe6ebe23a3f29,10.1007/s11244-022-01769-1,True,False,200.0,,,,0.02153249869267526,,,,,,6.238513294998299,,,,,
6a7d9fab7bffe6ebe23a3fb9,,,500.0,5.0,,,,,,,0.08,,,0.32,10,25.0,500,,6a7d9f9b7bffe6ebe23a3f29,10.1007/s11244-022-01769-1,True,False,250.0,,,,0.060290996339482206,,,,,,5.074264259289933,,,,,
6a7d9fab7bffe6ebe23a3fb9,,,500.0,5.0,,,,,,,0.08,,,0.32,10,25.0,500,,6a7d9f9b7bffe6ebe23a3f29,10.1007/s11244-022-01769-1,True,False,300.0,,,,2.746931618936298,,,,,,12.217515795451845,,,,,
6a7d9fab7bffe6ebe23a3fb9,,,500.0,5.0,,,,,,,0.08,,,0.32,10,25.0,500,,6a7d9f9b7bffe6ebe23a3f29,10.1007/s11244-022-01769-1,True,False,350.0,,,,15.739641330093207,,,,,,17.029114113758794,,,,,
6a7d9fab7bffe6ebe23a3fb9,,,500.0,5.0,,,,,,,0.08,,,0.32,10,25.0,500,,6a7d9f9b7bffe6ebe23a3f29,10.1007/s11244-022-01769-1,True,False,400.0,,,,31.02156325940509,,,,,,9.257988436388302,,,,,
6a7d9fab7bffe6ebe23a3fb9,,,500.0,5.0,,,,,,,0.08,,,0.32,10,25.0,500,,6a7d9f9b7bffe6ebe23a3f29,10.1007/s11244-022-01769-1,True,False,450.0,,,,30.226091236273035,,,,,,-26.41725234072426,,,,,
6a7d9fab7bffe6ebe23a3fb9,,,500.0,5.0,,,,,,,0.08,,,0.32,10,25.0,500,,6a7d9f9b7bffe6ebe23a3f29,10.1007/s11244-022-01769-1,True,False,500.0,,,,21.7545910363284,,,,,,-88.54366328277212,,,,,
6a7d9fab7bffe6ebe23a3fb9,,,500.0,5.0,,,,,,,0.08,,,0.32,10,25.0,500,,6a7d9f9b7bffe6ebe23a3f29,10.1007/s11244-022-01769-1,True,False,550.0,,,,13.281860407887049,,,,,,-27.101919117821055,,,,,
6a7d9fab7bffe6ebe23a3fb9,,,500.0,5.0,,,,,,,0.08,,,0.32,10,25.0,500,,6a7d9f9b7bffe6ebe23a3f29,10.1007/s11244-022-01769-1,True,False,600.0,,,,7.970100587529611,,,,,,-5.809413379398478,,,,,
6a7d9fab7bffe6ebe23a3fb9,,,500.0,5.0,,,,,,,0.08,,,0.32,10,25.0,500,,6a7d9f9b7bffe6ebe23a3f29,10.1007/s11244-022-01769-1,True,False,650.0,,,,4.876803346765515,,,,,,-2.179417402210177,,,,,
6a7d9fab7bffe6ebe23a3fba,,,500.0,5.0,,,,,,,0.08,,,0.32,10,25.0,500,,6a7d9f9b7bffe6ebe23a3f2a,10.1007/s11244-022-01769-1,True,False,50.0,,,,0.0,,,,,,0.6200592692214428,,,,,
6a7d9fab7bffe6ebe23a3fba,,,500.0,5.0,,,,,,,0.08,,,0.32,10,25.0,500,,6a7d9f9b7bffe6ebe23a3f2a,10.1007/s11244-022-01769-1,True,False,100.0,,,,0.0,,,,,,5.644650522710734,,,,,
6a7d9fab7bffe6ebe23a3fba,,,500.0,5.0,,,,,,,0.08,,,0.32,10,25.0,500,,6a7d9f9b7bffe6ebe23a3f2a,10.1007/s11244-022-01769-1,True,False,150.0,,,,0.0,,,,,,8.318802730450145,,,,,
6a7d9fab7bffe6ebe23a3fba,,,500.0,5.0,,,,,,,0.08,,,0.32,10,25.0,500,,6a7d9f9b7bffe6ebe23a3f2a,10.1007/s11244-022-01769-1,True,False,200.0,,,,0.0,,,,,,3.7696163138923,,,,,
6a7d9fab7bffe6ebe23a3fba,,,500.0,5.0,,,,,,,0.08,,,0.32,10,25.0,500,,6a7d9f9b7bffe6ebe23a3f2a,10.1007/s11244-022-01769-1,True,False,225.0,,,,0.0,,,,,,1.0125810260299772,,,,,
6a7d9fab7bffe6ebe23a3fba,,,500.0,5.0,,,,,,,0.08,,,0.32,10,25.0,500,,6a7d9f9b7bffe6ebe23a3f2a,10.1007/s11244-022-01769-1,True,False,250.0,,,,0.05692643176862542,,,,,,2.3293273177940534,,,,,
6a7d9fab7bffe6ebe23a3fba,,,500.0,5.0,,,,,,,0.08,,,0.32,10,25.0,500,,6a7d9f9b7bffe6ebe23a3f2a,10.1007/s11244-022-01769-1,True,False,275.0,,,,0.8710356172768688,,,,,,6.579821879569309,,,,,
6a7d9fab7bffe6ebe23a3fba,,,500.0,5.0,,,,,,,0.08,,,0.32,10,25.0,500,,6a7d9f9b7bffe6ebe23a3f2a,10.1007/s11244-022-01769-1,True,False,300.0,,,,7.175178851524537,,,,,,14.793065970240278,,,,,
6a7d9fab7bffe6ebe23a3fba,,,500.0,5.0,,,,,,,0.08,,,0.32,10,25.0,500,,6a7d9f9b7bffe6ebe23a3f2a,10.1007/s11244-022-01769-1,True,False,325.0,,,,15.7655610390604,,,,,,22.050808891947042,,,,,
6a7d9fab7bffe6ebe23a3fba,,,500.0,5.0,,,,,,,0.08,,,0.32,10,25.0,500,,6a7d9f9b7bffe6ebe23a3f2a,10.1007/s11244-022-01769-1,True,False,350.0,,,,24.83583916752745,,,,,,26.280973641616683,,,,,
6a7d9fab7bffe6ebe23a3fba,,,500.0,5.0,,,,,,,0.08,,,0.32,10,25.0,500,,6a7d9f9b7bffe6ebe23a3f2a,10.1007/s11244-022-01769-1,True,False,375.0,,,,33.48865679635794,,,,,,21.719276571455367,,,,,
6a7d9fab7bffe6ebe23a3fba,,,500.0,5.0,,,,,,,0.08,,,0.32,10,25.0,500,,6a7d9f9b7bffe6ebe23a3f2a,10.1007/s11244-022-01769-1,True,False,400.0,,,,36.673476414552965,,,,,,3.9009781767286142,,,,,
6a7d9fab7bffe6ebe23a3fba,,,500.0,5.0,,,,,,,0.08,,,0.32,10,25.0,500,,6a7d9f9b7bffe6ebe23a3f2a,10.1007/s11244-022-01769-1,True,False,425.0,,,,33.02773633268297,,,,,,-17.503186307089635,,,,,
6a7d9fab7bffe6ebe23a3fba,,,500.0,5.0,,,,,,,0.08,,,0.32,10,25.0,500,,6a7d9f9b7bffe6ebe23a3f2a,10.1007/s11244-022-01769-1,True,False,450.0,,,,27.35468074524657,,,,,,-36.50217763564285,,,,,
6a7d9fab7bffe6ebe23a3fba,,,500.0,5.0,,,,,,,0.08,,,0.32,10,25.0,500,,6a7d9f9b7bffe6ebe23a3f2a,10.1007/s11244-022-01769-1,True,False,475.0,,,,22.515321932744175,,,,,,-65.61290473919198,,,,,
6a7d9fab7bffe6ebe23a3fba,,,500.0,5.0,,,,,,,0.08,,,0.32,10,25.0,500,,6a7d9f9b7bffe6ebe23a3f2a,10.1007/s11244-022-01769-1,True,False,500.0,,,,18.274608822066643,,,,,,-73.48992501426997,,,,,
6a7d9fab7bffe6ebe23a3fba,,,500.0,5.0,,,,,,,0.08,,,0.32,10,25.0,500,,6a7d9f9b7bffe6ebe23a3f2a,10.1007/s11244-022-01769-1,True,False,525.0,,,,13.798232526110407,,,,,,-37.83768990781212,,,,,
6a7d9fab7bffe6ebe23a3fba,,,500.0,5.0,,,,,,,0.08,,,0.32,10,25.0,500,,6a7d9f9b7bffe6ebe23a3f2a,10.1007/s11244-022-01769-1,True,False,550.0,,,,10.20697042733081,,,,,,-11.596593974556455,,,,,
6a7d9fab7bffe6ebe23a3fba,,,500.0,5.0,,,,,,,0.08,,,0.32,10,25.0,500,,6a7d9f9b7bffe6ebe23a3f2a,10.1007/s11244-022-01769-1,True,False,575.0,,,,7.742606832702099,,,,,,-6.432821699728677,,,,,
6a7d9fab7bffe6ebe23a3fba,,,500.0,5.0,,,,,,,0.08,,,0.32,10,25.0,500,,6a7d9f9b7bffe6ebe23a3f2a,10.1007/s11244-022-01769-1,True,False,600.0,,,,5.960748307127281,,,,,,-4.540585342205475,,,,,
6a7d9fab7bffe6ebe23a3fba,,,500.0,5.0,,,,,,,0.08,,,0.32,10,25.0,500,,6a7d9f9b7bffe6ebe23a3f2a,10.1007/s11244-022-01769-1,True,False,625.0,,,,4.732239182830252,,,,,,-3.1706687726266978,,,,,
6a7d9fab7bffe6ebe23a3fba,,,500.0,5.0,,,,,,,0.08,,,0.32,10,25.0,500,,6a7d9f9b7bffe6ebe23a3f2a,10.1007/s11244-022-01769-1,True,False,650.0,,,,3.6898121580779666,,,,,,-2.2902315252832466,,,,,
6a7d9fab7bffe6ebe23a3fbb,,0.0,500.0,5.0,,,,Printex-U,,0.02,0.08,1:4,0.1,0.3,10,25.0,500,,6a7d9f9b7bffe6ebe23a3f2a,10.1007/s11244-022-01769-1,True,True,299.51633419403,,0.10949077351455942,,,,,,,,,,,,,
6a7d9fab7bffe6ebe23a3fbb,,0.0,500.0,5.0,,,,Printex-U,,0.02,0.08,1:4,0.1,0.3,10,25.0,500,,6a7d9f9b7bffe6ebe23a3f2a,10.1007/s11244-022-01769-1,True,True,364.72819505061364,,2.485251781584784,,,,,,,,,,,,,
6a7d9fab7bffe6ebe23a3fbb,,0.0,500.0,5.0,,,,Printex-U,,0.02,0.08,1:4,0.1,0.3,10,25.0,500,,6a7d9f9b7bffe6ebe23a3f2a,10.1007/s11244-022-01769-1,True,True,418.84392447196655,,9.706923403652837,,,,,,,,,,,,,
6a7d9fab7bffe6ebe23a3fbb,,0.0,500.0,5.0,,,,Printex-U,,0.02,0.08,1:4,0.1,0.3,10,25.0,500,,6a7d9f9b7bffe6ebe23a3f2a,10.1007/s11244-022-01769-1,True,True,459.6759819939219,,21.595167303789697,,,,,,,,,,,,,
6a7d9fab7bffe6ebe23a3fbb,,0.0,500.0,5.0,,,,Printex-U,,0.02,0.08,1:4,0.1,0.3,10,25.0,500,,6a7d9f9b7bffe6ebe23a3f2a,10.1007/s11244-022-01769-1,True,True,490.3685761945023,,35.695879937703516,,,,,,,,,,,,,
6a7d9fab7bffe6ebe23a3fbb,,0.0,500.0,5.0,,,,Printex-U,,0.02,0.08,1:4,0.1,0.3,10,25.0,500,,6a7d9f9b7bffe6ebe23a3f2a,10.1007/s11244-022-01769-1,True,True,510.86077279893976,,47.62565482089764,,,,,,,,,,,,,
6a7d9fab7bffe6ebe23a3fbb,,0.0,500.0,5.0,,,,Printex-U,,0.02,0.08,1:4,0.1,0.3,10,25.0,500,,6a7d9f9b7bffe6ebe23a3f2a,10.1007/s11244-022-01769-1,True,True,534.0706380580247,,61.51304922365378,,,,,,,,,,,,,
6a7d9fab7bffe6ebe23a3fbb,,0.0,500.0,5.0,,,,Printex-U,,0.02,0.08,1:4,0.1,0.3,10,25.0,500,,6a7d9f9b7bffe6ebe23a3f2a,10.1007/s11244-022-01769-1,True,True,554.1789487314247,,71.96658643635848,,,,,,,,,,,,,
6a7d9fab7bffe6ebe23a3fbb,,0.0,500.0,5.0,,,,Printex-U,,0.02,0.08,1:4,0.1,0.3,10,25.0,500,,6a7d9f9b7bffe6ebe23a3f2a,10.1007/s11244-022-01769-1,True,True,577.346159998172,,81.51682476756807,,,,,,,,,,,,,
6a7d9fab7bffe6ebe23a3fbb,,0.0,500.0,5.0,,,,Printex-U,,0.02,0.08,1:4,0.1,0.3,10,25.0,500,,6a7d9f9b7bffe6ebe23a3f2a,10.1007/s11244-022-01769-1,True,True,607.3623837488288,,91.67870121289349,,,,,,,,,,,,,
6a7d9fab7bffe6ebe23a3fbb,,0.0,500.0,5.0,,,,Printex-U,,0.02,0.08,1:4,0.1,0.3,10,25.0,500,,6a7d9f9b7bffe6ebe23a3f2a,10.1007/s11244-022-01769-1,True,True,645.818004554837,,98.30855632639577,,,,,,,,,,,,,
6a7d9fab7bffe6ebe23a3fbb,,0.0,500.0,5.0,,,,Printex-U,,0.02,0.08,1:4,0.1,0.3,10,25.0,500,,6a7d9f9b7bffe6ebe23a3f2a,10.1007/s11244-022-01769-1,True,True,704.0894515153593,,99.7224975222993,,,,,,,,,,,,,
6a7d9fab7bffe6ebe23a3fbc,,,500.0,5.0,,,,,,,0.08,,,0.32,10,25.0,500,,6a7d9f9b7bffe6ebe23a3f2b,10.1007/s11244-022-01769-1,True,False,200.0,,,,0.020302070195953092,,,,,,1.2603120021452128,,,,,
6a7d9fab7bffe6ebe23a3fbc,,,500.0,5.0,,,,,,,0.08,,,0.32,10,25.0,500,,6a7d9f9b7bffe6ebe23a3f2b,10.1007/s11244-022-01769-1,True,False,250.0,,,,0.08489956627396111,,,,,,4.148461283656957,,,,,
6a7d9fab7bffe6ebe23a3fbc,,,500.0,5.0,,,,,,,0.08,,,0.32,10,25.0,500,,6a7d9f9b7bffe6ebe23a3f2b,10.1007/s11244-022-01769-1,True,False,300.0,,,,3.0797625273001366,,,,,,8.587157120999422,,,,,
6a7d9fab7bffe6ebe23a3fbc,,,500.0,5.0,,,,,,,0.08,,,0.32,10,25.0,500,,6a7d9f9b7bffe6ebe23a3f2b,10.1007/s11244-022-01769-1,True,False,350.0,,,,12.134485834691933,,,,,,15.076423174598176,,,,,
6a7d9fab7bffe6ebe23a3fbc,,,500.0,5.0,,,,,,,0.08,,,0.32,10,25.0,500,,6a7d9f9b7bffe6ebe23a3f2b,10.1007/s11244-022-01769-1,True,False,400.0,,,,23.66852256298256,,,,,,9.792261463476194,,,,,
6a7d9fab7bffe6ebe23a3fbc,,,500.0,5.0,,,,,,,0.08,,,0.32,10,25.0,500,,6a7d9f9b7bffe6ebe23a3f2b,10.1007/s11244-022-01769-1,True,False,450.0,,,,26.37485004152697,,,,,,-4.441850560752073,,,,,
6a7d9fab7bffe6ebe23a3fbc,,,500.0,5.0,,,,,,,0.08,,,0.32,10,25.0,500,,6a7d9f9b7bffe6ebe23a3f2b,10.1007/s11244-022-01769-1,True,False,500.0,,,,20.949890799470914,,,,,,-47.39498714450211,,,,,
6a7d9fab7bffe6ebe23a3fbc,,,500.0,5.0,,,,,,,0.08,,,0.32,10,25.0,500,,6a7d9f9b7bffe6ebe23a3f2b,10.1007/s11244-022-01769-1,True,False,550.0,,,,13.21726291180904,,,,,,-17.775289051532397,,,,,
6a7d9fab7bffe6ebe23a3fbc,,,500.0,5.0,,,,,,,0.08,,,0.32,10,25.0,500,,6a7d9f9b7bffe6ebe23a3f2b,10.1007/s11244-022-01769-1,True,False,600.0,,,,8.435202559291277,,,,,,-4.227329368897571,,,,,
6a7d9fab7bffe6ebe23a3fbc,,,500.0,5.0,,,,,,,0.08,,,0.32,10,25.0,500,,6a7d9f9b7bffe6ebe23a3f2b,10.1007/s11244-022-01769-1,True,False,650.0,,,,5.6679688701590365,,,,,,-2.3392274082369795,,,,,
6a7d9fab7bffe6ebe23a3fbd,,,500.0,5.0,,,,,,,0.08,,,0.32,10,25.0,500,,6a7d9f9b7bffe6ebe23a3f2c,10.3390/catal13111453,True,False,200.0,,,,1.0288250063255413,,,,,,-0.24149061264431992,,,,,
6a7d9fab7bffe6ebe23a3fbd,,,500.0,5.0,,,,,,,0.08,,,0.32,10,25.0,500,,6a7d9f9b7bffe6ebe23a3f2c,10.3390/catal13111453,True,False,250.0,,,,4.086494482181434,,,,,,-0.34440033777118373,,,,,
6a7d9fab7bffe6ebe23a3fbd,,,500.0,5.0,,,,,,,0.08,,,0.32,10,25.0,500,,6a7d9f9b7bffe6ebe23a3f2c,10.3390/catal13111453,True,False,300.0,,,,10.649097880456994,,,,,,-0.05398025459108169,,,,,
6a7d9fab7bffe6ebe23a3fbd,,,500.0,5.0,,,,,,,0.08,,,0.32,10,25.0,500,,6a7d9f9b7bffe6ebe23a3f2c,10.3390/catal13111453,True,False,350.0,,,,18.86646295178964,,,,,,-0.4492041069187849,,,,,
6a7d9fab7bffe6ebe23a3fbd,,,500.0,5.0,,,,,,,0.08,,,0.32,10,25.0,500,,6a7d9f9b7bffe6ebe23a3f2c,10.3390/catal13111453,True,False,400.0,,,,22.135502831896297,,,,,,-5.626257763607519,,,,,
6a7d9fab7bffe6ebe23a3fbd,,,500.0,5.0,,,,,,,0.08,,,0.32,10,25.0,500,,6a7d9f9b7bffe6ebe23a3f2c,10.3390/catal13111453,True,False,450.0,,,,21.39395472858561,,,,,,-11.352584186310796,,,,,
6a7d9fab7bffe6ebe23a3fbd,,,500.0,5.0,,,,,,,0.08,,,0.32,10,25.0,500,,6a7d9f9b7bffe6ebe23a3f2c,10.3390/catal13111453,True,False,500.0,,,,16.926759960295062,,,,,,-5.387608216994309,,,,,
6a7d9fab7bffe6ebe23a3fbd,,,500.0,5.0,,,,,,,0.08,,,0.32,10,25.0,500,,6a7d9f9b7bffe6ebe23a3f2c,10.3390/catal13111453,True,False,550.0,,,,11.34120944354697,,,,,,-3.4462130957360344,,,,,
6a7d9fab7bffe6ebe23a3fbd,,,500.0,5.0,,,,,,,0.08,,,0.32,10,25.0,500,,6a7d9f9b7bffe6ebe23a3f2c,10.3390/catal13111453,True,False,600.0,,,,6.997022129663868,,,,,,-2.1746782098127255,,,,,
6a7d9fab7bffe6ebe23a3fbd,,,500.0,5.0,,,,,,,0.08,,,0.32,10,25.0,500,,6a7d9f9b7bffe6ebe23a3f2c,10.3390/catal13111453,True,False,650.0,,,,4.385449308083068,,,,,,-0.7996022507556475,,,,,
6a7d9fab7bffe6ebe23a3fbe,,0.0,500.0,5.0,,,,Printex-U,,0.02,0.08,1:4,0.1,0.3,10,25.0,500,,6a7d9f9b7bffe6ebe23a3f2c,10.3390/catal13111453,True,True,200.0,,0.2879702013443826,,0.11350342059796543,,,,,,,,,,,
6a7d9fab7bffe6ebe23a3fbe,,0.0,500.0,5.0,,,,Printex-U,,0.02,0.08,1:4,0.1,0.3,10,25.0,500,,6a7d9f9b7bffe6ebe23a3f2c,10.3390/catal13111453,True,True,250.0,,0.4882972979317792,,0.13558429081668227,,,,,,,,,,,
6a7d9fab7bffe6ebe23a3fbe,,0.0,500.0,5.0,,,,Printex-U,,0.02,0.08,1:4,0.1,0.3,10,25.0,500,,6a7d9f9b7bffe6ebe23a3f2c,10.3390/catal13111453,True,True,300.0,,0.4882972979317792,,0.9525764889092049,,,,,,,,,,,
6a7d9fab7bffe6ebe23a3fbe,,0.0,500.0,5.0,,,,Printex-U,,0.02,0.08,1:4,0.1,0.3,10,25.0,500,,6a7d9f9b7bffe6ebe23a3f2c,10.3390/catal13111453,True,True,350.0,,0.6909719776823093,,3.7812521790332445,,,,,,,,,,,
6a7d9fab7bffe6ebe23a3fbe,,0.0,500.0,5.0,,,,Printex-U,,0.02,0.08,1:4,0.1,0.3,10,25.0,500,,6a7d9f9b7bffe6ebe23a3f2c,10.3390/catal13111453,True,True,400.0,,2.079176154815284,,6.210147903092095,,,,,,,,,,,
6a7d9fab7bffe6ebe23a3fbe,,0.0,500.0,5.0,,,,Printex-U,,0.02,0.08,1:4,0.1,0.3,10,25.0,500,,6a7d9f9b7bffe6ebe23a3f2c,10.3390/catal13111453,True,True,450.0,,5.102080741210257,,5.8777726987472,,,,,,,,,,,
6a7d9fab7bffe6ebe23a3fbe,,0.0,500.0,5.0,,,,Printex-U,,0.02,0.08,1:4,0.1,0.3,10,25.0,500,,6a7d9f9b7bffe6ebe23a3f2c,10.3390/catal13111453,True,True,500.0,,14.943931888787159,,3.620875332181512,,,,,,,,,,,
6a7d9fab7bffe6ebe23a3fbe,,0.0,500.0,5.0,,,,Printex-U,,0.02,0.08,1:4,0.1,0.3,10,25.0,500,,6a7d9f9b7bffe6ebe23a3f2c,10.3390/catal13111453,True,True,550.0,,41.02323324803782,,2.407202237528182,,,,,,,,,,,
6a7d9fab7bffe6ebe23a3fbe,,0.0,500.0,5.0,,,,Printex-U,,0.02,0.08,1:4,0.1,0.3,10,25.0,500,,6a7d9f9b7bffe6ebe23a3f2c,10.3390/catal13111453,True,True,600.0,,80.17309513189505,,5.3575164056991875,,,,,,,,,,,
6a7d9fab7bffe6ebe23a3fbe,,0.0,500.0,5.0,,,,Printex-U,,0.02,0.08,1:4,0.1,0.3,10,25.0,500,,6a7d9f9b7bffe6ebe23a3f2c,10.3390/catal13111453,True,True,650.0,,99.26442394221816,,6.003285013674643,,,,,,,,,,,
6a7d9fab7bffe6ebe23a3fbf,,,500.0,5.0,,,,,,,0.08,,,0.32,10,25.0,500,,6a7d9f9b7bffe6ebe23a3f2d,10.3390/catal13111453,True,False,200.0,,,,3.478074699780065,,,,,,-0.8419025672188312,,,,,
6a7d9fab7bffe6ebe23a3fbf,,,500.0,5.0,,,,,,,0.08,,,0.32,10,25.0,500,,6a7d9f9b7bffe6ebe23a3f2d,10.3390/catal13111453,True,False,250.0,,,,7.762704606940576,,,,,,-0.12279718734463074,,,,,
6a7d9fab7bffe6ebe23a3fbf,,,500.0,5.0,,,,,,,0.08,,,0.32,10,25.0,500,,6a7d9f9b7bffe6ebe23a3f2d,10.3390/catal13111453,True,False,300.0,,,,14.437416064929247,,,,,,3.816183027787204,,,,,
6a7d9fab7bffe6ebe23a3fbf,,,500.0,5.0,,,,,,,0.08,,,0.32,10,25.0,500,,6a7d9f9b7bffe6ebe23a3f2d,10.3390/catal13111453,True,False,350.0,,,,23.620934623095035,,,,,,4.744895945956607,,,,,
6a7d9fab7bffe6ebe23a3fbf,,,500.0,5.0,,,,,,,0.08,,,0.32,10,25.0,500,,6a7d9f9b7bffe6ebe23a3f2d,10.3390/catal13111453,True,False,400.0,,,,28.227875201930747,,,,,,-4.275173028813143,,,,,
6a7d9fab7bffe6ebe23a3fbf,,,500.0,5.0,,,,,,,0.08,,,0.32,10,25.0,500,,6a7d9f9b7bffe6ebe23a3f2d,10.3390/catal13111453,True,False,450.0,,,,29.141867299869592,,,,,,-12.782587421969328,,,,,
6a7d9fab7bffe6ebe23a3fbf,,,500.0,5.0,,,,,,,0.08,,,0.32,10,25.0,500,,6a7d9f9b7bffe6ebe23a3f2d,10.3390/catal13111453,True,False,500.0,,,,21.562116818155275,,,,,,-17.63386550709083,,,,,
6a7d9fab7bffe6ebe23a3fbf,,,500.0,5.0,,,,,,,0.08,,,0.32,10,25.0,500,,6a7d9f9b7bffe6ebe23a3f2d,10.3390/catal13111453,True,False,550.0,,,,13.664337569824243,,,,,,-8.923157055708568,,,,,
6a7d9fab7bffe6ebe23a3fc0,,0.0,500.0,5.0,,,,Printex-U,,0.02,0.08,1:4,0.1,0.3,10,25.0,500,,6a7d9f9b7bffe6ebe23a3f2d,10.3390/catal13111453,True,True,200.0,,0.7653121111815385,,0.06622438564811178,,,,,,,,,,,
6a7d9fab7bffe6ebe23a3fc0,,0.0,500.0,5.0,,,,Printex-U,,0.02,0.08,1:4,0.1,0.3,10,25.0,500,,6a7d9f9b7bffe6ebe23a3f2d,10.3390/catal13111453,True,True,250.0,,0.5563772096626523,,0.10693255868728897,,,,,,,,,,,
6a7d9fab7bffe6ebe23a3fc0,,0.0,500.0,5.0,,,,Printex-U,,0.02,0.08,1:4,0.1,0.3,10,25.0,500,,6a7d9f9b7bffe6ebe23a3f2d,10.3390/catal13111453,True,True,300.0,,0.808351135838987,,0.3162047577922587,,,,,,,,,,,
6a7d9fab7bffe6ebe23a3fc0,,0.0,500.0,5.0,,,,Printex-U,,0.02,0.08,1:4,0.1,0.3,10,25.0,500,,6a7d9f9b7bffe6ebe23a3f2d,10.3390/catal13111453,True,True,350.0,,1.6793044893615354,,0.6701342545340345,,,,,,,,,,,
6a7d9fab7bffe6ebe23a3fc0,,0.0,500.0,5.0,,,,Printex-U,,0.02,0.08,1:4,0.1,0.3,10,25.0,500,,6a7d9f9b7bffe6ebe23a3f2d,10.3390/catal13111453,True,True,400.0,,4.472928453490464,,0.9023710449870453,,,,,,,,,,,
6a7d9fab7bffe6ebe23a3fc0,,0.0,500.0,5.0,,,,Printex-U,,0.02,0.08,1:4,0.1,0.3,10,25.0,500,,6a7d9f9b7bffe6ebe23a3f2d,10.3390/catal13111453,True,True,450.0,,10.521867737164587,,0.8109052367119414,,,,,,,,,,,
6a7d9fab7bffe6ebe23a3fc0,,0.0,500.0,5.0,,,,Printex-U,,0.02,0.08,1:4,0.1,0.3,10,25.0,500,,6a7d9f9b7bffe6ebe23a3f2d,10.3390/catal13111453,True,True,500.0,,25.31242419262702,,0.5432597943000705,,,,,,,,,,,
6a7d9fab7bffe6ebe23a3fc0,,0.0,500.0,5.0,,,,Printex-U,,0.02,0.08,1:4,0.1,0.3,10,25.0,500,,6a7d9f9b7bffe6ebe23a3f2d,10.3390/catal13111453,True,True,550.0,,50.047342927123196,,0.4475936248724188,,,,,,,,,,,
6a7d9fab7bffe6ebe23a3fc0,,0.0,500.0,5.0,,,,Printex-U,,0.02,0.08,1:4,0.1,0.3,10,25.0,500,,6a7d9f9b7bffe6ebe23a3f2d,10.3390/catal13111453,True,True,600.0,,78.48674789304413,,0.5719557195571954,,,,,,,,,,,
6a7d9fab7bffe6ebe23a3fc0,,0.0,500.0,5.0,,,,Printex-U,,0.02,0.08,1:4,0.1,0.3,10,25.0,500,,6a7d9f9b7bffe6ebe23a3f2d,10.3390/catal13111453,True,True,650.0,,98.27217879193371,,0.5286959252571247,,,,,,,,,,,
6a7d9fab7bffe6ebe23a3fc1,,,500.0,5.0,,,,,,,0.08,,,0.32,10,25.0,500,,6a7d9f9c7bffe6ebe23a3f2e,10.3390/catal13111453,True,False,200.0,,,,3.3706378092216656,,,,,,-0.1556272837041206,,,,,
6a7d9fab7bffe6ebe23a3fc1,,,500.0,5.0,,,,,,,0.08,,,0.32,10,25.0,500,,6a7d9f9c7bffe6ebe23a3f2e,10.3390/catal13111453,True,False,250.0,,,,7.20060725199011,,,,,,0.49402981540962543,,,,,
6a7d9fab7bffe6ebe23a3fc1,,,500.0,5.0,,,,,,,0.08,,,0.32,10,25.0,500,,6a7d9f9c7bffe6ebe23a3f2e,10.3390/catal13111453,True,False,300.0,,,,13.462698767979132,,,,,,4.370506577857043,,,,,
6a7d9fab7bffe6ebe23a3fc1,,,500.0,5.0,,,,,,,0.08,,,0.32,10,25.0,500,,6a7d9f9c7bffe6ebe23a3f2e,10.3390/catal13111453,True,False,350.0,,,,22.906635006520172,,,,,,5.681816388215886,,,,,
6a7d9fab7bffe6ebe23a3fc1,,,500.0,5.0,,,,,,,0.08,,,0.32,10,25.0,500,,6a7d9f9c7bffe6ebe23a3f2e,10.3390/catal13111453,True,False,400.0,,,,28.35477529730045,,,,,,-2.5478048818984647,,,,,
6a7d9fab7bffe6ebe23a3fc1,,,500.0,5.0,,,,,,,0.08,,,0.32,10,25.0,500,,6a7d9f9c7bffe6ebe23a3f2e,10.3390/catal13111453,True,False,450.0,,,,29.443157710348583,,,,,,-9.88028063418907,,,,,
6a7d9fab7bffe6ebe23a3fc1,,,500.0,5.0,,,,,,,0.08,,,0.32,10,25.0,500,,6a7d9f9c7bffe6ebe23a3f2e,10.3390/catal13111453,True,False,500.0,,,,20.868448198680394,,,,,,-14.650746174425667,,,,,
6a7d9fab7bffe6ebe23a3fc1,,,500.0,5.0,,,,,,,0.08,,,0.32,10,25.0,500,,6a7d9f9c7bffe6ebe23a3f2e,10.3390/catal13111453,True,False,550.0,,,,13.491504311099861,,,,,,-8.660516284832653,,,,,
6a7d9fab7bffe6ebe23a3fc1,,,500.0,5.0,,,,,,,0.08,,,0.32,10,25.0,500,,6a7d9f9c7bffe6ebe23a3f2e,10.3390/catal13111453,True,False,600.0,,,,8.697716966075632,,,,,,-3.3559303307474337,,,,,
6a7d9fab7bffe6ebe23a3fc1,,,500.0,5.0,,,,,,,0.08,,,0.32,10,25.0,500,,6a7d9f9c7bffe6ebe23a3f2e,10.3390/catal13111453,True,False,650.0,,,,5.849471573989371,,,,,,-1.3065747003069959,,,,,
6a7d9fab7bffe6ebe23a3fc1,,,500.0,5.0,,,,,,,0.08,,,0.32,10,25.0,500,,6a7d9f9c7bffe6ebe23a3f2e,10.3390/catal13111453,True,False,700.0,,,,4.2515424589812945,,,,,,-0.3867006542343745,,,,,
6a7d9fab7bffe6ebe23a3fc2,,0.0,500.0,5.0,,,,Printex-U,,0.02,0.08,1:4,0.1,0.3,10,25.0,500,,6a7d9f9c7bffe6ebe23a3f2e,10.3390/catal13111453,True,True,200.0,,0.8427823555649459,,0.8324875456144292,,,,,,,,,,,
6a7d9fab7bffe6ebe23a3fc2,,0.0,500.0,5.0,,,,Printex-U,,0.02,0.08,1:4,0.1,0.3,10,25.0,500,,6a7d9f9c7bffe6ebe23a3f2e,10.3390/catal13111453,True,True,250.0,,1.4742822264478719,,1.4228602861990685,,,,,,,,,,,
6a7d9fab7bffe6ebe23a3fc2,,0.0,500.0,5.0,,,,Printex-U,,0.02,0.08,1:4,0.1,0.3,10,25.0,500,,6a7d9f9c7bffe6ebe23a3f2e,10.3390/catal13111453,True,True,300.0,,2.187947508040472,,4.108978779121568,,,,,,,,,,,
6a7d9fab7bffe6ebe23a3fc2,,0.0,500.0,5.0,,,,Printex-U,,0.02,0.08,1:4,0.1,0.3,10,25.0,500,,6a7d9f9c7bffe6ebe23a3f2e,10.3390/catal13111453,True,True,350.0,,3.547980687215844,,8.524765439176885,,,,,,,,,,,
6a7d9fab7bffe6ebe23a3fc2,,0.0,500.0,5.0,,,,Printex-U,,0.02,0.08,1:4,0.1,0.3,10,25.0,500,,6a7d9f9c7bffe6ebe23a3f2e,10.3390/catal13111453,True,True,400.0,,5.808703273313457,,11.17873108599143,,,,,,,,,,,
6a7d9fab7bffe6ebe23a3fc2,,0.0,500.0,5.0,,,,Printex-U,,0.02,0.08,1:4,0.1,0.3,10,25.0,500,,6a7d9f9c7bffe6ebe23a3f2e,10.3390/catal13111453,True,True,450.0,,11.910854442018607,,8.909050057720169,,,,,,,,,,,
6a7d9fab7bffe6ebe23a3fc2,,0.0,500.0,5.0,,,,Printex-U,,0.02,0.08,1:4,0.1,0.3,10,25.0,500,,6a7d9f9c7bffe6ebe23a3f2e,10.3390/catal13111453,True,True,500.0,,26.042522556361558,,5.4892268596353935,,,,,,,,,,,
6a7d9fab7bffe6ebe23a3fc2,,0.0,500.0,5.0,,,,Printex-U,,0.02,0.08,1:4,0.1,0.3,10,25.0,500,,6a7d9f9c7bffe6ebe23a3f2e,10.3390/catal13111453,True,True,550.0,,52.495089638550446,,4.560668159385144,,,,,,,,,,,
6a7d9fab7bffe6ebe23a3fc2,,0.0,500.0,5.0,,,,Printex-U,,0.02,0.08,1:4,0.1,0.3,10,25.0,500,,6a7d9f9c7bffe6ebe23a3f2e,10.3390/catal13111453,True,True,600.0,,81.80544795799392,,6.825313199711785,,,,,,,,,,,
6a7d9fab7bffe6ebe23a3fc2,,0.0,500.0,5.0,,,,Printex-U,,0.02,0.08,1:4,0.1,0.3,10,25.0,500,,6a7d9f9c7bffe6ebe23a3f2e,10.3390/catal13111453,True,True,650.0,,97.8746547096431,,5.448164188702341,,,,,,,,,,,
6a7d9fab7bffe6ebe23a3fc2,,0.0,500.0,5.0,,,,Printex-U,,0.02,0.08,1:4,0.1,0.3,10,25.0,500,,6a7d9f9c7bffe6ebe23a3f2e,10.3390/catal13111453,True,True,700.0,,99.99,,3.81185549038901,,,,,,,,,,,
6a7d9fab7bffe6ebe23a3fc3,,,500.0,5.0,,,,,,,0.08,,0.08,0.32,10,25.0,500,,6a7d9f9c7bffe6ebe23a3f2f,10.1016/j.fuel.2022.125258,True,False,200.0,,,,7.681504112808459,,,,,,-2.464598322716654,,,,,
6a7d9fab7bffe6ebe23a3fc3,,,500.0,5.0,,,,,,,0.08,,0.08,0.32,10,25.0,500,,6a7d9f9c7bffe6ebe23a3f2f,10.1016/j.fuel.2022.125258,True,False,250.0,,,,17.79064629847238,,,,,,3.064020897300736,,,,,
6a7d9fab7bffe6ebe23a3fc3,,,500.0,5.0,,,,,,,0.08,,0.08,0.32,10,25.0,500,,6a7d9f9c7bffe6ebe23a3f2f,10.1016/j.fuel.2022.125258,True,False,300.0,,,,32.12183313748531,,,,,,23.16759085284815,,,,,
6a7d9fab7bffe6ebe23a3fc3,,,500.0,5.0,,,,,,,0.08,,0.08,0.32,10,25.0,500,,6a7d9f9c7bffe6ebe23a3f2f,10.1016/j.fuel.2022.125258,True,False,350.0,,,,38.18491186839013,,,,,,38.637092708858404,,,,,
6a7d9fab7bffe6ebe23a3fc3,,,500.0,5.0,,,,,,,0.08,,0.08,0.32,10,25.0,500,,6a7d9f9c7bffe6ebe23a3f2f,10.1016/j.fuel.2022.125258,True,False,400.0,,,,37.42383078730905,,,,,,10.90600797397002,,,,,
6a7d9fab7bffe6ebe23a3fc3,,,500.0,5.0,,,,,,,0.08,,0.08,0.32,10,25.0,500,,6a7d9f9c7bffe6ebe23a3f2f,10.1016/j.fuel.2022.125258,True,False,450.0,,,,29.72728554641598,,,,,,-33.278951468768625,,,,,
6a7d9fab7bffe6ebe23a3fc3,,,500.0,5.0,,,,,,,0.08,,0.08,0.32,10,25.0,500,,6a7d9f9c7bffe6ebe23a3f2f,10.1016/j.fuel.2022.125258,True,False,500.0,,,,20.616874265569912,,,,,,-45.70734613445764,,,,,
6a7d9fab7bffe6ebe23a3fc3,,,500.0,5.0,,,,,,,0.08,,0.08,0.32,10,25.0,500,,6a7d9f9c7bffe6ebe23a3f2f,10.1016/j.fuel.2022.125258,True,False,525.0,,,,19.19,,,,,,-89.17739791943542,,,,,
6a7d9fab7bffe6ebe23a3fc3,,,500.0,5.0,,,,,,,0.08,,0.08,0.32,10,25.0,500,,6a7d9f9c7bffe6ebe23a3f2f,10.1016/j.fuel.2022.125258,True,False,550.0,,,,13.18881316098707,,,,,,-14.610696118418048,,,,,
6a7d9fab7bffe6ebe23a3fc3,,,500.0,5.0,,,,,,,0.08,,0.08,0.32,10,25.0,500,,6a7d9f9c7bffe6ebe23a3f2f,10.1016/j.fuel.2022.125258,True,False,600.0,,,,8.804324324324321,,,,,,-9.800650749278219,,,,,
6a7d9fab7bffe6ebe23a3fc3,,,500.0,5.0,,,,,,,0.08,,0.08,0.32,10,25.0,500,,6a7d9f9c7bffe6ebe23a3f2f,10.1016/j.fuel.2022.125258,True,False,650.0,,,,6.115722679200939,,,,,,-2.6772375234865535,,,,,
6a7d9fab7bffe6ebe23a3fc4,,0.0,500.0,5.0,,,,Printex-U,,0.02,0.08,1:4,0.1,0.3,10,25.0,500,,6a7d9f9c7bffe6ebe23a3f2f,10.1016/j.fuel.2022.125258,True,True,200.0,,0.08163918680966863,,5.938200804587861,,,,,,,,,,,
6a7d9fab7bffe6ebe23a3fc4,,0.0,500.0,5.0,,,,Printex-U,,0.02,0.08,1:4,0.1,0.3,10,25.0,500,,6a7d9f9c7bffe6ebe23a3f2f,10.1016/j.fuel.2022.125258,True,True,250.0,,-0.030414599007523607,,12.014722245998456,,,,,,,,,,,
6a7d9fab7bffe6ebe23a3fc4,,0.0,500.0,5.0,,,,Printex-U,,0.02,0.08,1:4,0.1,0.3,10,25.0,500,,6a7d9f9c7bffe6ebe23a3f2f,10.1016/j.fuel.2022.125258,True,True,300.0,,0.6186969745477828,,21.866986219292986,,,,,,,,,,,
6a7d9fab7bffe6ebe23a3fc4,,0.0,500.0,5.0,,,,Printex-U,,0.02,0.08,1:4,0.1,0.3,10,25.0,500,,6a7d9f9c7bffe6ebe23a3f2f,10.1016/j.fuel.2022.125258,True,True,350.0,,3.4720665919641425,,28.80013695112557,,,,,,,,,,,
6a7d9fab7bffe6ebe23a3fc4,,0.0,500.0,5.0,,,,Printex-U,,0.02,0.08,1:4,0.1,0.3,10,25.0,500,,6a7d9f9c7bffe6ebe23a3f2f,10.1016/j.fuel.2022.125258,True,True,400.0,,13.910677125020008,,26.241889925532828,,,,,,,,,,,
6a7d9fab7bffe6ebe23a3fc4,,0.0,500.0,5.0,,,,Printex-U,,0.02,0.08,1:4,0.1,0.3,10,25.0,500,,6a7d9f9c7bffe6ebe23a3f2f,10.1016/j.fuel.2022.125258,True,True,450.0,,39.07475588282376,,15.65145938543182,,,,,,,,,,,
6a7d9fab7bffe6ebe23a3fc4,,0.0,500.0,5.0,,,,Printex-U,,0.02,0.08,1:4,0.1,0.3,10,25.0,500,,6a7d9f9c7bffe6ebe23a3f2f,10.1016/j.fuel.2022.125258,True,True,500.0,,74.27245077637266,,11.953094239493279,,,,,,,,,,,
6a7d9fab7bffe6ebe23a3fc4,,0.0,500.0,5.0,,,,Printex-U,,0.02,0.08,1:4,0.1,0.3,10,25.0,500,,6a7d9f9c7bffe6ebe23a3f2f,10.1016/j.fuel.2022.125258,True,True,550.0,,92.78693773011045,,10.052897372250277,,,,,,,,,,,
6a7d9fab7bffe6ebe23a3fc4,,0.0,500.0,5.0,,,,Printex-U,,0.02,0.08,1:4,0.1,0.3,10,25.0,500,,6a7d9f9c7bffe6ebe23a3f2f,10.1016/j.fuel.2022.125258,True,True,600.0,,98.83864254842325,,7.577505777625608,,,,,,,,,,,
6a7d9fab7bffe6ebe23a3fc5,,,500.0,5.0,,,,,,,0.08,,0.08,0.32,10,25.0,500,,6a7d9f9c7bffe6ebe23a3f30,10.1016/j.fuel.2022.125258,True,False,200.0,,,,5.43210340775558,,,,,,1.839512396315456,,,,,
6a7d9fab7bffe6ebe23a3fc5,,,500.0,5.0,,,,,,,0.08,,0.08,0.32,10,25.0,500,,6a7d9f9c7bffe6ebe23a3f30,10.1016/j.fuel.2022.125258,True,False,250.0,,,,15.314124559341947,,,,,,1.4783923743183038,,,,,
6a7d9fab7bffe6ebe23a3fc5,,,500.0,5.0,,,,,,,0.08,,0.08,0.32,10,25.0,500,,6a7d9f9c7bffe6ebe23a3f30,10.1016/j.fuel.2022.125258,True,False,300.0,,,,28.32394829612221,,,,,,10.370743778928528,,,,,
6a7d9fab7bffe6ebe23a3fc5,,,500.0,5.0,,,,,,,0.08,,0.08,0.32,10,25.0,500,,6a7d9f9c7bffe6ebe23a3f30,10.1016/j.fuel.2022.125258,True,False,350.0,,,,38.45790834312573,,,,,,16.97905687182069,,,,,
6a7d9fab7bffe6ebe23a3fc5,,,500.0,5.0,,,,,,,0.08,,0.08,0.32,10,25.0,500,,6a7d9f9c7bffe6ebe23a3f30,10.1016/j.fuel.2022.125258,True,False,400.0,,,,39.650669800235015,,,,,,5.590027954722501,,,,,
6a7d9fab7bffe6ebe23a3fc5,,,500.0,5.0,,,,,,,0.08,,0.08,0.32,10,25.0,500,,6a7d9f9c7bffe6ebe23a3f30,10.1016/j.fuel.2022.125258,True,False,450.0,,,,33.66129259694477,,,,,,-19.444571742816564,,,,,
6a7d9fab7bffe6ebe23a3fc5,,,500.0,5.0,,,,,,,0.08,,0.08,0.32,10,25.0,500,,6a7d9f9c7bffe6ebe23a3f30,10.1016/j.fuel.2022.125258,True,False,500.0,,,,21.951022326674494,,,,,,-19.195270610879447,,,,,
6a7d9fab7bffe6ebe23a3fc5,,,500.0,5.0,,,,,,,0.08,,0.08,0.32,10,25.0,500,,6a7d9f9c7bffe6ebe23a3f30,10.1016/j.fuel.2022.125258,True,False,550.0,,,,16.387309048178608,,,,,,-41.388570642958626,,,,,
6a7d9fab7bffe6ebe23a3fc5,,,500.0,5.0,,,,,,,0.08,,0.08,0.32,10,25.0,500,,6a7d9f9c7bffe6ebe23a3f30,10.1016/j.fuel.2022.125258,True,False,600.0,,,,9.196897767332548,,,,,,-8.183859584803656,,,,,
6a7d9fab7bffe6ebe23a3fc6,,0.0,500.0,5.0,,,,Printex-U,,0.02,0.08,1:4,0.1,0.3,10,25.0,500,,6a7d9f9c7bffe6ebe23a3f30,10.1016/j.fuel.2022.125258,True,True,200.0,,0.010404994397310708,,2.4315672344432073,,,,,,,,,,,
6a7d9fab7bffe6ebe23a3fc6,,0.0,500.0,5.0,,,,Printex-U,,0.02,0.08,1:4,0.1,0.3,10,25.0,500,,6a7d9f9c7bffe6ebe23a3f30,10.1016/j.fuel.2022.125258,True,True,250.0,,0.06643188730590682,,7.640503295386457,,,,,,,,,,,
6a7d9fab7bffe6ebe23a3fc6,,0.0,500.0,5.0,,,,Printex-U,,0.02,0.08,1:4,0.1,0.3,10,25.0,500,,6a7d9f9c7bffe6ebe23a3f30,10.1016/j.fuel.2022.125258,True,True,300.0,,0.28733792220265725,,16.52589232217752,,,,,,,,,,,
6a7d9fab7bffe6ebe23a3fc6,,0.0,500.0,5.0,,,,Printex-U,,0.02,0.08,1:4,0.1,0.3,10,25.0,500,,6a7d9f9c7bffe6ebe23a3f30,10.1016/j.fuel.2022.125258,True,True,350.0,,1.7208259964783092,,25.055208422494225,,,,,,,,,,,
6a7d9fab7bffe6ebe23a3fc6,,0.0,500.0,5.0,,,,Printex-U,,0.02,0.08,1:4,0.1,0.3,10,25.0,500,,6a7d9f9c7bffe6ebe23a3f30,10.1016/j.fuel.2022.125258,True,True,400.0,,8.789819113174323,,20.321492767268676,,,,,,,,,,,
6a7d9fab7bffe6ebe23a3fc6,,0.0,500.0,5.0,,,,Printex-U,,0.02,0.08,1:4,0.1,0.3,10,25.0,500,,6a7d9f9c7bffe6ebe23a3f30,10.1016/j.fuel.2022.125258,True,True,450.0,,27.384344485352976,,10.634254900282459,,,,,,,,,,,
6a7d9fab7bffe6ebe23a3fc6,,0.0,500.0,5.0,,,,Printex-U,,0.02,0.08,1:4,0.1,0.3,10,25.0,500,,6a7d9f9c7bffe6ebe23a3f30,10.1016/j.fuel.2022.125258,True,True,500.0,,61.07811749639827,,7.871265941966959,,,,,,,,,,,
6a7d9fab7bffe6ebe23a3fc6,,0.0,500.0,5.0,,,,Printex-U,,0.02,0.08,1:4,0.1,0.3,10,25.0,500,,6a7d9f9c7bffe6ebe23a3f30,10.1016/j.fuel.2022.125258,True,True,550.0,,87.3867456379062,,7.535735684327654,,,,,,,,,,,
6a7d9fab7bffe6ebe23a3fc6,,0.0,500.0,5.0,,,,Printex-U,,0.02,0.08,1:4,0.1,0.3,10,25.0,500,,6a7d9f9c7bffe6ebe23a3f30,10.1016/j.fuel.2022.125258,True,True,600.0,,97.29550184088363,,5.2335872635453216,,,,,,,,,,,
6a7d9fab7bffe6ebe23a3fc7,,,500.0,5.0,,,,,,,0.08,,0.08,0.32,10,25.0,500,,6a7d9f9c7bffe6ebe23a3f31,10.1016/j.fuel.2022.125258,True,False,200.0,,,,3.5850528789659215,,,,,,1.5370514641858506,,,,,
6a7d9fab7bffe6ebe23a3fc7,,,500.0,5.0,,,,,,,0.08,,0.08,0.32,10,25.0,500,,6a7d9f9c7bffe6ebe23a3f31,10.1016/j.fuel.2022.125258,True,False,250.0,,,,13.814524089306694,,,,,,5.049264470005937,,,,,
6a7d9fab7bffe6ebe23a3fc7,,,500.0,5.0,,,,,,,0.08,,0.08,0.32,10,25.0,500,,6a7d9f9c7bffe6ebe23a3f31,10.1016/j.fuel.2022.125258,True,False,300.0,,,,28.645076380728558,,,,,,18.291554007607317,,,,,
6a7d9fab7bffe6ebe23a3fc7,,,500.0,5.0,,,,,,,0.08,,0.08,0.32,10,25.0,500,,6a7d9f9c7bffe6ebe23a3f31,10.1016/j.fuel.2022.125258,True,False,350.0,,,,37.55619271445358,,,,,,22.852298244810015,,,,,
6a7d9fab7bffe6ebe23a3fc7,,,500.0,5.0,,,,,,,0.08,,0.08,0.32,10,25.0,500,,6a7d9f9c7bffe6ebe23a3f31,10.1016/j.fuel.2022.125258,True,False,400.0,,,,36.40028202115158,,,,,,-1.9934925072178373,,,,,
6a7d9fab7bffe6ebe23a3fc7,,,500.0,5.0,,,,,,,0.08,,0.08,0.32,10,25.0,500,,6a7d9f9c7bffe6ebe23a3f31,10.1016/j.fuel.2022.125258,True,False,450.0,,,,30.044653349001177,,,,,,-45.15375097383256,,,,,
6a7d9fab7bffe6ebe23a3fc7,,,500.0,5.0,,,,,,,0.08,,0.08,0.32,10,25.0,500,,6a7d9f9c7bffe6ebe23a3f31,10.1016/j.fuel.2022.125258,True,False,500.0,,,,19.072902467685072,,,,,,-36.976307226983195,,,,,
6a7d9fab7bffe6ebe23a3fc7,,,500.0,5.0,,,,,,,0.08,,0.08,0.32,10,25.0,500,,6a7d9f9c7bffe6ebe23a3f31,10.1016/j.fuel.2022.125258,True,False,550.0,,,,11.105616921269093,,,,,,-9.666834700517853,,,,,
6a7d9fab7bffe6ebe23a3fc7,,,500.0,5.0,,,,,,,0.08,,0.08,0.32,10,25.0,500,,6a7d9f9c7bffe6ebe23a3f31,10.1016/j.fuel.2022.125258,True,False,600.0,,,,7.117461809635721,,,,,,-7.135328353421045,,,,,
6a7d9fab7bffe6ebe23a3fc8,,0.0,500.0,5.0,,,,Printex-U,,0.02,0.08,1:4,0.1,0.3,10,25.0,500,,6a7d9f9c7bffe6ebe23a3f31,10.1016/j.fuel.2022.125258,True,True,200.0,,-0.0552265087241876,,2.569203115638106,,,,,,,,,,,
6a7d9fab7bffe6ebe23a3fc8,,0.0,500.0,5.0,,,,Printex-U,,0.02,0.08,1:4,0.1,0.3,10,25.0,500,,6a7d9f9c7bffe6ebe23a3f31,10.1016/j.fuel.2022.125258,True,True,250.0,,0.13446454298063068,,7.398099803132755,,,,,,,,,,,
6a7d9fab7bffe6ebe23a3fc8,,0.0,500.0,5.0,,,,Printex-U,,0.02,0.08,1:4,0.1,0.3,10,25.0,500,,6a7d9f9c7bffe6ebe23a3f31,10.1016/j.fuel.2022.125258,True,True,300.0,,0.42260284936769643,,15.589146623298808,,,,,,,,,,,
6a7d9fab7bffe6ebe23a3fc8,,0.0,500.0,5.0,,,,Printex-U,,0.02,0.08,1:4,0.1,0.3,10,25.0,500,,6a7d9f9c7bffe6ebe23a3f31,10.1016/j.fuel.2022.125258,True,True,350.0,,2.045781975348167,,24.449199691859963,,,,,,,,,,,
6a7d9fab7bffe6ebe23a3fc8,,0.0,500.0,5.0,,,,Printex-U,,0.02,0.08,1:4,0.1,0.3,10,25.0,500,,6a7d9f9c7bffe6ebe23a3f31,10.1016/j.fuel.2022.125258,True,True,400.0,,6.787257883784215,,21.226054951639128,,,,,,,,,,,
6a7d9fab7bffe6ebe23a3fc8,,0.0,500.0,5.0,,,,Printex-U,,0.02,0.08,1:4,0.1,0.3,10,25.0,500,,6a7d9f9c7bffe6ebe23a3f31,10.1016/j.fuel.2022.125258,True,True,450.0,,18.821034096366255,,11.93255157065822,,,,,,,,,,,
6a7d9fab7bffe6ebe23a3fc8,,0.0,500.0,5.0,,,,Printex-U,,0.02,0.08,1:4,0.1,0.3,10,25.0,500,,6a7d9f9c7bffe6ebe23a3f31,10.1016/j.fuel.2022.125258,True,True,500.0,,44.435729149992,,8.986732859710688,,,,,,,,,,,
6a7d9fab7bffe6ebe23a3fc8,,0.0,500.0,5.0,,,,Printex-U,,0.02,0.08,1:4,0.1,0.3,10,25.0,500,,6a7d9f9c7bffe6ebe23a3f31,10.1016/j.fuel.2022.125258,True,True,550.0,,72.18744997598849,,8.120516990499015,,,,,,,,,,,
6a7d9fab7bffe6ebe23a3fc8,,0.0,500.0,5.0,,,,Printex-U,,0.02,0.08,1:4,0.1,0.3,10,25.0,500,,6a7d9f9c7bffe6ebe23a3f31,10.1016/j.fuel.2022.125258,True,True,600.0,,90.8179926364655,,6.533253445176751,,,,,,,,,,,
6a7d9fab7bffe6ebe23a3fcb,NO TPO,,1000.0,5.0,,,,,,,0.05,,0.05,0.0,5,25.0,100,,6a7d9f9c7bffe6ebe23a3f33,10.1016/j.seppur.2024.129227,True,False,133.451182025459,,,,20.174836905871388,,,,,,,,,,,
6a7d9fab7bffe6ebe23a3fcb,NO TPO,,1000.0,5.0,,,,,,,0.05,,0.05,0.0,5,25.0,100,,6a7d9f9c7bffe6ebe23a3f33,10.1016/j.seppur.2024.129227,True,False,169.36887871431077,,,,23.30251630941286,,,,,,,,,,,
6a7d9fab7bffe6ebe23a3fcb,NO TPO,,1000.0,5.0,,,,,,,0.05,,0.05,0.0,5,25.0,100,,6a7d9f9c7bffe6ebe23a3f33,10.1016/j.seppur.2024.129227,True,False,203.95731600372935,,,,31.962348555452007,,,,,,,,,,,
6a7d9fab7bffe6ebe23a3fcb,NO TPO,,1000.0,5.0,,,,,,,0.05,,0.05,0.0,5,25.0,100,,6a7d9f9c7bffe6ebe23a3f33,10.1016/j.seppur.2024.129227,True,False,230.51481108823884,,,,42.308667287977634,,,,,,,,,,,
6a7d9fab7bffe6ebe23a3fcb,NO TPO,,1000.0,5.0,,,,,,,0.05,,0.05,0.0,5,25.0,100,,6a7d9f9c7bffe6ebe23a3f33,10.1016/j.seppur.2024.129227,True,False,250.21831239442082,,,,52.969617893755824,,,,,,,,,,,
6a7d9fab7bffe6ebe23a3fcb,NO TPO,,1000.0,5.0,,,,,,,0.05,,0.05,0.0,5,25.0,100,,6a7d9f9c7bffe6ebe23a3f33,10.1016/j.seppur.2024.129227,True,False,271.0239912859662,,,,64.1323392357875,,,,,,,,,,,
6a7d9fab7bffe6ebe23a3fcb,NO TPO,,1000.0,5.0,,,,,,,0.05,,0.05,0.0,5,25.0,100,,6a7d9f9c7bffe6ebe23a3f33,10.1016/j.seppur.2024.129227,True,False,290.09886366783286,,,,73.59440820130476,,,,,,,,,,,
6a7d9fab7bffe6ebe23a3fcb,NO TPO,,1000.0,5.0,,,,,,,0.05,,0.05,0.0,5,25.0,100,,6a7d9f9c7bffe6ebe23a3f33,10.1016/j.seppur.2024.129227,True,False,312.95381746683773,,,,80.08536812674744,,,,,,,,,,,
6a7d9fab7bffe6ebe23a3fcb,NO TPO,,1000.0,5.0,,,,,,,0.05,,0.05,0.0,5,25.0,100,,6a7d9f9c7bffe6ebe23a3f33,10.1016/j.seppur.2024.129227,True,False,340.91811208241415,,,,76.4797763280522,,,,,,,,,,,
6a7d9fab7bffe6ebe23a3fcb,NO TPO,,1000.0,5.0,,,,,,,0.05,,0.05,0.0,5,25.0,100,,6a7d9f9c7bffe6ebe23a3f33,10.1016/j.seppur.2024.129227,True,False,363.6484478127221,,,,68.82721342031687,,,,,,,,,,,
6a7d9fab7bffe6ebe23a3fcb,NO TPO,,1000.0,5.0,,,,,,,0.05,,0.05,0.0,5,25.0,100,,6a7d9f9c7bffe6ebe23a3f33,10.1016/j.seppur.2024.129227,True,False,386.61417322834654,,,,60.483504193849015,,,,,,,,,,,
6a7d9fab7bffe6ebe23a3fcb,NO TPO,,1000.0,5.0,,,,,,,0.05,,0.05,0.0,5,25.0,100,,6a7d9f9c7bffe6ebe23a3f33,10.1016/j.seppur.2024.129227,True,False,408.27002427744605,,,,52.40894687791239,,,,,,,,,,,
6a7d9fab7bffe6ebe23a3fcb,NO TPO,,1000.0,5.0,,,,,,,0.05,,0.05,0.0,5,25.0,100,,6a7d9f9c7bffe6ebe23a3f33,10.1016/j.seppur.2024.129227,True,False,438.9122227247972,,,,43.359925442684066,,,,,,,,,,,
6a7d9fab7bffe6ebe23a3fcb,NO TPO,,1000.0,5.0,,,,,,,0.05,,0.05,0.0,5,25.0,100,,6a7d9f9c7bffe6ebe23a3f33,10.1016/j.seppur.2024.129227,True,False,470.0445855756894,,,,35.66486486486487,,,,,,,,,,,
6a7d9fab7bffe6ebe23a3fcb,NO TPO,,1000.0,5.0,,,,,,,0.05,,0.05,0.0,5,25.0,100,,6a7d9f9c7bffe6ebe23a3f33,10.1016/j.seppur.2024.129227,True,False,501.0329453249763,,,,29.67343895619757,,,,,,,,,,,
6a7d9fab7bffe6ebe23a3fcb,NO TPO,,1000.0,5.0,,,,,,,0.05,,0.05,0.0,5,25.0,100,,6a7d9f9c7bffe6ebe23a3f33,10.1016/j.seppur.2024.129227,True,False,529.0193942638766,,,,25.832991612301953,,,,,,,,,,,
6a7d9fab7bffe6ebe23a3fcb,NO TPO,,1000.0,5.0,,,,,,,0.05,,0.05,0.0,5,25.0,100,,6a7d9f9c7bffe6ebe23a3f33,10.1016/j.seppur.2024.129227,True,False,554.4165566642976,,,,23.18620689655172,,,,,,,,,,,
6a7d9fab7bffe6ebe23a3fcb,NO TPO,,1000.0,5.0,,,,,,,0.05,,0.05,0.0,5,25.0,100,,6a7d9f9c7bffe6ebe23a3f33,10.1016/j.seppur.2024.129227,True,False,593.923253731619,,,,20.33438956197577,,,,,,,,,,,
6a7d9fab7bffe6ebe23a3fcc,tight contact O2,1.0,1000.0,5.0,,,Degussa,Printex-U,,0.005,0.045,1:9,0.05,0.05,4,25.0,100,,6a7d9f9c7bffe6ebe23a3f33,10.1016/j.seppur.2024.129227,True,True,212.67752442996743,,1.686389187714965,,,,,,,,,,,,,
6a7d9fab7bffe6ebe23a3fcc,tight contact O2,1.0,1000.0,5.0,,,Degussa,Printex-U,,0.005,0.045,1:9,0.05,0.05,4,25.0,100,,6a7d9f9c7bffe6ebe23a3f33,10.1016/j.seppur.2024.129227,True,True,264.5515743756786,,7.628145880998195,,,,,,,,,,,,,
6a7d9fab7bffe6ebe23a3fcc,tight contact O2,1.0,1000.0,5.0,,,Degussa,Printex-U,,0.005,0.045,1:9,0.05,0.05,4,25.0,100,,6a7d9f9c7bffe6ebe23a3f33,10.1016/j.seppur.2024.129227,True,True,311.16178067318134,,15.25629176199639,,,,,,,,,,,,,
6a7d9fab7bffe6ebe23a3fcc,tight contact O2,1.0,1000.0,5.0,,,Degussa,Printex-U,,0.005,0.045,1:9,0.05,0.05,4,25.0,100,,6a7d9f9c7bffe6ebe23a3f33,10.1016/j.seppur.2024.129227,True,True,343.4636264929424,,24.553402324277638,,,,,,,,,,,,,
6a7d9fab7bffe6ebe23a3fcc,tight contact O2,1.0,1000.0,5.0,,,Degussa,Printex-U,,0.005,0.045,1:9,0.05,0.05,4,25.0,100,,6a7d9f9c7bffe6ebe23a3f33,10.1016/j.seppur.2024.129227,True,True,375.19652551574376,,46.00675767814664,,,,,,,,,,,,,
6a7d9fab7bffe6ebe23a3fcc,tight contact O2,1.0,1000.0,5.0,,,Degussa,Printex-U,,0.005,0.045,1:9,0.05,0.05,4,25.0,100,,6a7d9f9c7bffe6ebe23a3f33,10.1016/j.seppur.2024.129227,True,True,390.757871878393,,64.57900877286019,,,,,,,,,,,,,
6a7d9fab7bffe6ebe23a3fcc,tight contact O2,1.0,1000.0,5.0,,,Degussa,Printex-U,,0.005,0.045,1:9,0.05,0.05,4,25.0,100,,6a7d9f9c7bffe6ebe23a3f33,10.1016/j.seppur.2024.129227,True,True,407.53963083604776,,83.49974999621207,,,,,,,,,,,,,
6a7d9fab7bffe6ebe23a3fcc,tight contact O2,1.0,1000.0,5.0,,,Degussa,Printex-U,,0.005,0.045,1:9,0.05,0.05,4,25.0,100,,6a7d9f9c7bffe6ebe23a3f33,10.1016/j.seppur.2024.129227,True,True,424.40825190010855,,94.317338141487,,,,,,,,,,,,,
6a7d9fab7bffe6ebe23a3fcc,tight contact O2,1.0,1000.0,5.0,,,Degussa,Printex-U,,0.005,0.045,1:9,0.05,0.05,4,25.0,100,,6a7d9f9c7bffe6ebe23a3f33,10.1016/j.seppur.2024.129227,True,True,457.14657980456025,,99.39241503659146,,,,,,,,,,,,,
6a7d9fab7bffe6ebe23a3fcc,tight contact O2,1.0,1000.0,5.0,,,Degussa,Printex-U,,0.005,0.045,1:9,0.05,0.05,4,25.0,100,,6a7d9f9c7bffe6ebe23a3f33,10.1016/j.seppur.2024.129227,True,True,522.3279044516828,,99.83863391869573,,,,,,,,,,,,,
6a7d9fab7bffe6ebe23a3fcd,tight contact NO,1.0,1000.0,5.0,,,Degussa,Printex-U,,0.005,0.045,1:9,0.05,0.05,4,25.0,100,,6a7d9f9c7bffe6ebe23a3f33,10.1016/j.seppur.2024.129227,True,True,205.3675131055508,,1.848764374084577,,,,,,,,,,,,,
6a7d9fab7bffe6ebe23a3fcd,tight contact NO,1.0,1000.0,5.0,,,Degussa,Printex-U,,0.005,0.045,1:9,0.05,0.05,4,25.0,100,,6a7d9f9c7bffe6ebe23a3f33,10.1016/j.seppur.2024.129227,True,True,247.3811205710674,,5.504222630808064,,,,,,,,,,,,,
6a7d9fab7bffe6ebe23a3fcd,tight contact NO,1.0,1000.0,5.0,,,Degussa,Printex-U,,0.005,0.045,1:9,0.05,0.05,4,25.0,100,,6a7d9f9c7bffe6ebe23a3f33,10.1016/j.seppur.2024.129227,True,True,278.55783172844554,,10.269095328617281,,,,,,,,,,,,,
6a7d9fab7bffe6ebe23a3fcd,tight contact NO,1.0,1000.0,5.0,,,Degussa,Printex-U,,0.005,0.045,1:9,0.05,0.05,4,25.0,100,,6a7d9f9c7bffe6ebe23a3f33,10.1016/j.seppur.2024.129227,True,True,311.67751050303,,17.156969678082827,,,,,,,,,,,,,
6a7d9fab7bffe6ebe23a3fcd,tight contact NO,1.0,1000.0,5.0,,,Degussa,Printex-U,,0.005,0.045,1:9,0.05,0.05,4,25.0,100,,6a7d9f9c7bffe6ebe23a3f33,10.1016/j.seppur.2024.129227,True,True,343.8937427965944,,32.86094923494033,,,,,,,,,,,,,
6a7d9fab7bffe6ebe23a3fcd,tight contact NO,1.0,1000.0,5.0,,,Degussa,Printex-U,,0.005,0.045,1:9,0.05,0.05,4,25.0,100,,6a7d9f9c7bffe6ebe23a3f33,10.1016/j.seppur.2024.129227,True,True,361.3269137822062,,50.36071550998785,,,,,,,,,,,,,
6a7d9fab7bffe6ebe23a3fcd,tight contact NO,1.0,1000.0,5.0,,,Degussa,Printex-U,,0.005,0.045,1:9,0.05,0.05,4,25.0,100,,6a7d9f9c7bffe6ebe23a3f33,10.1016/j.seppur.2024.129227,True,True,375.92705506190276,,69.33061173610895,,,,,,,,,,,,,
6a7d9fab7bffe6ebe23a3fcd,tight contact NO,1.0,1000.0,5.0,,,Degussa,Printex-U,,0.005,0.045,1:9,0.05,0.05,4,25.0,100,,6a7d9f9c7bffe6ebe23a3f33,10.1016/j.seppur.2024.129227,True,True,393.0568464884559,,87.49493595936302,,,,,,,,,,,,,
6a7d9fab7bffe6ebe23a3fcd,tight contact NO,1.0,1000.0,5.0,,,Degussa,Printex-U,,0.005,0.045,1:9,0.05,0.05,4,25.0,100,,6a7d9f9c7bffe6ebe23a3f33,10.1016/j.seppur.2024.129227,True,True,409.80518273413384,,96.82679422855183,,,,,,,,,,,,,
6a7d9fab7bffe6ebe23a3fcd,tight contact NO,1.0,1000.0,5.0,,,Degussa,Printex-U,,0.005,0.045,1:9,0.05,0.05,4,25.0,100,,6a7d9f9c7bffe6ebe23a3f33,10.1016/j.seppur.2024.129227,True,True,425.9088374168122,,99.03159961357474,,,,,,,,,,,,,
6a7d9fab7bffe6ebe23a3fcd,tight contact NO,1.0,1000.0,5.0,,,Degussa,Printex-U,,0.005,0.045,1:9,0.05,0.05,4,25.0,100,,6a7d9f9c7bffe6ebe23a3f33,10.1016/j.seppur.2024.129227,True,True,458.11391605011704,,99.62370282651376,,,,,,,,,,,,,
6a7d9fab7bffe6ebe23a3fcd,tight contact NO,1.0,1000.0,5.0,,,Degussa,Printex-U,,0.005,0.045,1:9,0.05,0.05,4,25.0,100,,6a7d9f9c7bffe6ebe23a3f33,10.1016/j.seppur.2024.129227,True,True,505.7445068223222,,100.09660631369005,,,,,,,,,,,,,
6a7d9fab7bffe6ebe23a3fce,loose contact NO,0.0,1000.0,5.0,,,Degussa,Printex-U,,0.005,0.045,1:9,0.05,0.05,4,25.0,100,,6a7d9f9c7bffe6ebe23a3f33,10.1016/j.seppur.2024.129227,True,True,203.46103545949833,,0.4875804967801365,,,,,,,,,,,,,
6a7d9fab7bffe6ebe23a3fce,loose contact NO,0.0,1000.0,5.0,,,Degussa,Printex-U,,0.005,0.045,1:9,0.05,0.05,4,25.0,100,,6a7d9f9c7bffe6ebe23a3f33,10.1016/j.seppur.2024.129227,True,True,246.3186210401701,,1.6015026065624092,,,,,,,,,,,,,
6a7d9fab7bffe6ebe23a3fce,loose contact NO,0.0,1000.0,5.0,,,Degussa,Printex-U,,0.005,0.045,1:9,0.05,0.05,4,25.0,100,,6a7d9f9c7bffe6ebe23a3f33,10.1016/j.seppur.2024.129227,True,True,296.12461958980776,,4.524685679239502,,,,,,,,,,,,,
6a7d9fab7bffe6ebe23a3fce,loose contact NO,0.0,1000.0,5.0,,,Degussa,Printex-U,,0.005,0.045,1:9,0.05,0.05,4,25.0,100,,6a7d9f9c7bffe6ebe23a3f33,10.1016/j.seppur.2024.129227,True,True,343.9022802918079,,10.743636921189822,,,,,,,,,,,,,
6a7d9fab7bffe6ebe23a3fce,loose contact NO,0.0,1000.0,5.0,,,Degussa,Printex-U,,0.005,0.045,1:9,0.05,0.05,4,25.0,100,,6a7d9f9c7bffe6ebe23a3f33,10.1016/j.seppur.2024.129227,True,True,376.9978120603202,,20.49218031278749,,,,,,,,,,,,,
6a7d9fab7bffe6ebe23a3fce,loose contact NO,0.0,1000.0,5.0,,,Degussa,Printex-U,,0.005,0.045,1:9,0.05,0.05,4,25.0,100,,6a7d9f9c7bffe6ebe23a3f33,10.1016/j.seppur.2024.129227,True,True,393.0227657293029,,27.641061024225696,,,,,,,,,,,,,
6a7d9fab7bffe6ebe23a3fce,loose contact NO,0.0,1000.0,5.0,,,Degussa,Printex-U,,0.005,0.045,1:9,0.05,0.05,4,25.0,100,,6a7d9f9c7bffe6ebe23a3f33,10.1016/j.seppur.2024.129227,True,True,409.24729916511194,,36.90432382704692,,,,,,,,,,,,,
6a7d9fab7bffe6ebe23a3fce,loose contact NO,0.0,1000.0,5.0,,,Degussa,Printex-U,,0.005,0.045,1:9,0.05,0.05,4,25.0,100,,6a7d9f9c7bffe6ebe23a3f33,10.1016/j.seppur.2024.129227,True,True,425.95993529152906,,48.50122661760196,,,,,,,,,,,,,
6a7d9fab7bffe6ebe23a3fce,loose contact NO,0.0,1000.0,5.0,,,Degussa,Printex-U,,0.005,0.045,1:9,0.05,0.05,4,25.0,100,,6a7d9f9c7bffe6ebe23a3f33,10.1016/j.seppur.2024.129227,True,True,441.6768419291058,,60.30895430849432,,,,,,,,,,,,,
6a7d9fab7bffe6ebe23a3fce,loose contact NO,0.0,1000.0,5.0,,,Degussa,Printex-U,,0.005,0.045,1:9,0.05,0.05,4,25.0,100,,6a7d9f9c7bffe6ebe23a3f33,10.1016/j.seppur.2024.129227,True,True,457.14210451285805,,71.47960748236737,,,,,,,,,,,,,
6a7d9fab7bffe6ebe23a3fce,loose contact NO,0.0,1000.0,5.0,,,Degussa,Printex-U,,0.005,0.045,1:9,0.05,0.05,4,25.0,100,,6a7d9f9c7bffe6ebe23a3f33,10.1016/j.seppur.2024.129227,True,True,475.29301656759986,,83.54645814167432,,,,,,,,,,,,,
6a7d9fab7bffe6ebe23a3fce,loose contact NO,0.0,1000.0,5.0,,,Degussa,Printex-U,,0.005,0.045,1:9,0.05,0.05,4,25.0,100,,6a7d9f9c7bffe6ebe23a3f33,10.1016/j.seppur.2024.129227,True,True,490.26583777016094,,91.42747623428396,,,,,,,,,,,,,
6a7d9fab7bffe6ebe23a3fce,loose contact NO,0.0,1000.0,5.0,,,Degussa,Printex-U,,0.005,0.045,1:9,0.05,0.05,4,25.0,100,,6a7d9f9c7bffe6ebe23a3f33,10.1016/j.seppur.2024.129227,True,True,507.2257792598194,,96.84682612695492,,,,,,,,,,,,,
6a7d9fab7bffe6ebe23a3fce,loose contact NO,0.0,1000.0,5.0,,,Degussa,Printex-U,,0.005,0.045,1:9,0.05,0.05,4,25.0,100,,6a7d9f9c7bffe6ebe23a3f33,10.1016/j.seppur.2024.129227,True,True,523.3830629915892,,99.13293468261269,,,,,,,,,,,,,
6a7d9fab7bffe6ebe23a3fce,loose contact NO,0.0,1000.0,5.0,,,Degussa,Printex-U,,0.005,0.045,1:9,0.05,0.05,4,25.0,100,,6a7d9f9c7bffe6ebe23a3f33,10.1016/j.seppur.2024.129227,True,True,537.8525960865011,,99.73167739957067,,,,,,,,,,,,,
6a7d9fab7bffe6ebe23a3fce,loose contact NO,0.0,1000.0,5.0,,,Degussa,Printex-U,,0.005,0.045,1:9,0.05,0.05,4,25.0,100,,6a7d9f9c7bffe6ebe23a3f33,10.1016/j.seppur.2024.129227,True,True,556.8278593520477,,99.98926709598283,,,,,,,,,,,,,
6a7d9fab7bffe6ebe23a3fcf,NO TPO,,1000.0,5.0,,,,,,,0.05,,0.05,0.0,5,25.0,100,,6a7d9f9c7bffe6ebe23a3f34,10.1016/j.seppur.2024.129227,True,False,109.62420729061854,,,,16.69077353215284,,,,,,,,,,,
6a7d9fab7bffe6ebe23a3fcf,NO TPO,,1000.0,5.0,,,,,,,0.05,,0.05,0.0,5,25.0,100,,6a7d9f9c7bffe6ebe23a3f34,10.1016/j.seppur.2024.129227,True,False,142.53722387866813,,,,18.908108108108106,,,,,,,,,,,
6a7d9fab7bffe6ebe23a3fcf,NO TPO,,1000.0,5.0,,,,,,,0.05,,0.05,0.0,5,25.0,100,,6a7d9f9c7bffe6ebe23a3f34,10.1016/j.seppur.2024.129227,True,False,175.58316640666106,,,,20.10251630941286,,,,,,,,,,,
6a7d9fab7bffe6ebe23a3fcf,NO TPO,,1000.0,5.0,,,,,,,0.05,,0.05,0.0,5,25.0,100,,6a7d9f9c7bffe6ebe23a3f34,10.1016/j.seppur.2024.129227,True,False,208.5875695784217,,,,24.810065237651443,,,,,,,,,,,
6a7d9fab7bffe6ebe23a3fcf,NO TPO,,1000.0,5.0,,,,,,,0.05,,0.05,0.0,5,25.0,100,,6a7d9f9c7bffe6ebe23a3f34,10.1016/j.seppur.2024.129227,True,False,244.5357284618438,,,,34.841006523765145,,,,,,,,,,,
6a7d9fab7bffe6ebe23a3fcf,NO TPO,,1000.0,5.0,,,,,,,0.05,,0.05,0.0,5,25.0,100,,6a7d9f9c7bffe6ebe23a3f34,10.1016/j.seppur.2024.129227,True,False,270.5587504961645,,,,43.62982292637465,,,,,,,,,,,
6a7d9fab7bffe6ebe23a3fcf,NO TPO,,1000.0,5.0,,,,,,,0.05,,0.05,0.0,5,25.0,100,,6a7d9f9c7bffe6ebe23a3f34,10.1016/j.seppur.2024.129227,True,False,294.4134181351599,,,,52.51332712022367,,,,,,,,,,,
6a7d9fab7bffe6ebe23a3fcf,NO TPO,,1000.0,5.0,,,,,,,0.05,,0.05,0.0,5,25.0,100,,6a7d9f9c7bffe6ebe23a3f34,10.1016/j.seppur.2024.129227,True,False,320.18720403208687,,,,60.6385834109972,,,,,,,,,,,
6a7d9fab7bffe6ebe23a3fcf,NO TPO,,1000.0,5.0,,,,,,,0.05,,0.05,0.0,5,25.0,100,,6a7d9f9c7bffe6ebe23a3f34,10.1016/j.seppur.2024.129227,True,False,344.70373208038336,,,,63.55004659832246,,,,,,,,,,,
6a7d9fab7bffe6ebe23a3fcf,NO TPO,,1000.0,5.0,,,,,,,0.05,,0.05,0.0,5,25.0,100,,6a7d9f9c7bffe6ebe23a3f34,10.1016/j.seppur.2024.129227,True,False,372.47417636687567,,,,60.28443616029823,,,,,,,,,,,
6a7d9fab7bffe6ebe23a3fcf,NO TPO,,1000.0,5.0,,,,,,,0.05,,0.05,0.0,5,25.0,100,,6a7d9f9c7bffe6ebe23a3f34,10.1016/j.seppur.2024.129227,True,False,395.2515900342469,,,,54.643429636533085,,,,,,,,,,,
6a7d9fab7bffe6ebe23a3fcf,NO TPO,,1000.0,5.0,,,,,,,0.05,,0.05,0.0,5,25.0,100,,6a7d9f9c7bffe6ebe23a3f34,10.1016/j.seppur.2024.129227,True,False,423.3072712335344,,,,46.55992544268406,,,,,,,,,,,
6a7d9fab7bffe6ebe23a3fcf,NO TPO,,1000.0,5.0,,,,,,,0.05,,0.05,0.0,5,25.0,100,,6a7d9f9c7bffe6ebe23a3f34,10.1016/j.seppur.2024.129227,True,False,447.5911788869299,,,,40.00633737185461,,,,,,,,,,,
6a7d9fab7bffe6ebe23a3fcf,NO TPO,,1000.0,5.0,,,,,,,0.05,,0.05,0.0,5,25.0,100,,6a7d9f9c7bffe6ebe23a3f34,10.1016/j.seppur.2024.129227,True,False,484.94613730141884,,,,31.709599254426845,,,,,,,,,,,
6a7d9fab7bffe6ebe23a3fcf,NO TPO,,1000.0,5.0,,,,,,,0.05,,0.05,0.0,5,25.0,100,,6a7d9f9c7bffe6ebe23a3f34,10.1016/j.seppur.2024.129227,True,False,518.8754834719518,,,,26.77092264678471,,,,,,,,,,,
6a7d9fab7bffe6ebe23a3fcf,NO TPO,,1000.0,5.0,,,,,,,0.05,,0.05,0.0,5,25.0,100,,6a7d9f9c7bffe6ebe23a3f34,10.1016/j.seppur.2024.129227,True,False,573.0621890317639,,,,21.692823858341097,,,,,,,,,,,
6a7d9fab7bffe6ebe23a3fd0,tight contact O2,1.0,1000.0,5.0,,,Degussa,Printex-U,,0.005,0.045,1:9,0.05,0.05,4,25.0,100,,6a7d9f9c7bffe6ebe23a3f34,10.1016/j.seppur.2024.129227,True,True,215.89793702497286,,1.8242700646979497,,,,,,,,,,,,,
6a7d9fab7bffe6ebe23a3fd0,tight contact O2,1.0,1000.0,5.0,,,Degussa,Printex-U,,0.005,0.045,1:9,0.05,0.05,4,25.0,100,,6a7d9f9c7bffe6ebe23a3f34,10.1016/j.seppur.2024.129227,True,True,250.74049945711184,,4.351581084561887,,,,,,,,,,,,,
6a7d9fab7bffe6ebe23a3fd0,tight contact O2,1.0,1000.0,5.0,,,Degussa,Printex-U,,0.005,0.045,1:9,0.05,0.05,4,25.0,100,,6a7d9f9c7bffe6ebe23a3f34,10.1016/j.seppur.2024.129227,True,True,280.5298588490771,,7.558447855270533,,,,,,,,,,,,,
6a7d9fab7bffe6ebe23a3fd0,tight contact O2,1.0,1000.0,5.0,,,Degussa,Printex-U,,0.005,0.045,1:9,0.05,0.05,4,25.0,100,,6a7d9f9c7bffe6ebe23a3f34,10.1016/j.seppur.2024.129227,True,True,311.0466883821932,,11.437294504462187,,,,,,,,,,,,,
6a7d9fab7bffe6ebe23a3fd0,tight contact O2,1.0,1000.0,5.0,,,Degussa,Printex-U,,0.005,0.045,1:9,0.05,0.05,4,25.0,100,,6a7d9f9c7bffe6ebe23a3f34,10.1016/j.seppur.2024.129227,True,True,344.04777415852334,,18.851043197624204,,,,,,,,,,,,,
6a7d9fab7bffe6ebe23a3fd0,tight contact O2,1.0,1000.0,5.0,,,Degussa,Printex-U,,0.005,0.045,1:9,0.05,0.05,4,25.0,100,,6a7d9f9c7bffe6ebe23a3f34,10.1016/j.seppur.2024.129227,True,True,360.13680781758956,,25.634479310292576,,,,,,,,,,,,,
6a7d9fab7bffe6ebe23a3fd0,tight contact O2,1.0,1000.0,5.0,,,Degussa,Printex-U,,0.005,0.045,1:9,0.05,0.05,4,25.0,100,,6a7d9f9c7bffe6ebe23a3f34,10.1016/j.seppur.2024.129227,True,True,376.26275787187836,,36.871770784405825,,,,,,,,,,,,,
6a7d9fab7bffe6ebe23a3fd0,tight contact O2,1.0,1000.0,5.0,,,Degussa,Printex-U,,0.005,0.045,1:9,0.05,0.05,4,25.0,100,,6a7d9f9c7bffe6ebe23a3f34,10.1016/j.seppur.2024.129227,True,True,392.0043431053203,,53.46293125653419,,,,,,,,,,,,,
6a7d9fab7bffe6ebe23a3fd0,tight contact O2,1.0,1000.0,5.0,,,Degussa,Printex-U,,0.005,0.045,1:9,0.05,0.05,4,25.0,100,,6a7d9f9c7bffe6ebe23a3f34,10.1016/j.seppur.2024.129227,True,True,408.34310532030395,,71.87836179336051,,,,,,,,,,,,,
6a7d9fab7bffe6ebe23a3fd0,tight contact O2,1.0,1000.0,5.0,,,Degussa,Printex-U,,0.005,0.045,1:9,0.05,0.05,4,25.0,100,,6a7d9f9c7bffe6ebe23a3f34,10.1016/j.seppur.2024.129227,True,True,425.2073832790445,,87.64678252700799,,,,,,,,,,,,,
6a7d9fab7bffe6ebe23a3fd0,tight contact O2,1.0,1000.0,5.0,,,Degussa,Printex-U,,0.005,0.045,1:9,0.05,0.05,4,25.0,100,,6a7d9f9c7bffe6ebe23a3f34,10.1016/j.seppur.2024.129227,True,True,441.8262757871878,,96.3211563811573,,,,,,,,,,,,,
6a7d9fab7bffe6ebe23a3fd0,tight contact O2,1.0,1000.0,5.0,,,Degussa,Printex-U,,0.005,0.045,1:9,0.05,0.05,4,25.0,100,,6a7d9f9c7bffe6ebe23a3f34,10.1016/j.seppur.2024.129227,True,True,457.1965255157437,,99.04392490795315,,,,,,,,,,,,,
6a7d9fab7bffe6ebe23a3fd0,tight contact O2,1.0,1000.0,5.0,,,Degussa,Printex-U,,0.005,0.045,1:9,0.05,0.05,4,25.0,100,,6a7d9f9c7bffe6ebe23a3f34,10.1016/j.seppur.2024.129227,True,True,472.9207383279044,,99.7734814163851,,,,,,,,,,,,,
6a7d9fab7bffe6ebe23a3fd0,tight contact O2,1.0,1000.0,5.0,,,Degussa,Printex-U,,0.005,0.045,1:9,0.05,0.05,4,25.0,100,,6a7d9f9c7bffe6ebe23a3f34,10.1016/j.seppur.2024.129227,True,True,507.1900108577633,,99.99772723829149,,,,,,,,,,,,,
6a7d9fab7bffe6ebe23a3fd1,tight contact NO,1.0,1000.0,5.0,,,Degussa,Printex-U,,0.005,0.045,1:9,0.05,0.05,4,25.0,100,,6a7d9f9c7bffe6ebe23a3f34,10.1016/j.seppur.2024.129227,True,True,209.86913038628842,,1.5667362647636258,,,,,,,,,,,,,
6a7d9fab7bffe6ebe23a3fd1,tight contact NO,1.0,1000.0,5.0,,,Degussa,Printex-U,,0.005,0.045,1:9,0.05,0.05,4,25.0,100,,6a7d9f9c7bffe6ebe23a3f34,10.1016/j.seppur.2024.129227,True,True,242.88396475443358,,3.32902240643211,,,,,,,,,,,,,
6a7d9fab7bffe6ebe23a3fd1,tight contact NO,1.0,1000.0,5.0,,,Degussa,Printex-U,,0.005,0.045,1:9,0.05,0.05,4,25.0,100,,6a7d9f9c7bffe6ebe23a3f34,10.1016/j.seppur.2024.129227,True,True,274.86820091460015,,6.6619402287388185,,,,,,,,,,,,,
6a7d9fab7bffe6ebe23a3fd1,tight contact NO,1.0,1000.0,5.0,,,Degussa,Printex-U,,0.005,0.045,1:9,0.05,0.05,4,25.0,100,,6a7d9f9c7bffe6ebe23a3f34,10.1016/j.seppur.2024.129227,True,True,308.19087630590775,,12.452086384742433,,,,,,,,,,,,,
6a7d9fab7bffe6ebe23a3fd1,tight contact NO,1.0,1000.0,5.0,,,Degussa,Printex-U,,0.005,0.045,1:9,0.05,0.05,4,25.0,100,,6a7d9f9c7bffe6ebe23a3f34,10.1016/j.seppur.2024.129227,True,True,340.28887980072125,,23.43326373523637,,,,,,,,,,,,,
6a7d9fab7bffe6ebe23a3fd1,tight contact NO,1.0,1000.0,5.0,,,Degussa,Printex-U,,0.005,0.045,1:9,0.05,0.05,4,25.0,100,,6a7d9f9c7bffe6ebe23a3f34,10.1016/j.seppur.2024.129227,True,True,355.9798490537978,,34.72373710617346,,,,,,,,,,,,,
6a7d9fab7bffe6ebe23a3fd1,tight contact NO,1.0,1000.0,5.0,,,Degussa,Printex-U,,0.005,0.045,1:9,0.05,0.05,4,25.0,100,,6a7d9f9c7bffe6ebe23a3f34,10.1016/j.seppur.2024.129227,True,True,373.00925753801533,,53.703761413568515,,,,,,,,,,,,,
6a7d9fab7bffe6ebe23a3fd1,tight contact NO,1.0,1000.0,5.0,,,Degussa,Printex-U,,0.005,0.045,1:9,0.05,0.05,4,25.0,100,,6a7d9f9c7bffe6ebe23a3f34,10.1016/j.seppur.2024.129227,True,True,388.9545302450087,,75.06154757081866,,,,,,,,,,,,,
6a7d9fab7bffe6ebe23a3fd1,tight contact NO,1.0,1000.0,5.0,,,Degussa,Printex-U,,0.005,0.045,1:9,0.05,0.05,4,25.0,100,,6a7d9f9c7bffe6ebe23a3f34,10.1016/j.seppur.2024.129227,True,True,405.93932408818824,,92.03621178597027,,,,,,,,,,,,,
6a7d9fab7bffe6ebe23a3fd1,tight contact NO,1.0,1000.0,5.0,,,Degussa,Printex-U,,0.005,0.045,1:9,0.05,0.05,4,25.0,100,,6a7d9f9c7bffe6ebe23a3f34,10.1016/j.seppur.2024.129227,True,True,421.1618396103654,,98.0203496525289,,,,,,,,,,,,,
6a7d9fab7bffe6ebe23a3fd1,tight contact NO,1.0,1000.0,5.0,,,Degussa,Printex-U,,0.005,0.045,1:9,0.05,0.05,4,25.0,100,,6a7d9f9c7bffe6ebe23a3f34,10.1016/j.seppur.2024.129227,True,True,438.33178421385276,,99.13989217488859,,,,,,,,,,,,,
6a7d9fab7bffe6ebe23a3fd1,tight contact NO,1.0,1000.0,5.0,,,Degussa,Printex-U,,0.005,0.045,1:9,0.05,0.05,4,25.0,100,,6a7d9f9c7bffe6ebe23a3f34,10.1016/j.seppur.2024.129227,True,True,470.2736364650333,,99.63616815731247,,,,,,,,,,,,,
6a7d9fab7bffe6ebe23a3fd1,tight contact NO,1.0,1000.0,5.0,,,Degussa,Printex-U,,0.005,0.045,1:9,0.05,0.05,4,25.0,100,,6a7d9f9c7bffe6ebe23a3f34,10.1016/j.seppur.2024.129227,True,True,501.81618767892314,,99.77718221197296,,,,,,,,,,,,,
6a7d9fab7bffe6ebe23a3fd2,loose contact NO,0.0,1000.0,5.0,,,Degussa,Printex-U,,0.005,0.045,1:9,0.05,0.05,4,25.0,100,,6a7d9f9c7bffe6ebe23a3f34,10.1016/j.seppur.2024.129227,True,True,234.80807492298823,,1.595369518552598,,,,,,,,,,,,,
6a7d9fab7bffe6ebe23a3fd2,loose contact NO,0.0,1000.0,5.0,,,Degussa,Printex-U,,0.005,0.045,1:9,0.05,0.05,4,25.0,100,,6a7d9f9c7bffe6ebe23a3f34,10.1016/j.seppur.2024.129227,True,True,281.19518529307857,,3.3693652253909896,,,,,,,,,,,,,
6a7d9fab7bffe6ebe23a3fd2,loose contact NO,0.0,1000.0,5.0,,,Degussa,Printex-U,,0.005,0.045,1:9,0.05,0.05,4,25.0,100,,6a7d9f9c7bffe6ebe23a3f34,10.1016/j.seppur.2024.129227,True,True,312.9912792319278,,5.584176632934687,,,,,,,,,,,,,
6a7d9fab7bffe6ebe23a3fd2,loose contact NO,0.0,1000.0,5.0,,,Degussa,Printex-U,,0.005,0.045,1:9,0.05,0.05,4,25.0,100,,6a7d9f9c7bffe6ebe23a3f34,10.1016/j.seppur.2024.129227,True,True,346.4230595206367,,9.62664826740264,,,,,,,,,,,,,
6a7d9fab7bffe6ebe23a3fd2,loose contact NO,0.0,1000.0,5.0,,,Degussa,Printex-U,,0.005,0.045,1:9,0.05,0.05,4,25.0,100,,6a7d9f9c7bffe6ebe23a3f34,10.1016/j.seppur.2024.129227,True,True,379.98716987213265,,17.682459368291937,,,,,,,,,,,,,
6a7d9fab7bffe6ebe23a3fd2,loose contact NO,0.0,1000.0,5.0,,,Degussa,Printex-U,,0.005,0.045,1:9,0.05,0.05,4,25.0,100,,6a7d9f9c7bffe6ebe23a3f34,10.1016/j.seppur.2024.129227,True,True,412.11300429530365,,29.77537565164061,,,,,,,,,,,,,
6a7d9fab7bffe6ebe23a3fd2,loose contact NO,0.0,1000.0,5.0,,,Degussa,Printex-U,,0.005,0.045,1:9,0.05,0.05,4,25.0,100,,6a7d9f9c7bffe6ebe23a3f34,10.1016/j.seppur.2024.129227,True,True,428.0793856414134,,37.98144740877032,,,,,,,,,,,,,
6a7d9fab7bffe6ebe23a3fd2,loose contact NO,0.0,1000.0,5.0,,,Degussa,Printex-U,,0.005,0.045,1:9,0.05,0.05,4,25.0,100,,6a7d9f9c7bffe6ebe23a3f34,10.1016/j.seppur.2024.129227,True,True,444.97207742703256,,47.65946028825513,,,,,,,,,,,,,
6a7d9fab7bffe6ebe23a3fd2,loose contact NO,0.0,1000.0,5.0,,,Degussa,Printex-U,,0.005,0.045,1:9,0.05,0.05,4,25.0,100,,6a7d9f9c7bffe6ebe23a3f34,10.1016/j.seppur.2024.129227,True,True,460.32453405562194,,56.68966574670346,,,,,,,,,,,,,
6a7d9fab7bffe6ebe23a3fd2,loose contact NO,0.0,1000.0,5.0,,,Degussa,Printex-U,,0.005,0.045,1:9,0.05,0.05,4,25.0,100,,6a7d9f9c7bffe6ebe23a3f34,10.1016/j.seppur.2024.129227,True,True,476.68356689950974,,66.65363385464582,,,,,,,,,,,,,
6a7d9fab7bffe6ebe23a3fd2,loose contact NO,0.0,1000.0,5.0,,,Degussa,Printex-U,,0.005,0.045,1:9,0.05,0.05,4,25.0,100,,6a7d9f9c7bffe6ebe23a3f34,10.1016/j.seppur.2024.129227,True,True,493.257364927265,,75.39635081263415,,,,,,,,,,,,,
6a7d9fab7bffe6ebe23a3fd2,loose contact NO,0.0,1000.0,5.0,,,Degussa,Printex-U,,0.005,0.045,1:9,0.05,0.05,4,25.0,100,,6a7d9f9c7bffe6ebe23a3f34,10.1016/j.seppur.2024.129227,True,True,510.00904926893065,,83.31876724931003,,,,,,,,,,,,,
6a7d9fab7bffe6ebe23a3fd2,loose contact NO,0.0,1000.0,5.0,,,Degussa,Printex-U,,0.005,0.045,1:9,0.05,0.05,4,25.0,100,,6a7d9f9c7bffe6ebe23a3f34,10.1016/j.seppur.2024.129227,True,True,526.1793490724499,,89.17739957068383,,,,,,,,,,,,,
6a7d9fab7bffe6ebe23a3fd2,loose contact NO,0.0,1000.0,5.0,,,Degussa,Printex-U,,0.005,0.045,1:9,0.05,0.05,4,25.0,100,,6a7d9f9c7bffe6ebe23a3f34,10.1016/j.seppur.2024.129227,True,True,542.212980122599,,92.88945108862312,,,,,,,,,,,,,
6a7d9fab7bffe6ebe23a3fd2,loose contact NO,0.0,1000.0,5.0,,,Degussa,Printex-U,,0.005,0.045,1:9,0.05,0.05,4,25.0,100,,6a7d9f9c7bffe6ebe23a3f34,10.1016/j.seppur.2024.129227,True,True,575.1002547431185,,97.68552591229684,,,,,,,,,,,,,
6a7d9fab7bffe6ebe23a3fd2,loose contact NO,0.0,1000.0,5.0,,,Degussa,Printex-U,,0.005,0.045,1:9,0.05,0.05,4,25.0,100,,6a7d9f9c7bffe6ebe23a3f34,10.1016/j.seppur.2024.129227,True,True,591.2618771654714,,99.16053357865685,,,,,,,,,,,,,
6a7d9fab7bffe6ebe23a3fd3,NO TPO,,1000.0,5.0,,,,,,,0.05,,0.05,0.0,5,25.0,100,,6a7d9f9c7bffe6ebe23a3f35,10.1016/j.seppur.2024.129227,True,False,110.7263848759819,,,,17.118732525629078,,,,,,,,,,,
6a7d9fab7bffe6ebe23a3fd3,NO TPO,,1000.0,5.0,,,,,,,0.05,,0.05,0.0,5,25.0,100,,6a7d9f9c7bffe6ebe23a3f35,10.1016/j.seppur.2024.129227,True,False,147.08716803131145,,,,19.498602050326184,,,,,,,,,,,
6a7d9fab7bffe6ebe23a3fd3,NO TPO,,1000.0,5.0,,,,,,,0.05,,0.05,0.0,5,25.0,100,,6a7d9f9c7bffe6ebe23a3f35,10.1016/j.seppur.2024.129227,True,False,179.48786589249613,,,,20.60876048462255,,,,,,,,,,,
6a7d9fab7bffe6ebe23a3fd3,NO TPO,,1000.0,5.0,,,,,,,0.05,,0.05,0.0,5,25.0,100,,6a7d9f9c7bffe6ebe23a3f35,10.1016/j.seppur.2024.129227,True,False,211.76948426581495,,,,27.139235787511645,,,,,,,,,,,
6a7d9fab7bffe6ebe23a3fd3,NO TPO,,1000.0,5.0,,,,,,,0.05,,0.05,0.0,5,25.0,100,,6a7d9f9c7bffe6ebe23a3f35,10.1016/j.seppur.2024.129227,True,False,240.87472653257151,,,,36.259086672879775,,,,,,,,,,,
6a7d9fab7bffe6ebe23a3fd3,NO TPO,,1000.0,5.0,,,,,,,0.05,,0.05,0.0,5,25.0,100,,6a7d9f9c7bffe6ebe23a3f35,10.1016/j.seppur.2024.129227,True,False,264.6103146837009,,,,45.636160298229264,,,,,,,,,,,
6a7d9fab7bffe6ebe23a3fd3,NO TPO,,1000.0,5.0,,,,,,,0.05,,0.05,0.0,5,25.0,100,,6a7d9f9c7bffe6ebe23a3f35,10.1016/j.seppur.2024.129227,True,False,284.62120722600184,,,,54.28480894687791,,,,,,,,,,,
6a7d9fab7bffe6ebe23a3fd3,NO TPO,,1000.0,5.0,,,,,,,0.05,,0.05,0.0,5,25.0,100,,6a7d9f9c7bffe6ebe23a3f35,10.1016/j.seppur.2024.129227,True,False,304.6487155107956,,,,61.41621621621621,,,,,,,,,,,
6a7d9fab7bffe6ebe23a3fd3,NO TPO,,1000.0,5.0,,,,,,,0.05,,0.05,0.0,5,25.0,100,,6a7d9f9c7bffe6ebe23a3f35,10.1016/j.seppur.2024.129227,True,False,335.2687596348229,,,,66.48014911463187,,,,,,,,,,,
6a7d9fab7bffe6ebe23a3fd3,NO TPO,,1000.0,5.0,,,,,,,0.05,,0.05,0.0,5,25.0,100,,6a7d9f9c7bffe6ebe23a3f35,10.1016/j.seppur.2024.129227,True,False,366.76389953014376,,,,62.68592730661696,,,,,,,,,,,
6a7d9fab7bffe6ebe23a3fd3,NO TPO,,1000.0,5.0,,,,,,,0.05,,0.05,0.0,5,25.0,100,,6a7d9f9c7bffe6ebe23a3f35,10.1016/j.seppur.2024.129227,True,False,395.2820522288173,,,,54.53010251630941,,,,,,,,,,,
6a7d9fab7bffe6ebe23a3fd3,NO TPO,,1000.0,5.0,,,,,,,0.05,,0.05,0.0,5,25.0,100,,6a7d9f9c7bffe6ebe23a3f35,10.1016/j.seppur.2024.129227,True,False,419.6628850467549,,,,46.94986020503262,,,,,,,,,,,
6a7d9fab7bffe6ebe23a3fd3,NO TPO,,1000.0,5.0,,,,,,,0.05,,0.05,0.0,5,25.0,100,,6a7d9f9c7bffe6ebe23a3f35,10.1016/j.seppur.2024.129227,True,False,450.025385162142,,,,38.87455731593663,,,,,,,,,,,
6a7d9fab7bffe6ebe23a3fd3,NO TPO,,1000.0,5.0,,,,,,,0.05,,0.05,0.0,5,25.0,100,,6a7d9f9c7bffe6ebe23a3f35,10.1016/j.seppur.2024.129227,True,False,478.7789275461319,,,,32.89804287045666,,,,,,,,,,,
6a7d9fab7bffe6ebe23a3fd3,NO TPO,,1000.0,5.0,,,,,,,0.05,,0.05,0.0,5,25.0,100,,6a7d9f9c7bffe6ebe23a3f35,10.1016/j.seppur.2024.129227,True,False,512.2291864747856,,,,27.49338303821062,,,,,,,,,,,
6a7d9fab7bffe6ebe23a3fd3,NO TPO,,1000.0,5.0,,,,,,,0.05,,0.05,0.0,5,25.0,100,,6a7d9f9c7bffe6ebe23a3f35,10.1016/j.seppur.2024.129227,True,False,552.8934469357803,,,,23.049767008387697,,,,,,,,,,,
6a7d9fab7bffe6ebe23a3fd3,NO TPO,,1000.0,5.0,,,,,,,0.05,,0.05,0.0,5,25.0,100,,6a7d9f9c7bffe6ebe23a3f35,10.1016/j.seppur.2024.129227,True,False,590.8354949183522,,,,20.226281453867657,,,,,,,,,,,
6a7d9fab7bffe6ebe23a3fd4,tight contact O2,1.0,1000.0,5.0,,,Degussa,Printex-U,,0.005,0.045,1:9,0.05,0.05,4,25.0,100,,6a7d9f9c7bffe6ebe23a3f35,10.1016/j.seppur.2024.129227,True,True,215.83930510314872,,1.878058758466037,,,,,,,,,,,,,
6a7d9fab7bffe6ebe23a3fd4,tight contact O2,1.0,1000.0,5.0,,,Degussa,Printex-U,,0.005,0.045,1:9,0.05,0.05,4,25.0,100,,6a7d9f9c7bffe6ebe23a3f35,10.1016/j.seppur.2024.129227,True,True,238.5928338762215,,3.482628524674616,,,,,,,,,,,,,
6a7d9fab7bffe6ebe23a3fd4,tight contact O2,1.0,1000.0,5.0,,,Degussa,Printex-U,,0.005,0.045,1:9,0.05,0.05,4,25.0,100,,6a7d9f9c7bffe6ebe23a3f35,10.1016/j.seppur.2024.129227,True,True,273.9739413680782,,6.6614645676449635,,,,,,,,,,,,,
6a7d9fab7bffe6ebe23a3fd4,tight contact O2,1.0,1000.0,5.0,,,Degussa,Printex-U,,0.005,0.045,1:9,0.05,0.05,4,25.0,100,,6a7d9f9c7bffe6ebe23a3f35,10.1016/j.seppur.2024.129227,True,True,305.9239956568947,,11.17289655903877,,,,,,,,,,,,,
6a7d9fab7bffe6ebe23a3fd4,tight contact O2,1.0,1000.0,5.0,,,Degussa,Printex-U,,0.005,0.045,1:9,0.05,0.05,4,25.0,100,,6a7d9f9c7bffe6ebe23a3f35,10.1016/j.seppur.2024.129227,True,True,337.6460369163952,,18.755587205866753,,,,,,,,,,,,,
6a7d9fab7bffe6ebe23a3fd4,tight contact O2,1.0,1000.0,5.0,,,Degussa,Printex-U,,0.005,0.045,1:9,0.05,0.05,4,25.0,100,,6a7d9f9c7bffe6ebe23a3f35,10.1016/j.seppur.2024.129227,True,True,354.96851248642776,,26.20797284807345,,,,,,,,,,,,,
6a7d9fab7bffe6ebe23a3fd4,tight contact O2,1.0,1000.0,5.0,,,Degussa,Printex-U,,0.005,0.045,1:9,0.05,0.05,4,25.0,100,,6a7d9f9c7bffe6ebe23a3f35,10.1016/j.seppur.2024.129227,True,True,370.3083604777416,,36.94677192078668,,,,,,,,,,,,,
6a7d9fab7bffe6ebe23a3fd4,tight contact O2,1.0,1000.0,5.0,,,Degussa,Printex-U,,0.005,0.045,1:9,0.05,0.05,4,25.0,100,,6a7d9f9c7bffe6ebe23a3f35,10.1016/j.seppur.2024.129227,True,True,386.53420195439736,,55.400839406657674,,,,,,,,,,,,,
6a7d9fab7bffe6ebe23a3fd4,tight contact O2,1.0,1000.0,5.0,,,Degussa,Printex-U,,0.005,0.045,1:9,0.05,0.05,4,25.0,100,,6a7d9f9c7bffe6ebe23a3f35,10.1016/j.seppur.2024.129227,True,True,400.96416938110747,,72.38897559053926,,,,,,,,,,,,,
6a7d9fab7bffe6ebe23a3fd4,tight contact O2,1.0,1000.0,5.0,,,Degussa,Printex-U,,0.005,0.045,1:9,0.05,0.05,4,25.0,100,,6a7d9f9c7bffe6ebe23a3f35,10.1016/j.seppur.2024.129227,True,True,418.0217155266015,,88.48543159744845,,,,,,,,,,,,,
6a7d9fab7bffe6ebe23a3fd4,tight contact O2,1.0,1000.0,5.0,,,Degussa,Printex-U,,0.005,0.045,1:9,0.05,0.05,4,25.0,100,,6a7d9f9c7bffe6ebe23a3f35,10.1016/j.seppur.2024.129227,True,True,433.9695982627578,,96.65222200336369,,,,,,,,,,,,,
6a7d9fab7bffe6ebe23a3fd4,tight contact O2,1.0,1000.0,5.0,,,Degussa,Printex-U,,0.005,0.045,1:9,0.05,0.05,4,25.0,100,,6a7d9f9c7bffe6ebe23a3f35,10.1016/j.seppur.2024.129227,True,True,449.9587404994571,,99.35150532583827,,,,,,,,,,,,,
6a7d9fab7bffe6ebe23a3fd4,tight contact O2,1.0,1000.0,5.0,,,Degussa,Printex-U,,0.005,0.045,1:9,0.05,0.05,4,25.0,100,,6a7d9f9c7bffe6ebe23a3f35,10.1016/j.seppur.2024.129227,True,True,465.80021715526595,,99.83484598251489,,,,,,,,,,,,,
6a7d9fab7bffe6ebe23a3fd4,tight contact O2,1.0,1000.0,5.0,,,Degussa,Printex-U,,0.005,0.045,1:9,0.05,0.05,4,25.0,100,,6a7d9f9c7bffe6ebe23a3f35,10.1016/j.seppur.2024.129227,True,True,481.81976112920734,,99.98787860422128,,,,,,,,,,,,,
6a7d9fab7bffe6ebe23a3fd4,tight contact O2,1.0,1000.0,5.0,,,Degussa,Printex-U,,0.005,0.045,1:9,0.05,0.05,4,25.0,100,,6a7d9f9c7bffe6ebe23a3f35,10.1016/j.seppur.2024.129227,True,True,498.8925081433224,,99.97727238291489,,,,,,,,,,,,,
6a7d9fab7bffe6ebe23a3fd5,tight contact NO,1.0,1000.0,5.0,,,Degussa,Printex-U,,0.005,0.045,1:9,0.05,0.05,4,25.0,100,,6a7d9f9c7bffe6ebe23a3f35,10.1016/j.seppur.2024.129227,True,True,218.82775030672565,,2.2141543831219415,,,,,,,,,,,,,
6a7d9fab7bffe6ebe23a3fd5,tight contact NO,1.0,1000.0,5.0,,,Degussa,Printex-U,,0.005,0.045,1:9,0.05,0.05,4,25.0,100,,6a7d9f9c7bffe6ebe23a3f35,10.1016/j.seppur.2024.129227,True,True,246.9996653901922,,4.073825921655395,,,,,,,,,,,,,
6a7d9fab7bffe6ebe23a3fd5,tight contact NO,1.0,1000.0,5.0,,,Degussa,Printex-U,,0.005,0.045,1:9,0.05,0.05,4,25.0,100,,6a7d9f9c7bffe6ebe23a3f35,10.1016/j.seppur.2024.129227,True,True,277.7547681897609,,8.140640094736513,,,,,,,,,,,,,
6a7d9fab7bffe6ebe23a3fd5,tight contact NO,1.0,1000.0,5.0,,,Degussa,Printex-U,,0.005,0.045,1:9,0.05,0.05,4,25.0,100,,6a7d9f9c7bffe6ebe23a3f35,10.1016/j.seppur.2024.129227,True,True,311.94519834925825,,15.145376920440023,,,,,,,,,,,,,
6a7d9fab7bffe6ebe23a3fd5,tight contact NO,1.0,1000.0,5.0,,,Degussa,Printex-U,,0.005,0.045,1:9,0.05,0.05,4,25.0,100,,6a7d9f9c7bffe6ebe23a3f35,10.1016/j.seppur.2024.129227,True,True,343.71305350039034,,28.25189317211505,,,,,,,,,,,,,
6a7d9fab7bffe6ebe23a3fd5,tight contact NO,1.0,1000.0,5.0,,,Degussa,Printex-U,,0.005,0.045,1:9,0.05,0.05,4,25.0,100,,6a7d9f9c7bffe6ebe23a3f35,10.1016/j.seppur.2024.129227,True,True,360.0933189575045,,41.33036242949297,,,,,,,,,,,,,
6a7d9fab7bffe6ebe23a3fd5,tight contact NO,1.0,1000.0,5.0,,,Degussa,Printex-U,,0.005,0.045,1:9,0.05,0.05,4,25.0,100,,6a7d9f9c7bffe6ebe23a3f35,10.1016/j.seppur.2024.129227,True,True,376.6163512659404,,61.15413381532612,,,,,,,,,,,,,
6a7d9fab7bffe6ebe23a3fd5,tight contact NO,1.0,1000.0,5.0,,,Degussa,Printex-U,,0.005,0.045,1:9,0.05,0.05,4,25.0,100,,6a7d9f9c7bffe6ebe23a3f35,10.1016/j.seppur.2024.129227,True,True,392.7556976614492,,80.19960110941444,,,,,,,,,,,,,
6a7d9fab7bffe6ebe23a3fd5,tight contact NO,1.0,1000.0,5.0,,,Degussa,Printex-U,,0.005,0.045,1:9,0.05,0.05,4,25.0,100,,6a7d9f9c7bffe6ebe23a3f35,10.1016/j.seppur.2024.129227,True,True,409.00658065955304,,93.25781420424444,,,,,,,,,,,,,
6a7d9fab7bffe6ebe23a3fd5,tight contact NO,1.0,1000.0,5.0,,,Degussa,Printex-U,,0.005,0.045,1:9,0.05,0.05,4,25.0,100,,6a7d9f9c7bffe6ebe23a3f35,10.1016/j.seppur.2024.129227,True,True,426.6360560657322,,98.55480071052385,,,,,,,,,,,,,
6a7d9fab7bffe6ebe23a3fd5,tight contact NO,1.0,1000.0,5.0,,,Degussa,Printex-U,,0.005,0.045,1:9,0.05,0.05,4,25.0,100,,6a7d9f9c7bffe6ebe23a3f35,10.1016/j.seppur.2024.129227,True,True,441.71580473658764,,99.61279566206488,,,,,,,,,,,,,
6a7d9fab7bffe6ebe23a3fd5,tight contact NO,1.0,1000.0,5.0,,,Degussa,Printex-U,,0.005,0.045,1:9,0.05,0.05,4,25.0,100,,6a7d9f9c7bffe6ebe23a3f35,10.1016/j.seppur.2024.129227,True,True,475.14778599843845,,99.94390601140577,,,,,,,,,,,,,
6a7d9fab7bffe6ebe23a3fd6,loose contact NO,0.0,1000.0,5.0,,,Degussa,Printex-U,,0.005,0.045,1:9,0.05,0.05,4,25.0,100,,6a7d9f9c7bffe6ebe23a3f35,10.1016/j.seppur.2024.129227,True,True,226.82488424993338,,1.2404170499846714,,,,,,,,,,,,,
6a7d9fab7bffe6ebe23a3fd6,loose contact NO,0.0,1000.0,5.0,,,Degussa,Printex-U,,0.005,0.045,1:9,0.05,0.05,4,25.0,100,,6a7d9f9c7bffe6ebe23a3f35,10.1016/j.seppur.2024.129227,True,True,259.60803029645655,,2.351272615762042,,,,,,,,,,,,,
6a7d9fab7bffe6ebe23a3fd6,loose contact NO,0.0,1000.0,5.0,,,Degussa,Printex-U,,0.005,0.045,1:9,0.05,0.05,4,25.0,100,,6a7d9f9c7bffe6ebe23a3f35,10.1016/j.seppur.2024.129227,True,True,296.5845207916251,,4.3337933149340735,,,,,,,,,,,,,
6a7d9fab7bffe6ebe23a3fd6,loose contact NO,0.0,1000.0,5.0,,,Degussa,Printex-U,,0.005,0.045,1:9,0.05,0.05,4,25.0,100,,6a7d9f9c7bffe6ebe23a3f35,10.1016/j.seppur.2024.129227,True,True,326.89244386044294,,7.264642747623432,,,,,,,,,,,,,
6a7d9fab7bffe6ebe23a3fd6,loose contact NO,0.0,1000.0,5.0,,,Degussa,Printex-U,,0.005,0.045,1:9,0.05,0.05,4,25.0,100,,6a7d9f9c7bffe6ebe23a3f35,10.1016/j.seppur.2024.129227,True,True,359.8014119338784,,12.667893284268631,,,,,,,,,,,,,
6a7d9fab7bffe6ebe23a3fd6,loose contact NO,0.0,1000.0,5.0,,,Degussa,Printex-U,,0.005,0.045,1:9,0.05,0.05,4,25.0,100,,6a7d9f9c7bffe6ebe23a3f35,10.1016/j.seppur.2024.129227,True,True,391.93158504763267,,22.48466727997547,,,,,,,,,,,,,
6a7d9fab7bffe6ebe23a3fd6,loose contact NO,0.0,1000.0,5.0,,,Degussa,Printex-U,,0.005,0.045,1:9,0.05,0.05,4,25.0,100,,6a7d9f9c7bffe6ebe23a3f35,10.1016/j.seppur.2024.129227,True,True,409.0368726718276,,29.828273535725245,,,,,,,,,,,,,
6a7d9fab7bffe6ebe23a3fd6,loose contact NO,0.0,1000.0,5.0,,,Degussa,Printex-U,,0.005,0.045,1:9,0.05,0.05,4,25.0,100,,6a7d9f9c7bffe6ebe23a3f35,10.1016/j.seppur.2024.129227,True,True,425.4956953991285,,39.17816620668507,,,,,,,,,,,,,
6a7d9fab7bffe6ebe23a3fd6,loose contact NO,0.0,1000.0,5.0,,,Degussa,Printex-U,,0.005,0.045,1:9,0.05,0.05,4,25.0,100,,6a7d9f9c7bffe6ebe23a3f35,10.1016/j.seppur.2024.129227,True,True,439.66585884380095,,47.831953388531126,,,,,,,,,,,,,
6a7d9fab7bffe6ebe23a3fd6,loose contact NO,0.0,1000.0,5.0,,,Degussa,Printex-U,,0.005,0.045,1:9,0.05,0.05,4,25.0,100,,6a7d9f9c7bffe6ebe23a3f35,10.1016/j.seppur.2024.129227,True,True,456.5672280105864,,59.031738730450776,,,,,,,,,,,,,
6a7d9fab7bffe6ebe23a3fd6,loose contact NO,0.0,1000.0,5.0,,,Degussa,Printex-U,,0.005,0.045,1:9,0.05,0.05,4,25.0,100,,6a7d9f9c7bffe6ebe23a3f35,10.1016/j.seppur.2024.129227,True,True,475.0110016796931,,71.0426249616682,,,,,,,,,,,,,
6a7d9fab7bffe6ebe23a3fd6,loose contact NO,0.0,1000.0,5.0,,,Degussa,Printex-U,,0.005,0.045,1:9,0.05,0.05,4,25.0,100,,6a7d9f9c7bffe6ebe23a3f35,10.1016/j.seppur.2024.129227,True,True,489.6519130526407,,79.80374118368599,,,,,,,,,,,,,
6a7d9fab7bffe6ebe23a3fd6,loose contact NO,0.0,1000.0,5.0,,,Degussa,Printex-U,,0.005,0.045,1:9,0.05,0.05,4,25.0,100,,6a7d9f9c7bffe6ebe23a3f35,10.1016/j.seppur.2024.129227,True,True,507.05223163649214,,87.7246243483594,,,,,,,,,,,,,
6a7d9fab7bffe6ebe23a3fd6,loose contact NO,0.0,1000.0,5.0,,,Degussa,Printex-U,,0.005,0.045,1:9,0.05,0.05,4,25.0,100,,6a7d9f9c7bffe6ebe23a3f35,10.1016/j.seppur.2024.129227,True,True,522.079286471343,,92.76448942042317,,,,,,,,,,,,,
6a7d9fab7bffe6ebe23a3fd6,loose contact NO,0.0,1000.0,5.0,,,Degussa,Printex-U,,0.005,0.045,1:9,0.05,0.05,4,25.0,100,,6a7d9f9c7bffe6ebe23a3f35,10.1016/j.seppur.2024.129227,True,True,540.9265583646855,,96.05105795768169,,,,,,,,,,,,,
6a7d9fab7bffe6ebe23a3fd6,loose contact NO,0.0,1000.0,5.0,,,Degussa,Printex-U,,0.005,0.045,1:9,0.05,0.05,4,25.0,100,,6a7d9f9c7bffe6ebe23a3f35,10.1016/j.seppur.2024.129227,True,True,570.2843081957865,,98.29960134927936,,,,,,,,,,,,,
6a7d9fab7bffe6ebe23a3fdd,,0.0,1000.0,10.0,,,Degussa,Printex-U,,0.01,0.1,1:10,0.11,0.3,2,150.0,200,,6a7d9f9d7bffe6ebe23a3f39,10.1016/j.mcat.2025.114821,True,True,266.72295813281534,,2.635003122041617,,,,,,,,,86.8,,,,
6a7d9fab7bffe6ebe23a3fdd,,0.0,1000.0,10.0,,,Degussa,Printex-U,,0.01,0.1,1:10,0.11,0.3,2,150.0,200,,6a7d9f9d7bffe6ebe23a3f39,10.1016/j.mcat.2025.114821,True,True,288.10265220659295,,4.0078957439523055,,,,,,,,,86.8,,,,
6a7d9fab7bffe6ebe23a3fdd,,0.0,1000.0,10.0,,,Degussa,Printex-U,,0.01,0.1,1:10,0.11,0.3,2,150.0,200,,6a7d9f9d7bffe6ebe23a3f39,10.1016/j.mcat.2025.114821,True,True,321.9204826098416,,7.806715410800251,,,,,,,,,86.8,,,,
6a7d9fab7bffe6ebe23a3fdd,,0.0,1000.0,10.0,,,Degussa,Printex-U,,0.01,0.1,1:10,0.11,0.3,2,150.0,200,,6a7d9f9d7bffe6ebe23a3f39,10.1016/j.mcat.2025.114821,True,True,361.19500600333845,,14.923358913932363,,,,,,,,,86.8,,,,
6a7d9fab7bffe6ebe23a3fdd,,0.0,1000.0,10.0,,,Degussa,Printex-U,,0.01,0.1,1:10,0.11,0.3,2,150.0,200,,6a7d9f9d7bffe6ebe23a3f39,10.1016/j.mcat.2025.114821,True,True,390.9910877268334,,25.099200354502788,,,,,,,,,86.8,,,,
6a7d9fab7bffe6ebe23a3fdd,,0.0,1000.0,10.0,,,Degussa,Printex-U,,0.01,0.1,1:10,0.11,0.3,2,150.0,200,,6a7d9f9d7bffe6ebe23a3f39,10.1016/j.mcat.2025.114821,True,True,410.10220317640056,,35.130017926561536,,,,,,,,,86.8,,,,
6a7d9fab7bffe6ebe23a3fdd,,0.0,1000.0,10.0,,,Degussa,Printex-U,,0.01,0.1,1:10,0.11,0.3,2,150.0,200,,6a7d9f9d7bffe6ebe23a3f39,10.1016/j.mcat.2025.114821,True,True,424.9631502396455,,44.96102483533748,,,,,,,,,86.8,,,,
6a7d9fab7bffe6ebe23a3fdd,,0.0,1000.0,10.0,,,Degussa,Printex-U,,0.01,0.1,1:10,0.11,0.3,2,150.0,200,,6a7d9f9d7bffe6ebe23a3f39,10.1016/j.mcat.2025.114821,True,True,438.95922610622495,,55.096581867988,,,,,,,,,86.8,,,,
6a7d9fab7bffe6ebe23a3fdd,,0.0,1000.0,10.0,,,Degussa,Printex-U,,0.01,0.1,1:10,0.11,0.3,2,150.0,200,,6a7d9f9d7bffe6ebe23a3f39,10.1016/j.mcat.2025.114821,True,True,450.96590298995534,,65.08308659133482,,,,,,,,,86.8,,,,
6a7d9fab7bffe6ebe23a3fdd,,0.0,1000.0,10.0,,,Degussa,Printex-U,,0.01,0.1,1:10,0.11,0.3,2,150.0,200,,6a7d9f9d7bffe6ebe23a3f39,10.1016/j.mcat.2025.114821,True,True,463.9545893814121,,75.07361975547366,,,,,,,,,86.8,,,,
6a7d9fab7bffe6ebe23a3fdd,,0.0,1000.0,10.0,,,Degussa,Printex-U,,0.01,0.1,1:10,0.11,0.3,2,150.0,200,,6a7d9f9d7bffe6ebe23a3f39,10.1016/j.mcat.2025.114821,True,True,480.0083949122927,,85.03675952222693,,,,,,,,,86.8,,,,
6a7d9fab7bffe6ebe23a3fdd,,0.0,1000.0,10.0,,,Degussa,Printex-U,,0.01,0.1,1:10,0.11,0.3,2,150.0,200,,6a7d9f9d7bffe6ebe23a3f39,10.1016/j.mcat.2025.114821,True,True,502.7507980047441,,94.97653433238666,,,,,,,,,86.8,,,,
6a7d9fab7bffe6ebe23a3fdd,,0.0,1000.0,10.0,,,Degussa,Printex-U,,0.01,0.1,1:10,0.11,0.3,2,150.0,200,,6a7d9f9d7bffe6ebe23a3f39,10.1016/j.mcat.2025.114821,True,True,544.4891305408861,,99.98146917235684,,,,,,,,,86.8,,,,
6a7d9fab7bffe6ebe23a3fde,,0.0,,10.0,,,Degussa,Printex-U,,0.01,0.1,1:10,0.11,0.3,2,150.0,200,,6a7d9f9d7bffe6ebe23a3f39,10.1016/j.mcat.2025.114821,False,True,415.0559049237463,,3.9347516969388074,,,,,,,,,,,,,
6a7d9fab7bffe6ebe23a3fde,,0.0,,10.0,,,Degussa,Printex-U,,0.01,0.1,1:10,0.11,0.3,2,150.0,200,,6a7d9f9d7bffe6ebe23a3f39,10.1016/j.mcat.2025.114821,False,True,443.8612821872734,,6.115955249107937,,,,,,,,,,,,,
6a7d9fab7bffe6ebe23a3fde,,0.0,,10.0,,,Degussa,Printex-U,,0.01,0.1,1:10,0.11,0.3,2,150.0,200,,6a7d9f9d7bffe6ebe23a3f39,10.1016/j.mcat.2025.114821,False,True,484.11282728463345,,10.144340407265316,,,,,,,,,,,,,
6a7d9fab7bffe6ebe23a3fde,,0.0,,10.0,,,Degussa,Printex-U,,0.01,0.1,1:10,0.11,0.3,2,150.0,200,,6a7d9f9d7bffe6ebe23a3f39,10.1016/j.mcat.2025.114821,False,True,507.1188128456851,,15.000939017519386,,,,,,,,,,,,,
6a7d9fab7bffe6ebe23a3fde,,0.0,,10.0,,,Degussa,Printex-U,,0.01,0.1,1:10,0.11,0.3,2,150.0,200,,6a7d9f9d7bffe6ebe23a3f39,10.1016/j.mcat.2025.114821,False,True,522.0442909870222,,20.134413650631824,,,,,,,,,,,,,
6a7d9fab7bffe6ebe23a3fde,,0.0,,10.0,,,Degussa,Printex-U,,0.01,0.1,1:10,0.11,0.3,2,150.0,200,,6a7d9f9d7bffe6ebe23a3f39,10.1016/j.mcat.2025.114821,False,True,533.0050114191083,,25.010329192713222,,,,,,,,,,,,,
6a7d9fab7bffe6ebe23a3fde,,0.0,,10.0,,,Degussa,Printex-U,,0.01,0.1,1:10,0.11,0.3,2,150.0,200,,6a7d9f9d7bffe6ebe23a3f39,10.1016/j.mcat.2025.114821,False,True,542.0547900724113,,30.076194564430025,,,,,,,,,,,,,
6a7d9fab7bffe6ebe23a3fde,,0.0,,10.0,,,Degussa,Printex-U,,0.01,0.1,1:10,0.11,0.3,2,150.0,200,,6a7d9f9d7bffe6ebe23a3f39,10.1016/j.mcat.2025.114821,False,True,549.0783534836398,,35.08008477986747,,,,,,,,,,,,,
6a7d9fab7bffe6ebe23a3fde,,0.0,,10.0,,,Degussa,Printex-U,,0.01,0.1,1:10,0.11,0.3,2,150.0,200,,6a7d9f9d7bffe6ebe23a3f39,10.1016/j.mcat.2025.114821,False,True,559.7273484938684,,44.96713438682156,,,,,,,,,,,,,
6a7d9fab7bffe6ebe23a3fde,,0.0,,10.0,,,Degussa,Printex-U,,0.01,0.1,1:10,0.11,0.3,2,150.0,200,,6a7d9f9d7bffe6ebe23a3f39,10.1016/j.mcat.2025.114821,False,True,570.0045459957354,,54.949963780752825,,,,,,,,,,,,,
6a7d9fab7bffe6ebe23a3fde,,0.0,,10.0,,,Degussa,Printex-U,,0.01,0.1,1:10,0.11,0.3,2,150.0,200,,6a7d9f9d7bffe6ebe23a3f39,10.1016/j.mcat.2025.114821,False,True,577.8431414995291,,64.98269524857135,,,,,,,,,,,,,
6a7d9fab7bffe6ebe23a3fde,,0.0,,10.0,,,Degussa,Printex-U,,0.01,0.1,1:10,0.11,0.3,2,150.0,200,,6a7d9f9d7bffe6ebe23a3f39,10.1016/j.mcat.2025.114821,False,True,586.5811947309745,,75.04520698629034,,,,,,,,,,,,,
6a7d9fab7bffe6ebe23a3fde,,0.0,,10.0,,,Degussa,Printex-U,,0.01,0.1,1:10,0.11,0.3,2,150.0,200,,6a7d9f9d7bffe6ebe23a3f39,10.1016/j.mcat.2025.114821,False,True,594.5642879563584,,85.06425562739784,,,,,,,,,,,,,
6a7d9fab7bffe6ebe23a3fde,,0.0,,10.0,,,Degussa,Printex-U,,0.01,0.1,1:10,0.11,0.3,2,150.0,200,,6a7d9f9d7bffe6ebe23a3f39,10.1016/j.mcat.2025.114821,False,True,605.922783015294,,94.97062216617927,,,,,,,,,,,,,
6a7d9fab7bffe6ebe23a3fde,,0.0,,10.0,,,Degussa,Printex-U,,0.01,0.1,1:10,0.11,0.3,2,150.0,200,,6a7d9f9d7bffe6ebe23a3f39,10.1016/j.mcat.2025.114821,False,True,634.7622552468367,,99.86585464008799,,,,,,,,,,,,,
6a7d9fab7bffe6ebe23a3fdf,,0.0,1000.0,10.0,,,Degussa,Printex-U,,0.01,0.1,1:10,0.11,0.3,2,150.0,200,,6a7d9f9d7bffe6ebe23a3f3a,10.1016/j.mcat.2025.114821,True,True,251.6082113956054,,2.9258565472234004,,,,,,,,,97.9,,,,
6a7d9fab7bffe6ebe23a3fdf,,0.0,1000.0,10.0,,,Degussa,Printex-U,,0.01,0.1,1:10,0.11,0.3,2,150.0,200,,6a7d9f9d7bffe6ebe23a3f3a,10.1016/j.mcat.2025.114821,True,True,280.75808010308174,,6.127661288698212,,,,,,,,,97.9,,,,
6a7d9fab7bffe6ebe23a3fdf,,0.0,1000.0,10.0,,,Degussa,Printex-U,,0.01,0.1,1:10,0.11,0.3,2,150.0,200,,6a7d9f9d7bffe6ebe23a3f3a,10.1016/j.mcat.2025.114821,True,True,303.84213660279374,,10.296291820250973,,,,,,,,,97.9,,,,
6a7d9fab7bffe6ebe23a3fdf,,0.0,1000.0,10.0,,,Degussa,Printex-U,,0.01,0.1,1:10,0.11,0.3,2,150.0,200,,6a7d9f9d7bffe6ebe23a3f3a,10.1016/j.mcat.2025.114821,True,True,321.2196050486612,,15.213406650955747,,,,,,,,,97.9,,,,
6a7d9fab7bffe6ebe23a3fdf,,0.0,1000.0,10.0,,,Degussa,Printex-U,,0.01,0.1,1:10,0.11,0.3,2,150.0,200,,6a7d9f9d7bffe6ebe23a3f3a,10.1016/j.mcat.2025.114821,True,True,340.84612906689574,,25.012991721554172,,,,,,,,,97.9,,,,
6a7d9fab7bffe6ebe23a3fdf,,0.0,1000.0,10.0,,,Degussa,Printex-U,,0.01,0.1,1:10,0.11,0.3,2,150.0,200,,6a7d9f9d7bffe6ebe23a3f3a,10.1016/j.mcat.2025.114821,True,True,355.0296262311725,,35.26456784901404,,,,,,,,,97.9,,,,
6a7d9fab7bffe6ebe23a3fdf,,0.0,1000.0,10.0,,,Degussa,Printex-U,,0.01,0.1,1:10,0.11,0.3,2,150.0,200,,6a7d9f9d7bffe6ebe23a3f3a,10.1016/j.mcat.2025.114821,True,True,367.149536815595,,44.981167039297446,,,,,,,,,97.9,,,,
6a7d9fab7bffe6ebe23a3fdf,,0.0,1000.0,10.0,,,Degussa,Printex-U,,0.01,0.1,1:10,0.11,0.3,2,150.0,200,,6a7d9f9d7bffe6ebe23a3f3a,10.1016/j.mcat.2025.114821,True,True,377.69588942143434,,54.99264809555462,,,,,,,,,97.9,,,,
6a7d9fab7bffe6ebe23a3fdf,,0.0,1000.0,10.0,,,Degussa,Printex-U,,0.01,0.1,1:10,0.11,0.3,2,150.0,200,,6a7d9f9d7bffe6ebe23a3f3a,10.1016/j.mcat.2025.114821,True,True,389.06221020469917,,65.08389227949323,,,,,,,,,97.9,,,,
6a7d9fab7bffe6ebe23a3fdf,,0.0,1000.0,10.0,,,Degussa,Printex-U,,0.01,0.1,1:10,0.11,0.3,2,150.0,200,,6a7d9f9d7bffe6ebe23a3f3a,10.1016/j.mcat.2025.114821,True,True,400.8970842322072,,75.02608415412816,,,,,,,,,97.9,,,,
6a7d9fab7bffe6ebe23a3fdf,,0.0,1000.0,10.0,,,Degussa,Printex-U,,0.01,0.1,1:10,0.11,0.3,2,150.0,200,,6a7d9f9d7bffe6ebe23a3f3a,10.1016/j.mcat.2025.114821,True,True,414.86387552102144,,85.0496505327613,,,,,,,,,97.9,,,,
6a7d9fab7bffe6ebe23a3fdf,,0.0,1000.0,10.0,,,Degussa,Printex-U,,0.01,0.1,1:10,0.11,0.3,2,150.0,200,,6a7d9f9d7bffe6ebe23a3f3a,10.1016/j.mcat.2025.114821,True,True,434.98628505607996,,95.04662920216731,,,,,,,,,97.9,,,,
6a7d9fab7bffe6ebe23a3fdf,,0.0,1000.0,10.0,,,Degussa,Printex-U,,0.01,0.1,1:10,0.11,0.3,2,150.0,200,,6a7d9f9d7bffe6ebe23a3f3a,10.1016/j.mcat.2025.114821,True,True,477.80229005398127,,99.84047374463715,,,,,,,,,97.9,,,,
6a7d9fab7bffe6ebe23a3fe0,,0.0,,10.0,,,Degussa,Printex-U,,0.01,0.1,1:10,0.11,0.3,2,150.0,200,,6a7d9f9d7bffe6ebe23a3f3a,10.1016/j.mcat.2025.114821,False,True,400.4389050644557,,5.312692833954877,,,,,,,,,,,,,
6a7d9fab7bffe6ebe23a3fe0,,0.0,,10.0,,,Degussa,Printex-U,,0.01,0.1,1:10,0.11,0.3,2,150.0,200,,6a7d9f9d7bffe6ebe23a3f3a,10.1016/j.mcat.2025.114821,False,True,427.0670750846962,,7.371555817884262,,,,,,,,,,,,,
6a7d9fab7bffe6ebe23a3fe0,,0.0,,10.0,,,Degussa,Printex-U,,0.01,0.1,1:10,0.11,0.3,2,150.0,200,,6a7d9f9d7bffe6ebe23a3f3a,10.1016/j.mcat.2025.114821,False,True,454.1823160765892,,10.216778901617795,,,,,,,,,,,,,
6a7d9fab7bffe6ebe23a3fe0,,0.0,,10.0,,,Degussa,Printex-U,,0.01,0.1,1:10,0.11,0.3,2,150.0,200,,6a7d9f9d7bffe6ebe23a3f3a,10.1016/j.mcat.2025.114821,False,True,477.118488131704,,15.040377753333512,,,,,,,,,,,,,
6a7d9fab7bffe6ebe23a3fe0,,0.0,,10.0,,,Degussa,Printex-U,,0.01,0.1,1:10,0.11,0.3,2,150.0,200,,6a7d9f9d7bffe6ebe23a3f3a,10.1016/j.mcat.2025.114821,False,True,498.7655456818452,,25.02964612454055,,,,,,,,,,,,,
6a7d9fab7bffe6ebe23a3fe0,,0.0,,10.0,,,Degussa,Printex-U,,0.01,0.1,1:10,0.11,0.3,2,150.0,200,,6a7d9f9d7bffe6ebe23a3f3a,10.1016/j.mcat.2025.114821,False,True,512.1226552944614,,34.99637807528238,,,,,,,,,,,,,
6a7d9fab7bffe6ebe23a3fe0,,0.0,,10.0,,,Degussa,Printex-U,,0.01,0.1,1:10,0.11,0.3,2,150.0,200,,6a7d9f9d7bffe6ebe23a3f3a,10.1016/j.mcat.2025.114821,False,True,521.800755501196,,45.02267056582513,,,,,,,,,,,,,
6a7d9fab7bffe6ebe23a3fe0,,0.0,,10.0,,,Degussa,Printex-U,,0.01,0.1,1:10,0.11,0.3,2,150.0,200,,6a7d9f9d7bffe6ebe23a3f3a,10.1016/j.mcat.2025.114821,False,True,529.7237766400763,,55.15359643709924,,,,,,,,,,,,,
6a7d9fab7bffe6ebe23a3fe0,,0.0,,10.0,,,Degussa,Printex-U,,0.01,0.1,1:10,0.11,0.3,2,150.0,200,,6a7d9f9d7bffe6ebe23a3f3a,10.1016/j.mcat.2025.114821,False,True,537.8529911569559,,65.06237759235907,,,,,,,,,,,,,
6a7d9fab7bffe6ebe23a3fe0,,0.0,,10.0,,,Degussa,Printex-U,,0.01,0.1,1:10,0.11,0.3,2,150.0,200,,6a7d9f9d7bffe6ebe23a3f3a,10.1016/j.mcat.2025.114821,False,True,544.8927902672397,,75.1240844579186,,,,,,,,,,,,,
6a7d9fab7bffe6ebe23a3fe0,,0.0,,10.0,,,Degussa,Printex-U,,0.01,0.1,1:10,0.11,0.3,2,150.0,200,,6a7d9f9d7bffe6ebe23a3f3a,10.1016/j.mcat.2025.114821,False,True,551.8725172910196,,84.92742736028761,,,,,,,,,,,,,
6a7d9fab7bffe6ebe23a3fe0,,0.0,,10.0,,,Degussa,Printex-U,,0.01,0.1,1:10,0.11,0.3,2,150.0,200,,6a7d9f9d7bffe6ebe23a3f3a,10.1016/j.mcat.2025.114821,False,True,564.0395501628982,,95.02374372870442,,,,,,,,,,,,,
6a7d9fab7bffe6ebe23a3fe0,,0.0,,10.0,,,Degussa,Printex-U,,0.01,0.1,1:10,0.11,0.3,2,150.0,200,,6a7d9f9d7bffe6ebe23a3f3a,10.1016/j.mcat.2025.114821,False,True,588.6755999090801,,98.97727577603091,,,,,,,,,,,,,
6a7d9fab7bffe6ebe23a3fe1,,0.0,1000.0,10.0,,,Degussa,Printex-U,100.0,0.01,0.1,1:10,0.11,0.3,10,,500,,6a7d9f9d7bffe6ebe23a3f3b,10.1016/S1872-2067(14)60004-8,True,True,349.38108693469496,,3.2496477520174274,,,,,,17.272181354151,,,,,,,
6a7d9fab7bffe6ebe23a3fe1,,0.0,1000.0,10.0,,,Degussa,Printex-U,100.0,0.01,0.1,1:10,0.11,0.3,10,,500,,6a7d9f9d7bffe6ebe23a3f3b,10.1016/S1872-2067(14)60004-8,True,True,398.73635594314317,,10.709875752529785,,,,,,10.096081669418965,,,,,,,
6a7d9fab7bffe6ebe23a3fe1,,0.0,1000.0,10.0,,,Degussa,Printex-U,100.0,0.01,0.1,1:10,0.11,0.3,10,,500,,6a7d9f9d7bffe6ebe23a3f3b,10.1016/S1872-2067(14)60004-8,True,True,449.76692149916084,,40.92814141155374,,,,,,1.5838462693288875,,,,,,,
6a7d9fab7bffe6ebe23a3fe1,,0.0,1000.0,10.0,,,Degussa,Printex-U,100.0,0.01,0.1,1:10,0.11,0.3,10,,500,,6a7d9f9d7bffe6ebe23a3f3b,10.1016/S1872-2067(14)60004-8,True,True,499.5926504969951,,87.75304214166772,,,,,,15.264224590902245,,,,,,,
6a7d9fab7bffe6ebe23a3fe1,,0.0,1000.0,10.0,,,Degussa,Printex-U,100.0,0.01,0.1,1:10,0.11,0.3,10,,500,,6a7d9f9d7bffe6ebe23a3f3b,10.1016/S1872-2067(14)60004-8,True,True,549.9404753367087,,98.67862174971178,,,,,,49.68848521243052,,,,,,,
6a7d9fab7bffe6ebe23a3fe1,,0.0,1000.0,10.0,,,Degussa,Printex-U,100.0,0.01,0.1,1:10,0.11,0.3,10,,500,,6a7d9f9d7bffe6ebe23a3f3b,10.1016/S1872-2067(14)60004-8,True,True,599.7948909192615,,99.9,,,,,,27.146824801080896,,,,,,,
6a7d9fab7bffe6ebe23a3fe2,,,1000.0,10.0,,,,,,,0.1,,0.1,0.3,10,,500,,6a7d9f9d7bffe6ebe23a3f3b,10.1016/S1872-2067(14)60004-8,True,False,201.78267287385037,,,,,,,,4.102506880904514,,,,,,,
6a7d9fab7bffe6ebe23a3fe2,,,1000.0,10.0,,,,,,,0.1,,0.1,0.3,10,,500,,6a7d9f9d7bffe6ebe23a3f3b,10.1016/S1872-2067(14)60004-8,True,False,231.2365164074032,,,,,,,,8.245927248382003,,,,,,,
6a7d9fab7bffe6ebe23a3fe2,,,1000.0,10.0,,,,,,,0.1,,0.1,0.3,10,,500,,6a7d9f9d7bffe6ebe23a3f3b,10.1016/S1872-2067(14)60004-8,True,False,262.34813216759403,,,,,,,,10.425500260358518,,,,,,,
6a7d9fab7bffe6ebe23a3fe2,,,1000.0,10.0,,,,,,,0.1,,0.1,0.3,10,,500,,6a7d9f9d7bffe6ebe23a3f3b,10.1016/S1872-2067(14)60004-8,True,False,293.9735437719995,,,,,,,,26.02469686825853,,,,,,,
6a7d9fab7bffe6ebe23a3fe2,,,1000.0,10.0,,,,,,,0.1,,0.1,0.3,10,,500,,6a7d9f9d7bffe6ebe23a3f3b,10.1016/S1872-2067(14)60004-8,True,False,324.7416827523561,,,,,,,,55.739046343822025,,,,,,,
6a7d9fab7bffe6ebe23a3fe2,,,1000.0,10.0,,,,,,,0.1,,0.1,0.3,10,,500,,6a7d9f9d7bffe6ebe23a3f3b,10.1016/S1872-2067(14)60004-8,True,False,344.72294765527425,,,,,,,,83.96563267127868,,,,,,,
6a7d9fab7bffe6ebe23a3fe2,,,1000.0,10.0,,,,,,,0.1,,0.1,0.3,10,,500,,6a7d9f9d7bffe6ebe23a3f3b,10.1016/S1872-2067(14)60004-8,True,False,363.9888724877938,,,,,,,,119.69054526519373,,,,,,,
6a7d9fab7bffe6ebe23a3fe2,,,1000.0,10.0,,,,,,,0.1,,0.1,0.3,10,,500,,6a7d9f9d7bffe6ebe23a3f3b,10.1016/S1872-2067(14)60004-8,True,False,382.75803338253667,,,,,,,,161.10615190061742,,,,,,,
6a7d9fab7bffe6ebe23a3fe2,,,1000.0,10.0,,,,,,,0.1,,0.1,0.3,10,,500,,6a7d9f9d7bffe6ebe23a3f3b,10.1016/S1872-2067(14)60004-8,True,False,402.44691722493474,,,,,,,,198.43412928661758,,,,,,,
6a7d9fab7bffe6ebe23a3fe2,,,1000.0,10.0,,,,,,,0.1,,0.1,0.3,10,,500,,6a7d9f9d7bffe6ebe23a3f3b,10.1016/S1872-2067(14)60004-8,True,False,422.9277847167026,,,,,,,,212.07319794688686,,,,,,,
6a7d9fab7bffe6ebe23a3fe2,,,1000.0,10.0,,,,,,,0.1,,0.1,0.3,10,,500,,6a7d9f9d7bffe6ebe23a3f3b,10.1016/S1872-2067(14)60004-8,True,False,446.17065970250945,,,,,,,,195.21684147883656,,,,,,,
6a7d9fab7bffe6ebe23a3fe2,,,1000.0,10.0,,,,,,,0.1,,0.1,0.3,10,,500,,6a7d9f9d7bffe6ebe23a3f3b,10.1016/S1872-2067(14)60004-8,True,False,467.70750539343715,,,,,,,,161.66406308115748,,,,,,,
6a7d9fab7bffe6ebe23a3fe2,,,1000.0,10.0,,,,,,,0.1,,0.1,0.3,10,,500,,6a7d9f9d7bffe6ebe23a3f3b,10.1016/S1872-2067(14)60004-8,True,False,491.5408198024299,,,,,,,,127.6872721862679,,,,,,,
6a7d9fab7bffe6ebe23a3fe2,,,1000.0,10.0,,,,,,,0.1,,0.1,0.3,10,,500,,6a7d9f9d7bffe6ebe23a3f3b,10.1016/S1872-2067(14)60004-8,True,False,514.7098898603383,,,,,,,,99.90701480324329,,,,,,,
6a7d9fab7bffe6ebe23a3fe2,,,1000.0,10.0,,,,,,,0.1,,0.1,0.3,10,,500,,6a7d9f9d7bffe6ebe23a3f3b,10.1016/S1872-2067(14)60004-8,True,False,542.8011808788465,,,,,,,,77.58684817377069,,,,,,,
6a7d9fab7bffe6ebe23a3fe2,,,1000.0,10.0,,,,,,,0.1,,0.1,0.3,10,,500,,6a7d9f9d7bffe6ebe23a3f3b,10.1016/S1872-2067(14)60004-8,True,False,571.9172249347109,,,,,,,,54.64925983783377,,,,,,,
6a7d9fab7bffe6ebe23a3fe3,,,1000.0,5.0,,,,,,,0.05,,0.05,0.0,4,25.0,100,,6a7d9f9d7bffe6ebe23a3f3c,10.1007/s10853-019-03973-z,True,False,175.52366210857002,,,,9.705787212914968,,,,,,,,,,,
6a7d9fab7bffe6ebe23a3fe3,,,1000.0,5.0,,,,,,,0.05,,0.05,0.0,4,25.0,100,,6a7d9f9d7bffe6ebe23a3f3c,10.1007/s10853-019-03973-z,True,False,205.26089226344763,,,,12.12508745138455,,,,,,,,,,,
6a7d9fab7bffe6ebe23a3fe3,,,1000.0,5.0,,,,,,,0.05,,0.05,0.0,4,25.0,100,,6a7d9f9d7bffe6ebe23a3f3c,10.1007/s10853-019-03973-z,True,False,230.4992535467976,,,,18.404284929775596,,,,,,,,,,,
6a7d9fab7bffe6ebe23a3fe3,,,1000.0,5.0,,,,,,,0.05,,0.05,0.0,4,25.0,100,,6a7d9f9d7bffe6ebe23a3f3c,10.1007/s10853-019-03973-z,True,False,248.43977542291387,,,,26.42423512950327,,,,,,,,,,,
6a7d9fab7bffe6ebe23a3fe3,,,1000.0,5.0,,,,,,,0.05,,0.05,0.0,4,25.0,100,,6a7d9f9d7bffe6ebe23a3f3c,10.1007/s10853-019-03973-z,True,False,261.40516380755247,,,,34.77894546794954,,,,,,,,,,,
6a7d9fab7bffe6ebe23a3fe3,,,1000.0,5.0,,,,,,,0.05,,0.05,0.0,4,25.0,100,,6a7d9f9d7bffe6ebe23a3f3c,10.1007/s10853-019-03973-z,True,False,272.4618301383915,,,,43.91300750013165,,,,,,,,,,,
6a7d9fab7bffe6ebe23a3fe3,,,1000.0,5.0,,,,,,,0.05,,0.05,0.0,4,25.0,100,,6a7d9f9d7bffe6ebe23a3f3c,10.1007/s10853-019-03973-z,True,False,282.5952758213275,,,,52.44901490246819,,,,,,,,,,,
6a7d9fab7bffe6ebe23a3fe3,,,1000.0,5.0,,,,,,,0.05,,0.05,0.0,4,25.0,100,,6a7d9f9d7bffe6ebe23a3f3c,10.1007/s10853-019-03973-z,True,False,293.7105593361605,,,,60.6818575050214,,,,,,,,,,,
6a7d9fab7bffe6ebe23a3fe3,,,1000.0,5.0,,,,,,,0.05,,0.05,0.0,4,25.0,100,,6a7d9f9d7bffe6ebe23a3f3c,10.1007/s10853-019-03973-z,True,False,304.0638194590733,,,,65.84242953111011,,,,,,,,,,,
6a7d9fab7bffe6ebe23a3fe3,,,1000.0,5.0,,,,,,,0.05,,0.05,0.0,4,25.0,100,,6a7d9f9d7bffe6ebe23a3f3c,10.1007/s10853-019-03973-z,True,False,321.08478426128613,,,,68.51825383093485,,,,,,,,,,,
6a7d9fab7bffe6ebe23a3fe3,,,1000.0,5.0,,,,,,,0.05,,0.05,0.0,4,25.0,100,,6a7d9f9d7bffe6ebe23a3f3c,10.1007/s10853-019-03973-z,True,False,346.27185550864147,,,,65.26619073052937,,,,,,,,,,,
6a7d9fab7bffe6ebe23a3fe3,,,1000.0,5.0,,,,,,,0.05,,0.05,0.0,4,25.0,100,,6a7d9f9d7bffe6ebe23a3f3c,10.1007/s10853-019-03973-z,True,False,372.56532610388064,,,,57.415501275097604,,,,,,,,,,,
6a7d9fab7bffe6ebe23a3fe3,,,1000.0,5.0,,,,,,,0.05,,0.05,0.0,4,25.0,100,,6a7d9f9d7bffe6ebe23a3f3c,10.1007/s10853-019-03973-z,True,False,391.22024490992186,,,,50.87902746537677,,,,,,,,,,,
6a7d9fab7bffe6ebe23a3fe3,,,1000.0,5.0,,,,,,,0.05,,0.05,0.0,4,25.0,100,,6a7d9f9d7bffe6ebe23a3f3c,10.1007/s10853-019-03973-z,True,False,408.5819220940989,,,,44.94136055547615,,,,,,,,,,,
6a7d9fab7bffe6ebe23a3fe3,,,1000.0,5.0,,,,,,,0.05,,0.05,0.0,4,25.0,100,,6a7d9f9d7bffe6ebe23a3f3c,10.1007/s10853-019-03973-z,True,False,431.8932434536513,,,,37.792538986391435,,,,,,,,,,,
6a7d9fab7bffe6ebe23a3fe3,,,1000.0,5.0,,,,,,,0.05,,0.05,0.0,4,25.0,100,,6a7d9f9d7bffe6ebe23a3f3c,10.1007/s10853-019-03973-z,True,False,455.248527701199,,,,31.920319564285233,,,,,,,,,,,
6a7d9fab7bffe6ebe23a3fe3,,,1000.0,5.0,,,,,,,0.05,,0.05,0.0,4,25.0,100,,6a7d9f9d7bffe6ebe23a3f3c,10.1007/s10853-019-03973-z,True,False,478.6697562807397,,,,26.573184584483673,,,,,,,,,,,
6a7d9fab7bffe6ebe23a3fe3,,,1000.0,5.0,,,,,,,0.05,,0.05,0.0,4,25.0,100,,6a7d9f9d7bffe6ebe23a3f3c,10.1007/s10853-019-03973-z,True,False,518.1594204225933,,,,21.079356959625667,,,,,,,,,,,
6a7d9fab7bffe6ebe23a3fe3,,,1000.0,5.0,,,,,,,0.05,,0.05,0.0,4,25.0,100,,6a7d9f9d7bffe6ebe23a3f3c,10.1007/s10853-019-03973-z,True,False,553.0586263429288,,,,17.562494828143922,,,,,,,,,,,
6a7d9fab7bffe6ebe23a3fe3,,,1000.0,5.0,,,,,,,0.05,,0.05,0.0,4,25.0,100,,6a7d9f9d7bffe6ebe23a3f3c,10.1007/s10853-019-03973-z,True,False,600.5678539699405,,,,14.080237115496006,,,,,,,,,,,
6a7d9fab7bffe6ebe23a3fe3,,,1000.0,5.0,,,,,,,0.05,,0.05,0.0,4,25.0,100,,6a7d9f9d7bffe6ebe23a3f3c,10.1007/s10853-019-03973-z,True,False,654.2648580823023,,,,11.715852585175766,,,,,,,,,,,
6a7d9fab7bffe6ebe23a3fe3,,,1000.0,5.0,,,,,,,0.05,,0.05,0.0,4,25.0,100,,6a7d9f9d7bffe6ebe23a3f3c,10.1007/s10853-019-03973-z,True,False,693.6153064121704,,,,10.805605915851078,,,,,,,,,,,
6a7d9fab7bffe6ebe23a3fe4,,1.0,,5.0,,,Degussa,Printex-U,93.5,0.005,0.045,1:9,0.05,0.0,4,25.0,100,,6a7d9f9d7bffe6ebe23a3f3c,10.1007/s10853-019-03973-z,False,True,213.87482109435206,,1.4455047022903096,,,,,,,,,100.0,,,,
6a7d9fab7bffe6ebe23a3fe4,,1.0,,5.0,,,Degussa,Printex-U,93.5,0.005,0.045,1:9,0.05,0.0,4,25.0,100,,6a7d9f9d7bffe6ebe23a3f3c,10.1007/s10853-019-03973-z,False,True,245.72789040751167,,5.158362730618834,,,,,,,,,100.0,,,,
6a7d9fab7bffe6ebe23a3fe4,,1.0,,5.0,,,Degussa,Printex-U,93.5,0.005,0.045,1:9,0.05,0.0,4,25.0,100,,6a7d9f9d7bffe6ebe23a3f3c,10.1007/s10853-019-03973-z,False,True,277.95843097780784,,11.04827786747882,,,,,,,,,100.0,,,,
6a7d9fab7bffe6ebe23a3fe4,,1.0,,5.0,,,Degussa,Printex-U,93.5,0.005,0.045,1:9,0.05,0.0,4,25.0,100,,6a7d9f9d7bffe6ebe23a3f3c,10.1007/s10853-019-03973-z,False,True,295.27295890281687,,17.1287333277217,,,,,,,,,100.0,,,,
6a7d9fab7bffe6ebe23a3fe4,,1.0,,5.0,,,Degussa,Printex-U,93.5,0.005,0.045,1:9,0.05,0.0,4,25.0,100,,6a7d9f9d7bffe6ebe23a3f3c,10.1007/s10853-019-03973-z,False,True,311.1149557257671,,26.167537744584134,,,,,,,,,100.0,,,,
6a7d9fab7bffe6ebe23a3fe4,,1.0,,5.0,,,Degussa,Printex-U,93.5,0.005,0.045,1:9,0.05,0.0,4,25.0,100,,6a7d9f9d7bffe6ebe23a3f3c,10.1007/s10853-019-03973-z,False,True,326.9471225680628,,39.55050849014011,,,,,,,,,100.0,,,,
6a7d9fab7bffe6ebe23a3fe4,,1.0,,5.0,,,Degussa,Printex-U,93.5,0.005,0.045,1:9,0.05,0.0,4,25.0,100,,6a7d9f9d7bffe6ebe23a3f3c,10.1007/s10853-019-03973-z,False,True,343.0997467796983,,56.5629280461582,,,,,,,,,100.0,,,,
6a7d9fab7bffe6ebe23a3fe4,,1.0,,5.0,,,Degussa,Printex-U,93.5,0.005,0.045,1:9,0.05,0.0,4,25.0,100,,6a7d9f9d7bffe6ebe23a3f3c,10.1007/s10853-019-03973-z,False,True,360.15279721929505,,73.6373305989394,,,,,,,,,100.0,,,,
6a7d9fab7bffe6ebe23a3fe4,,1.0,,5.0,,,Degussa,Printex-U,93.5,0.005,0.045,1:9,0.05,0.0,4,25.0,100,,6a7d9f9d7bffe6ebe23a3f3c,10.1007/s10853-019-03973-z,False,True,376.0242839842091,,84.6840780220537,,,,,,,,,100.0,,,,
6a7d9fab7bffe6ebe23a3fe4,,1.0,,5.0,,,Degussa,Printex-U,93.5,0.005,0.045,1:9,0.05,0.0,4,25.0,100,,6a7d9f9d7bffe6ebe23a3f3c,10.1007/s10853-019-03973-z,False,True,391.86628080715934,,91.17775346071731,,,,,,,,,100.0,,,,
6a7d9fab7bffe6ebe23a3fe4,,1.0,,5.0,,,Degussa,Printex-U,93.5,0.005,0.045,1:9,0.05,0.0,4,25.0,100,,6a7d9f9d7bffe6ebe23a3f3c,10.1007/s10853-019-03973-z,False,True,407.9992450574857,,94.6794101667419,,,,,,,,,100.0,,,,
6a7d9fab7bffe6ebe23a3fe4,,1.0,,5.0,,,Degussa,Printex-U,93.5,0.005,0.045,1:9,0.05,0.0,4,25.0,100,,6a7d9f9d7bffe6ebe23a3f3c,10.1007/s10853-019-03973-z,False,True,425.2056431952942,,96.2029675316228,,,,,,,,,100.0,,,,
6a7d9fab7bffe6ebe23a3fe4,,1.0,,5.0,,,Degussa,Printex-U,93.5,0.005,0.045,1:9,0.05,0.0,4,25.0,100,,6a7d9f9d7bffe6ebe23a3f3c,10.1007/s10853-019-03973-z,False,True,457.36147591261545,,97.5359845731208,,,,,,,,,100.0,,,,
6a7d9fab7bffe6ebe23a3fe4,,1.0,,5.0,,,Degussa,Printex-U,93.5,0.005,0.045,1:9,0.05,0.0,4,25.0,100,,6a7d9f9d7bffe6ebe23a3f3c,10.1007/s10853-019-03973-z,False,True,490.0284676239757,,98.9233323895593,,,,,,,,,100.0,,,,
6a7d9fab7bffe6ebe23a3fe4,,1.0,,5.0,,,Degussa,Printex-U,93.5,0.005,0.045,1:9,0.05,0.0,4,25.0,100,,6a7d9f9d7bffe6ebe23a3f3c,10.1007/s10853-019-03973-z,False,True,506.25973168084806,,99.37481347709307,,,,,,,,,100.0,,,,
6a7d9fab7bffe6ebe23a3fe5,,1.0,1000.0,5.0,,,Degussa,Printex-U,93.5,0.005,0.045,1:9,0.05,0.0,4,25.0,100,,6a7d9f9d7bffe6ebe23a3f3c,10.1007/s10853-019-03973-z,True,True,213.94607709290622,,2.983864858722823,,,,,,,,,100.0,,,,
6a7d9fab7bffe6ebe23a3fe5,,1.0,1000.0,5.0,,,Degussa,Printex-U,93.5,0.005,0.045,1:9,0.05,0.0,4,25.0,100,,6a7d9f9d7bffe6ebe23a3f3c,10.1007/s10853-019-03973-z,True,True,245.67025268561352,,7.234300431785469,,,,,,,,,100.0,,,,
6a7d9fab7bffe6ebe23a3fe5,,1.0,1000.0,5.0,,,Degussa,Printex-U,93.5,0.005,0.045,1:9,0.05,0.0,4,25.0,100,,6a7d9f9d7bffe6ebe23a3f3c,10.1007/s10853-019-03973-z,True,True,278.87278344242213,,14.092114233770166,,,,,,,,,100.0,,,,
6a7d9fab7bffe6ebe23a3fe5,,1.0,1000.0,5.0,,,Degussa,Printex-U,93.5,0.005,0.045,1:9,0.05,0.0,4,25.0,100,,6a7d9f9d7bffe6ebe23a3f3c,10.1007/s10853-019-03973-z,True,True,295.044974762644,,19.84546625255662,,,,,,,,,100.0,,,,
6a7d9fab7bffe6ebe23a3fe5,,1.0,1000.0,5.0,,,Degussa,Printex-U,93.5,0.005,0.045,1:9,0.05,0.0,4,25.0,100,,6a7d9f9d7bffe6ebe23a3f3c,10.1007/s10853-019-03973-z,True,True,311.08064251889874,,31.09612908113021,,,,,,,,,100.0,,,,
6a7d9fab7bffe6ebe23a3fe5,,1.0,1000.0,5.0,,,Degussa,Printex-U,93.5,0.005,0.045,1:9,0.05,0.0,4,25.0,100,,6a7d9f9d7bffe6ebe23a3f3c,10.1007/s10853-019-03973-z,True,True,327.8320838176669,,50.50602227104007,,,,,,,,,100.0,,,,
6a7d9fab7bffe6ebe23a3fe5,,1.0,1000.0,5.0,,,Degussa,Printex-U,93.5,0.005,0.045,1:9,0.05,0.0,4,25.0,100,,6a7d9f9d7bffe6ebe23a3f3c,10.1007/s10853-019-03973-z,True,True,343.9048079698556,,69.81365048102417,,,,,,,,,100.0,,,,
6a7d9fab7bffe6ebe23a3fe5,,1.0,1000.0,5.0,,,Degussa,Printex-U,93.5,0.005,0.045,1:9,0.05,0.0,4,25.0,100,,6a7d9f9d7bffe6ebe23a3f3c,10.1007/s10853-019-03973-z,True,True,360.06334693368075,,84.06105598060753,,,,,,,,,100.0,,,,
6a7d9fab7bffe6ebe23a3fe5,,1.0,1000.0,5.0,,,Degussa,Printex-U,93.5,0.005,0.045,1:9,0.05,0.0,4,25.0,100,,6a7d9f9d7bffe6ebe23a3f3c,10.1007/s10853-019-03973-z,True,True,376.06780930388584,,92.7573668661465,,,,,,,,,100.0,,,,
6a7d9fab7bffe6ebe23a3fe5,,1.0,1000.0,5.0,,,Degussa,Printex-U,93.5,0.005,0.045,1:9,0.05,0.0,4,25.0,100,,6a7d9f9d7bffe6ebe23a3f3c,10.1007/s10853-019-03973-z,True,True,393.3848482248036,,96.70479509128096,,,,,,,,,100.0,,,,
6a7d9fab7bffe6ebe23a3fe5,,1.0,1000.0,5.0,,,Degussa,Printex-U,93.5,0.005,0.045,1:9,0.05,0.0,4,25.0,100,,6a7d9f9d7bffe6ebe23a3f3c,10.1007/s10853-019-03973-z,True,True,409.147468853124,,97.94712521778652,,,,,,,,,100.0,,,,
6a7d9fab7bffe6ebe23a3fe5,,1.0,1000.0,5.0,,,Degussa,Printex-U,93.5,0.005,0.045,1:9,0.05,0.0,4,25.0,100,,6a7d9f9d7bffe6ebe23a3f3c,10.1007/s10853-019-03973-z,True,True,442.14716460061004,,99.20157563820922,,,,,,,,,100.0,,,,
6a7d9fab7bffe6ebe23a3fe5,,1.0,1000.0,5.0,,,Degussa,Printex-U,93.5,0.005,0.045,1:9,0.05,0.0,4,25.0,100,,6a7d9f9d7bffe6ebe23a3f3c,10.1007/s10853-019-03973-z,True,True,458.84009580053515,,99.04022422543746,,,,,,,,,100.0,,,,
6a7d9fab7bffe6ebe23a3fe5,,1.0,1000.0,5.0,,,Degussa,Printex-U,93.5,0.005,0.045,1:9,0.05,0.0,4,25.0,100,,6a7d9f9d7bffe6ebe23a3f3c,10.1007/s10853-019-03973-z,True,True,489.0410584866948,,99.5970002272555,,,,,,,,,100.0,,,,
6a7d9fab7bffe6ebe23a3fe6,,0.0,1000.0,5.0,,,Degussa,Printex-U,93.5,0.005,0.045,1:9,0.05,0.0,4,25.0,100,,6a7d9f9d7bffe6ebe23a3f3c,10.1007/s10853-019-03973-z,True,True,213.16065520858547,,1.5780130702526076,,,,,,,,,,,,,
6a7d9fab7bffe6ebe23a3fe6,,0.0,1000.0,5.0,,,Degussa,Printex-U,93.5,0.005,0.045,1:9,0.05,0.0,4,25.0,100,,6a7d9f9d7bffe6ebe23a3f3c,10.1007/s10853-019-03973-z,True,True,245.65682239974177,,5.191969335176574,,,,,,,,,,,,,
6a7d9fab7bffe6ebe23a3fe6,,0.0,1000.0,5.0,,,Degussa,Printex-U,93.5,0.005,0.045,1:9,0.05,0.0,4,25.0,100,,6a7d9f9d7bffe6ebe23a3f3c,10.1007/s10853-019-03973-z,True,True,278.0480916646494,,11.019385446776422,,,,,,,,,,,,,
6a7d9fab7bffe6ebe23a3fe6,,0.0,1000.0,5.0,,,Degussa,Printex-U,93.5,0.005,0.045,1:9,0.05,0.0,4,25.0,100,,6a7d9f9d7bffe6ebe23a3f3c,10.1007/s10853-019-03973-z,True,True,294.7268619381909,,16.920635918059567,,,,,,,,,,,,,
6a7d9fab7bffe6ebe23a3fe6,,0.0,1000.0,5.0,,,Degussa,Printex-U,93.5,0.005,0.045,1:9,0.05,0.0,4,25.0,100,,6a7d9f9d7bffe6ebe23a3f3c,10.1007/s10853-019-03973-z,True,True,311.03445493423703,,26.08395123790373,,,,,,,,,,,,,
6a7d9fab7bffe6ebe23a3fe6,,0.0,1000.0,5.0,,,Degussa,Printex-U,93.5,0.005,0.045,1:9,0.05,0.0,4,25.0,100,,6a7d9f9d7bffe6ebe23a3f3c,10.1007/s10853-019-03973-z,True,True,326.9043008149761,,39.600351891416366,,,,,,,,,,,,,
6a7d9fab7bffe6ebe23a3fe6,,0.0,1000.0,5.0,,,Degussa,Printex-U,93.5,0.005,0.045,1:9,0.05,0.0,4,25.0,100,,6a7d9f9d7bffe6ebe23a3f3c,10.1007/s10853-019-03973-z,True,True,342.94763172758815,,56.630168405177834,,,,,,,,,,,,,
6a7d9fab7bffe6ebe23a3fe6,,0.0,1000.0,5.0,,,Degussa,Printex-U,93.5,0.005,0.045,1:9,0.05,0.0,4,25.0,100,,6a7d9f9d7bffe6ebe23a3f3c,10.1007/s10853-019-03973-z,True,True,359.90276769143867,,73.60264546939803,,,,,,,,,,,,,
6a7d9fab7bffe6ebe23a3fe6,,0.0,1000.0,5.0,,,Degussa,Printex-U,93.5,0.005,0.045,1:9,0.05,0.0,4,25.0,100,,6a7d9f9d7bffe6ebe23a3f3c,10.1007/s10853-019-03973-z,True,True,376.1316872427983,,84.78462360186,,,,,,,,,,,,,
6a7d9fab7bffe6ebe23a3fe6,,0.0,1000.0,5.0,,,Degussa,Printex-U,93.5,0.005,0.045,1:9,0.05,0.0,4,25.0,100,,6a7d9f9d7bffe6ebe23a3f3c,10.1007/s10853-019-03973-z,True,True,392.30210602759615,,91.33388840015081,,,,,,,,,,,,,
6a7d9fab7bffe6ebe23a3fe6,,0.0,1000.0,5.0,,,Degussa,Printex-U,93.5,0.005,0.045,1:9,0.05,0.0,4,25.0,100,,6a7d9f9d7bffe6ebe23a3f3c,10.1007/s10853-019-03973-z,True,True,408.1901073186476,,94.71298856352898,,,,,,,,,,,,,
6a7d9fab7bffe6ebe23a3fe6,,0.0,1000.0,5.0,,,Degussa,Printex-U,93.5,0.005,0.045,1:9,0.05,0.0,4,25.0,100,,6a7d9f9d7bffe6ebe23a3f3c,10.1007/s10853-019-03973-z,True,True,424.957637375938,,96.17003895940682,,,,,,,,,,,,,
6a7d9fab7bffe6ebe23a3fe6,,0.0,1000.0,5.0,,,Degussa,Printex-U,93.5,0.005,0.045,1:9,0.05,0.0,4,25.0,100,,6a7d9f9d7bffe6ebe23a3f3c,10.1007/s10853-019-03973-z,True,True,440.9001048979262,,96.91309538770894,,,,,,,,,,,,,
6a7d9fab7bffe6ebe23a3fe6,,0.0,1000.0,5.0,,,Degussa,Printex-U,93.5,0.005,0.045,1:9,0.05,0.0,4,25.0,100,,6a7d9f9d7bffe6ebe23a3f3c,10.1007/s10853-019-03973-z,True,True,457.0826272895989,,97.50848309664447,,,,,,,,,,,,,
6a7d9fab7bffe6ebe23a3fe6,,0.0,1000.0,5.0,,,Degussa,Printex-U,93.5,0.005,0.045,1:9,0.05,0.0,4,25.0,100,,6a7d9f9d7bffe6ebe23a3f3c,10.1007/s10853-019-03973-z,True,True,474.20923101750986,,98.16435214276738,,,,,,,,,,,,,
6a7d9fab7bffe6ebe23a3fe6,,0.0,1000.0,5.0,,,Degussa,Printex-U,93.5,0.005,0.045,1:9,0.05,0.0,4,25.0,100,,6a7d9f9d7bffe6ebe23a3f3c,10.1007/s10853-019-03973-z,True,True,489.66150246106673,,98.88227346990072,,,,,,,,,,,,,
6a7d9fab7bffe6ebe23a3fe6,,0.0,1000.0,5.0,,,Degussa,Printex-U,93.5,0.005,0.045,1:9,0.05,0.0,4,25.0,100,,6a7d9f9d7bffe6ebe23a3f3c,10.1007/s10853-019-03973-z,True,True,505.7310578552408,,99.39754304386076,,,,,,,,,,,,,
6a7d9fab7bffe6ebe23a3fe6,,0.0,1000.0,5.0,,,Degussa,Printex-U,93.5,0.005,0.045,1:9,0.05,0.0,4,25.0,100,,6a7d9f9d7bffe6ebe23a3f3c,10.1007/s10853-019-03973-z,True,True,522.1032034212861,,99.83583637049139,,,,,,,,,,,,,
6a7d9fab7bffe6ebe23a3fe7,,,1000.0,5.0,,,,,,,0.05,,0.05,0.0,4,25.0,100,,6a7d9f9e7bffe6ebe23a3f3d,10.1007/s10853-019-03973-z,True,False,167.89976461537057,,,,10.528018295205781,,,,,,,,,,,
6a7d9fab7bffe6ebe23a3fe7,,,1000.0,5.0,,,,,,,0.05,,0.05,0.0,4,25.0,100,,6a7d9f9e7bffe6ebe23a3f3d,10.1007/s10853-019-03973-z,True,False,195.7172819944497,,,,9.634321565323361,,,,,,,,,,,
6a7d9fab7bffe6ebe23a3fe7,,,1000.0,5.0,,,,,,,0.05,,0.05,0.0,4,25.0,100,,6a7d9f9e7bffe6ebe23a3f3d,10.1007/s10853-019-03973-z,True,False,228.8030187849757,,,,12.527551887821499,,,,,,,,,,,
6a7d9fab7bffe6ebe23a3fe7,,,1000.0,5.0,,,,,,,0.05,,0.05,0.0,4,25.0,100,,6a7d9f9e7bffe6ebe23a3f3d,10.1007/s10853-019-03973-z,True,False,254.19891375030915,,,,19.588357869872336,,,,,,,,,,,
6a7d9fab7bffe6ebe23a3fe7,,,1000.0,5.0,,,,,,,0.05,,0.05,0.0,4,25.0,100,,6a7d9f9e7bffe6ebe23a3f3d,10.1007/s10853-019-03973-z,True,False,269.86801974666395,,,,26.63035710255696,,,,,,,,,,,
6a7d9fab7bffe6ebe23a3fe7,,,1000.0,5.0,,,,,,,0.05,,0.05,0.0,4,25.0,100,,6a7d9f9e7bffe6ebe23a3f3d,10.1007/s10853-019-03973-z,True,False,284.4710257091306,,,,34.578841654693036,,,,,,,,,,,
6a7d9fab7bffe6ebe23a3fe7,,,1000.0,5.0,,,,,,,0.05,,0.05,0.0,4,25.0,100,,6a7d9f9e7bffe6ebe23a3f3d,10.1007/s10853-019-03973-z,True,False,297.6818735517434,,,,42.916249783722385,,,,,,,,,,,
6a7d9fab7bffe6ebe23a3fe7,,,1000.0,5.0,,,,,,,0.05,,0.05,0.0,4,25.0,100,,6a7d9f9e7bffe6ebe23a3f3d,10.1007/s10853-019-03973-z,True,False,311.3836403103047,,,,50.7120235310048,,,,,,,,,,,
6a7d9fab7bffe6ebe23a3fe7,,,1000.0,5.0,,,,,,,0.05,,0.05,0.0,4,25.0,100,,6a7d9f9e7bffe6ebe23a3f3d,10.1007/s10853-019-03973-z,True,False,337.3254078015809,,,,56.89342591269154,,,,,,,,,,,
6a7d9fab7bffe6ebe23a3fe7,,,1000.0,5.0,,,,,,,0.05,,0.05,0.0,4,25.0,100,,6a7d9f9e7bffe6ebe23a3f3d,10.1007/s10853-019-03973-z,True,False,360.04323017319547,,,,55.19404803996058,,,,,,,,,,,
6a7d9fab7bffe6ebe23a3fe7,,,1000.0,5.0,,,,,,,0.05,,0.05,0.0,4,25.0,100,,6a7d9f9e7bffe6ebe23a3f3d,10.1007/s10853-019-03973-z,True,False,382.58520099282856,,,,50.37425431238763,,,,,,,,,,,
6a7d9fab7bffe6ebe23a3fe7,,,1000.0,5.0,,,,,,,0.05,,0.05,0.0,4,25.0,100,,6a7d9f9e7bffe6ebe23a3f3d,10.1007/s10853-019-03973-z,True,False,407.0212395702629,,,,43.849816822261175,,,,,,,,,,,
6a7d9fab7bffe6ebe23a3fe7,,,1000.0,5.0,,,,,,,0.05,,0.05,0.0,4,25.0,100,,6a7d9f9e7bffe6ebe23a3f3d,10.1007/s10853-019-03973-z,True,False,441.4331901486495,,,,35.20397800362594,,,,,,,,,,,
6a7d9fab7bffe6ebe23a3fe7,,,1000.0,5.0,,,,,,,0.05,,0.05,0.0,4,25.0,100,,6a7d9f9e7bffe6ebe23a3f3d,10.1007/s10853-019-03973-z,True,False,465.495544178123,,,,29.68908681947777,,,,,,,,,,,
6a7d9fab7bffe6ebe23a3fe7,,,1000.0,5.0,,,,,,,0.05,,0.05,0.0,4,25.0,100,,6a7d9f9e7bffe6ebe23a3f3d,10.1007/s10853-019-03973-z,True,False,493.16651859721753,,,,24.479617245036895,,,,,,,,,,,
6a7d9fab7bffe6ebe23a3fe7,,,1000.0,5.0,,,,,,,0.05,,0.05,0.0,4,25.0,100,,6a7d9f9e7bffe6ebe23a3f3d,10.1007/s10853-019-03973-z,True,False,531.7146442211699,,,,19.52140584212862,,,,,,,,,,,
6a7d9fab7bffe6ebe23a3fe7,,,1000.0,5.0,,,,,,,0.05,,0.05,0.0,4,25.0,100,,6a7d9f9e7bffe6ebe23a3f3d,10.1007/s10853-019-03973-z,True,False,583.543225593728,,,,15.153726369319418,,,,,,,,,,,
6a7d9fab7bffe6ebe23a3fe7,,,1000.0,5.0,,,,,,,0.05,,0.05,0.0,4,25.0,100,,6a7d9f9e7bffe6ebe23a3f3d,10.1007/s10853-019-03973-z,True,False,634.4925492063784,,,,12.517772378151069,,,,,,,,,,,
6a7d9fab7bffe6ebe23a3fe7,,,1000.0,5.0,,,,,,,0.05,,0.05,0.0,4,25.0,100,,6a7d9f9e7bffe6ebe23a3f3d,10.1007/s10853-019-03973-z,True,False,690.1788740005312,,,,10.872557943594796,,,,,,,,,,,
6a7d9fab7bffe6ebe23a3fe8,,1.0,,5.0,,,Degussa,Printex-U,93.5,0.005,0.045,1:9,0.05,0.0,4,25.0,100,,6a7d9f9e7bffe6ebe23a3f3d,10.1007/s10853-019-03973-z,False,True,212.76206728425157,,1.7592457970171635,,,,,,,,,100.0,,,,
6a7d9fab7bffe6ebe23a3fe8,,1.0,,5.0,,,Degussa,Printex-U,93.5,0.005,0.045,1:9,0.05,0.0,4,25.0,100,,6a7d9f9e7bffe6ebe23a3f3d,10.1007/s10853-019-03973-z,False,True,230.16703103128293,,3.4656912634583446,,,,,,,,,100.0,,,,
6a7d9fab7bffe6ebe23a3fe8,,1.0,,5.0,,,Degussa,Printex-U,93.5,0.005,0.045,1:9,0.05,0.0,4,25.0,100,,6a7d9f9e7bffe6ebe23a3f3d,10.1007/s10853-019-03973-z,False,True,245.90679605542536,,5.458329826064997,,,,,,,,,100.0,,,,
6a7d9fab7bffe6ebe23a3fe8,,1.0,,5.0,,,Degussa,Printex-U,93.5,0.005,0.045,1:9,0.05,0.0,4,25.0,100,,6a7d9f9e7bffe6ebe23a3f3d,10.1007/s10853-019-03973-z,False,True,261.9886444063478,,8.186346905824104,,,,,,,,,100.0,,,,
6a7d9fab7bffe6ebe23a3fe8,,1.0,,5.0,,,Degussa,Printex-U,93.5,0.005,0.045,1:9,0.05,0.0,4,25.0,100,,6a7d9f9e7bffe6ebe23a3f3d,10.1007/s10853-019-03973-z,False,True,279.04169484594456,,12.76620166665391,,,,,,,,,100.0,,,,
6a7d9fab7bffe6ebe23a3fe8,,1.0,,5.0,,,Degussa,Printex-U,93.5,0.005,0.045,1:9,0.05,0.0,4,25.0,100,,6a7d9f9e7bffe6ebe23a3f3d,10.1007/s10853-019-03973-z,False,True,295.1923530614492,,19.816958854003257,,,,,,,,,100.0,,,,
6a7d9fab7bffe6ebe23a3fe8,,1.0,,5.0,,,Degussa,Printex-U,93.5,0.005,0.045,1:9,0.05,0.0,4,25.0,100,,6a7d9f9e7bffe6ebe23a3f3d,10.1007/s10853-019-03973-z,False,True,310.8770701939259,,31.603676127363574,,,,,,,,,100.0,,,,
6a7d9fab7bffe6ebe23a3fe8,,1.0,,5.0,,,Degussa,Printex-U,93.5,0.005,0.045,1:9,0.05,0.0,4,25.0,100,,6a7d9f9e7bffe6ebe23a3f3d,10.1007/s10853-019-03973-z,False,True,327.2007360689514,,49.05762888254605,,,,,,,,,100.0,,,,
6a7d9fab7bffe6ebe23a3fe8,,1.0,,5.0,,,Degussa,Printex-U,93.5,0.005,0.045,1:9,0.05,0.0,4,25.0,100,,6a7d9f9e7bffe6ebe23a3f3d,10.1007/s10853-019-03973-z,False,True,344.013934980576,,69.17225916544868,,,,,,,,,100.0,,,,
6a7d9fab7bffe6ebe23a3fe8,,1.0,,5.0,,,Degussa,Printex-U,93.5,0.005,0.045,1:9,0.05,0.0,4,25.0,100,,6a7d9f9e7bffe6ebe23a3f3d,10.1007/s10853-019-03973-z,False,True,360.05449741274913,,82.67766546016635,,,,,,,,,100.0,,,,
6a7d9fab7bffe6ebe23a3fe8,,1.0,,5.0,,,Degussa,Printex-U,93.5,0.005,0.045,1:9,0.05,0.0,4,25.0,100,,6a7d9f9e7bffe6ebe23a3f3d,10.1007/s10853-019-03973-z,False,True,376.173699690159,,89.37642044367581,,,,,,,,,100.0,,,,
6a7d9fab7bffe6ebe23a3fe8,,1.0,,5.0,,,Degussa,Printex-U,93.5,0.005,0.045,1:9,0.05,0.0,4,25.0,100,,6a7d9f9e7bffe6ebe23a3f3d,10.1007/s10853-019-03973-z,False,True,392.00586653245466,,92.16795096456256,,,,,,,,,100.0,,,,
6a7d9fab7bffe6ebe23a3fe8,,1.0,,5.0,,,Degussa,Printex-U,93.5,0.005,0.045,1:9,0.05,0.0,4,25.0,100,,6a7d9f9e7bffe6ebe23a3f3d,10.1007/s10853-019-03973-z,False,True,409.7706075714443,,93.83001354443262,,,,,,,,,100.0,,,,
6a7d9fab7bffe6ebe23a3fe8,,1.0,,5.0,,,Degussa,Printex-U,93.5,0.005,0.045,1:9,0.05,0.0,4,25.0,100,,6a7d9f9e7bffe6ebe23a3f3d,10.1007/s10853-019-03973-z,False,True,424.79671600006293,,94.47126973316702,,,,,,,,,100.0,,,,
6a7d9fab7bffe6ebe23a3fe8,,1.0,,5.0,,,Degussa,Printex-U,93.5,0.005,0.045,1:9,0.05,0.0,4,25.0,100,,6a7d9f9e7bffe6ebe23a3f3d,10.1007/s10853-019-03973-z,False,True,440.83334643997426,,95.0857431455223,,,,,,,,,100.0,,,,
6a7d9fab7bffe6ebe23a3fe8,,1.0,,5.0,,,Degussa,Printex-U,93.5,0.005,0.045,1:9,0.05,0.0,4,25.0,100,,6a7d9f9e7bffe6ebe23a3f3d,10.1007/s10853-019-03973-z,False,True,457.0095626051808,,95.7560777771826,,,,,,,,,100.0,,,,
6a7d9fab7bffe6ebe23a3fe8,,1.0,,5.0,,,Degussa,Printex-U,93.5,0.005,0.045,1:9,0.05,0.0,4,25.0,100,,6a7d9f9e7bffe6ebe23a3f3d,10.1007/s10853-019-03973-z,False,True,473.60453594627324,,96.36978596735561,,,,,,,,,100.0,,,,
6a7d9fab7bffe6ebe23a3fe8,,1.0,,5.0,,,Degussa,Printex-U,93.5,0.005,0.045,1:9,0.05,0.0,4,25.0,100,,6a7d9f9e7bffe6ebe23a3f3d,10.1007/s10853-019-03973-z,False,True,489.8456299838002,,96.9452330484156,,,,,,,,,100.0,,,,
6a7d9fab7bffe6ebe23a3fe8,,1.0,,5.0,,,Degussa,Printex-U,93.5,0.005,0.045,1:9,0.05,0.0,4,25.0,100,,6a7d9f9e7bffe6ebe23a3f3d,10.1007/s10853-019-03973-z,False,True,506.1987858007896,,97.59720234770165,,,,,,,,,100.0,,,,
6a7d9fab7bffe6ebe23a3fe8,,1.0,,5.0,,,Degussa,Printex-U,93.5,0.005,0.045,1:9,0.05,0.0,4,25.0,100,,6a7d9f9e7bffe6ebe23a3f3d,10.1007/s10853-019-03973-z,False,True,523.285258174612,,98.23080631461345,,,,,,,,,100.0,,,,
6a7d9fab7bffe6ebe23a3fe9,,1.0,1000.0,5.0,,,Degussa,Printex-U,93.5,0.005,0.045,1:9,0.05,0.0,4,25.0,100,,6a7d9f9e7bffe6ebe23a3f3d,10.1007/s10853-019-03973-z,True,True,214.0221402214022,,3.6626013180819625,,,,,,,,,100.0,,,,
6a7d9fab7bffe6ebe23a3fe9,,1.0,1000.0,5.0,,,Degussa,Printex-U,93.5,0.005,0.045,1:9,0.05,0.0,4,25.0,100,,6a7d9f9e7bffe6ebe23a3f3d,10.1007/s10853-019-03973-z,True,True,230.2177355811613,,5.5207938792515705,,,,,,,,,100.0,,,,
6a7d9fab7bffe6ebe23a3fe9,,1.0,1000.0,5.0,,,Degussa,Printex-U,93.5,0.005,0.045,1:9,0.05,0.0,4,25.0,100,,6a7d9f9e7bffe6ebe23a3f3d,10.1007/s10853-019-03973-z,True,True,245.58638821060512,,8.07741837739565,,,,,,,,,100.0,,,,
6a7d9fab7bffe6ebe23a3fe9,,1.0,1000.0,5.0,,,Degussa,Printex-U,93.5,0.005,0.045,1:9,0.05,0.0,4,25.0,100,,6a7d9f9e7bffe6ebe23a3f3d,10.1007/s10853-019-03973-z,True,True,262.1427958465631,,11.065070827967576,,,,,,,,,100.0,,,,
6a7d9fab7bffe6ebe23a3fe9,,1.0,1000.0,5.0,,,Degussa,Printex-U,93.5,0.005,0.045,1:9,0.05,0.0,4,25.0,100,,6a7d9f9e7bffe6ebe23a3f3d,10.1007/s10853-019-03973-z,True,True,278.7577135813641,,15.240512082417995,,,,,,,,,100.0,,,,
6a7d9fab7bffe6ebe23a3fe9,,1.0,1000.0,5.0,,,Degussa,Printex-U,93.5,0.005,0.045,1:9,0.05,0.0,4,25.0,100,,6a7d9f9e7bffe6ebe23a3f3d,10.1007/s10853-019-03973-z,True,True,294.98061365391663,,21.83319445496553,,,,,,,,,100.0,,,,
6a7d9fab7bffe6ebe23a3fe9,,1.0,1000.0,5.0,,,Degussa,Printex-U,93.5,0.005,0.045,1:9,0.05,0.0,4,25.0,100,,6a7d9f9e7bffe6ebe23a3f3d,10.1007/s10853-019-03973-z,True,True,311.2230170927502,,35.022346791909705,,,,,,,,,100.0,,,,
6a7d9fab7bffe6ebe23a3fe9,,1.0,1000.0,5.0,,,Degussa,Printex-U,93.5,0.005,0.045,1:9,0.05,0.0,4,25.0,100,,6a7d9f9e7bffe6ebe23a3f3d,10.1007/s10853-019-03973-z,True,True,327.81063011475777,,54.68676615407923,,,,,,,,,100.0,,,,
6a7d9fab7bffe6ebe23a3fe9,,1.0,1000.0,5.0,,,Degussa,Printex-U,93.5,0.005,0.045,1:9,0.05,0.0,4,25.0,100,,6a7d9f9e7bffe6ebe23a3f3d,10.1007/s10853-019-03973-z,True,True,344.14079870185594,,72.59753049011438,,,,,,,,,100.0,,,,
6a7d9fab7bffe6ebe23a3fe9,,1.0,1000.0,5.0,,,Degussa,Printex-U,93.5,0.005,0.045,1:9,0.05,0.0,4,25.0,100,,6a7d9f9e7bffe6ebe23a3f3d,10.1007/s10853-019-03973-z,True,True,359.7512930731844,,85.19960609044769,,,,,,,,,100.0,,,,
6a7d9fab7bffe6ebe23a3fe9,,1.0,1000.0,5.0,,,Degussa,Printex-U,93.5,0.005,0.045,1:9,0.05,0.0,4,25.0,100,,6a7d9f9e7bffe6ebe23a3f3d,10.1007/s10853-019-03973-z,True,True,376.1555744521504,,90.87872130899174,,,,,,,,,100.0,,,,
6a7d9fab7bffe6ebe23a3fe9,,1.0,1000.0,5.0,,,Degussa,Printex-U,93.5,0.005,0.045,1:9,0.05,0.0,4,25.0,100,,6a7d9f9e7bffe6ebe23a3f3d,10.1007/s10853-019-03973-z,True,True,393.0318372951171,,93.01871070373456,,,,,,,,,100.0,,,,
6a7d9fab7bffe6ebe23a3fe9,,1.0,1000.0,5.0,,,Degussa,Printex-U,93.5,0.005,0.045,1:9,0.05,0.0,4,25.0,100,,6a7d9f9e7bffe6ebe23a3f3d,10.1007/s10853-019-03973-z,True,True,408.94073317054523,,94.42239224301188,,,,,,,,,100.0,,,,
6a7d9fab7bffe6ebe23a3fe9,,1.0,1000.0,5.0,,,Degussa,Printex-U,93.5,0.005,0.045,1:9,0.05,0.0,4,25.0,100,,6a7d9f9e7bffe6ebe23a3f3d,10.1007/s10853-019-03973-z,True,True,425.1694842529821,,95.74653435345806,,,,,,,,,100.0,,,,
6a7d9fab7bffe6ebe23a3fe9,,1.0,1000.0,5.0,,,Degussa,Printex-U,93.5,0.005,0.045,1:9,0.05,0.0,4,25.0,100,,6a7d9f9e7bffe6ebe23a3f3d,10.1007/s10853-019-03973-z,True,True,441.2617117714517,,97.31838497083554,,,,,,,,,100.0,,,,
6a7d9fab7bffe6ebe23a3fe9,,1.0,1000.0,5.0,,,Degussa,Printex-U,93.5,0.005,0.045,1:9,0.05,0.0,4,25.0,100,,6a7d9f9e7bffe6ebe23a3f3d,10.1007/s10853-019-03973-z,True,True,458.72892661273335,,98.39860616619953,,,,,,,,,100.0,,,,
6a7d9fab7bffe6ebe23a3fe9,,1.0,1000.0,5.0,,,Degussa,Printex-U,93.5,0.005,0.045,1:9,0.05,0.0,4,25.0,100,,6a7d9f9e7bffe6ebe23a3f3d,10.1007/s10853-019-03973-z,True,True,473.8986449061108,,99.05840466631315,,,,,,,,,100.0,,,,
6a7d9fab7bffe6ebe23a3fe9,,1.0,1000.0,5.0,,,Degussa,Printex-U,93.5,0.005,0.045,1:9,0.05,0.0,4,25.0,100,,6a7d9f9e7bffe6ebe23a3f3d,10.1007/s10853-019-03973-z,True,True,490.2639195525147,,99.53185364745094,,,,,,,,,100.0,,,,
6a7d9fab7bffe6ebe23a3fea,,0.0,1000.0,5.0,,,Degussa,Printex-U,93.5,0.005,0.045,1:9,0.05,0.0,4,25.0,100,,6a7d9f9e7bffe6ebe23a3f3d,10.1007/s10853-019-03973-z,True,True,213.09206810296135,,1.5120334296845543,,,,,,,,,,,,,
6a7d9fab7bffe6ebe23a3fea,,0.0,1000.0,5.0,,,Degussa,Printex-U,93.5,0.005,0.045,1:9,0.05,0.0,4,25.0,100,,6a7d9f9e7bffe6ebe23a3f3d,10.1007/s10853-019-03973-z,True,True,230.03510045993707,,3.202368983285157,,,,,,,,,,,,,
6a7d9fab7bffe6ebe23a3fea,,0.0,1000.0,5.0,,,Degussa,Printex-U,93.5,0.005,0.045,1:9,0.05,0.0,4,25.0,100,,6a7d9f9e7bffe6ebe23a3f3d,10.1007/s10853-019-03973-z,True,True,246.3729524731703,,5.198253110468769,,,,,,,,,,,,,
6a7d9fab7bffe6ebe23a3fea,,0.0,1000.0,5.0,,,Degussa,Printex-U,93.5,0.005,0.045,1:9,0.05,0.0,4,25.0,100,,6a7d9f9e7bffe6ebe23a3f3d,10.1007/s10853-019-03973-z,True,True,261.84337932703943,,8.245884127183611,,,,,,,,,,,,,
6a7d9fab7bffe6ebe23a3fea,,0.0,1000.0,5.0,,,Degussa,Printex-U,93.5,0.005,0.045,1:9,0.05,0.0,4,25.0,100,,6a7d9f9e7bffe6ebe23a3f3d,10.1007/s10853-019-03973-z,True,True,279.04058742838697,,12.693226090235012,,,,,,,,,,,,,
6a7d9fab7bffe6ebe23a3fea,,0.0,1000.0,5.0,,,Degussa,Printex-U,93.5,0.005,0.045,1:9,0.05,0.0,4,25.0,100,,6a7d9f9e7bffe6ebe23a3f3d,10.1007/s10853-019-03973-z,True,True,294.94674412975064,,19.65172175443006,,,,,,,,,,,,,
6a7d9fab7bffe6ebe23a3fea,,0.0,1000.0,5.0,,,Degussa,Printex-U,93.5,0.005,0.045,1:9,0.05,0.0,4,25.0,100,,6a7d9f9e7bffe6ebe23a3f3d,10.1007/s10853-019-03973-z,True,True,310.92753974017586,,31.656874450169667,,,,,,,,,,,,,
6a7d9fab7bffe6ebe23a3fea,,0.0,1000.0,5.0,,,Degussa,Printex-U,93.5,0.005,0.045,1:9,0.05,0.0,4,25.0,100,,6a7d9f9e7bffe6ebe23a3f3d,10.1007/s10853-019-03973-z,True,True,326.88816267247637,,48.97024632399146,,,,,,,,,,,,,
6a7d9fab7bffe6ebe23a3fea,,0.0,1000.0,5.0,,,Degussa,Printex-U,93.5,0.005,0.045,1:9,0.05,0.0,4,25.0,100,,6a7d9f9e7bffe6ebe23a3f3d,10.1007/s10853-019-03973-z,True,True,343.98652465101264,,69.25662938293327,,,,,,,,,,,,,
6a7d9fab7bffe6ebe23a3fea,,0.0,1000.0,5.0,,,Degussa,Printex-U,93.5,0.005,0.045,1:9,0.05,0.0,4,25.0,100,,6a7d9f9e7bffe6ebe23a3f3d,10.1007/s10853-019-03973-z,True,True,360.04195917049947,,82.72590172175444,,,,,,,,,,,,,
6a7d9fab7bffe6ebe23a3fea,,0.0,1000.0,5.0,,,Degussa,Printex-U,93.5,0.005,0.045,1:9,0.05,0.0,4,25.0,100,,6a7d9f9e7bffe6ebe23a3f3d,10.1007/s10853-019-03973-z,True,True,375.99047849592506,,89.25238783461104,,,,,,,,,,,,,
6a7d9fab7bffe6ebe23a3fea,,0.0,1000.0,5.0,,,Degussa,Printex-U,93.5,0.005,0.045,1:9,0.05,0.0,4,25.0,100,,6a7d9f9e7bffe6ebe23a3f3d,10.1007/s10853-019-03973-z,True,True,391.90066973291374,,92.27095639059948,,,,,,,,,,,,,
6a7d9fab7bffe6ebe23a3fea,,0.0,1000.0,5.0,,,Degussa,Printex-U,93.5,0.005,0.045,1:9,0.05,0.0,4,25.0,100,,6a7d9f9e7bffe6ebe23a3f3d,10.1007/s10853-019-03973-z,True,True,408.7267005567659,,94.18593691089607,,,,,,,,,,,,,
6a7d9fab7bffe6ebe23a3fea,,0.0,1000.0,5.0,,,Degussa,Printex-U,93.5,0.005,0.045,1:9,0.05,0.0,4,25.0,100,,6a7d9f9e7bffe6ebe23a3f3d,10.1007/s10853-019-03973-z,True,True,424.83660130718954,,94.61794646223451,,,,,,,,,,,,,
6a7d9fab7bffe6ebe23a3fea,,0.0,1000.0,5.0,,,Degussa,Printex-U,93.5,0.005,0.045,1:9,0.05,0.0,4,25.0,100,,6a7d9f9e7bffe6ebe23a3f3d,10.1007/s10853-019-03973-z,True,True,441.0070200919874,,95.19841020485109,,,,,,,,,,,,,
6a7d9fab7bffe6ebe23a3fea,,0.0,1000.0,5.0,,,Degussa,Printex-U,93.5,0.005,0.045,1:9,0.05,0.0,4,25.0,100,,6a7d9f9e7bffe6ebe23a3f3d,10.1007/s10853-019-03973-z,True,True,474.1406439118857,,96.50150810607013,,,,,,,,,,,,,
6a7d9fab7bffe6ebe23a3fea,,0.0,1000.0,5.0,,,Degussa,Printex-U,93.5,0.005,0.045,1:9,0.05,0.0,4,25.0,100,,6a7d9f9e7bffe6ebe23a3f3d,10.1007/s10853-019-03973-z,True,True,505.85007665617684,,97.63572954631142,,,,,,,,,,,,,
6a7d9fab7bffe6ebe23a3fea,,0.0,1000.0,5.0,,,Degussa,Printex-U,93.5,0.005,0.045,1:9,0.05,0.0,4,25.0,100,,6a7d9f9e7bffe6ebe23a3f3d,10.1007/s10853-019-03973-z,True,True,539.2177035423222,,98.74403041347242,,,,,,,,,,,,,
6a7d9fab7bffe6ebe23a3feb,,,1000.0,5.0,,,,,,,0.05,,0.05,0.0,4,25.0,100,,6a7d9f9e7bffe6ebe23a3f3e,10.1007/s10853-019-03973-z,True,False,200.11723436798772,,,,9.834425378579862,,,,,,,,,,,
6a7d9fab7bffe6ebe23a3feb,,,1000.0,5.0,,,,,,,0.05,,0.05,0.0,4,25.0,100,,6a7d9f9e7bffe6ebe23a3f3e,10.1007/s10853-019-03973-z,True,False,233.81112444244982,,,,11.004957459132932,,,,,,,,,,,
6a7d9fab7bffe6ebe23a3feb,,,1000.0,5.0,,,,,,,0.05,,0.05,0.0,4,25.0,100,,6a7d9f9e7bffe6ebe23a3f3e,10.1007/s10853-019-03973-z,True,False,266.95181484297007,,,,16.103843347300476,,,,,,,,,,,
6a7d9fab7bffe6ebe23a3feb,,,1000.0,5.0,,,,,,,0.05,,0.05,0.0,4,25.0,100,,6a7d9f9e7bffe6ebe23a3f3e,10.1007/s10853-019-03973-z,True,False,291.96669811234347,,,,24.41642656716642,,,,,,,,,,,
6a7d9fab7bffe6ebe23a3feb,,,1000.0,5.0,,,,,,,0.05,,0.05,0.0,4,25.0,100,,6a7d9f9e7bffe6ebe23a3f3e,10.1007/s10853-019-03973-z,True,False,311.3653224403066,,,,33.58509301818237,,,,,,,,,,,
6a7d9fab7bffe6ebe23a3feb,,,1000.0,5.0,,,,,,,0.05,,0.05,0.0,4,25.0,100,,6a7d9f9e7bffe6ebe23a3f3e,10.1007/s10853-019-03973-z,True,False,328.75630821648065,,,,41.96237145586808,,,,,,,,,,,
6a7d9fab7bffe6ebe23a3feb,,,1000.0,5.0,,,,,,,0.05,,0.05,0.0,4,25.0,100,,6a7d9f9e7bffe6ebe23a3f3e,10.1007/s10853-019-03973-z,True,False,354.67609426375907,,,,48.73204895772995,,,,,,,,,,,
6a7d9fab7bffe6ebe23a3feb,,,1000.0,5.0,,,,,,,0.05,,0.05,0.0,4,25.0,100,,6a7d9f9e7bffe6ebe23a3f3e,10.1007/s10853-019-03973-z,True,False,387.82777538627806,,,,46.50156848289714,,,,,,,,,,,
6a7d9fab7bffe6ebe23a3feb,,,1000.0,5.0,,,,,,,0.05,,0.05,0.0,4,25.0,100,,6a7d9f9e7bffe6ebe23a3f3e,10.1007/s10853-019-03973-z,True,False,424.3939074764387,,,,39.000684565676934,,,,,,,,,,,
6a7d9fab7bffe6ebe23a3feb,,,1000.0,5.0,,,,,,,0.05,,0.05,0.0,4,25.0,100,,6a7d9f9e7bffe6ebe23a3f3e,10.1007/s10853-019-03973-z,True,False,469.21773536173214,,,,29.303924592457737,,,,,,,,,,,
6a7d9fab7bffe6ebe23a3feb,,,1000.0,5.0,,,,,,,0.05,,0.05,0.0,4,25.0,100,,6a7d9f9e7bffe6ebe23a3f3e,10.1007/s10853-019-03973-z,True,False,504.01436121007856,,,,23.27598528559929,,,,,,,,,,,
6a7d9fab7bffe6ebe23a3feb,,,1000.0,5.0,,,,,,,0.05,,0.05,0.0,4,25.0,100,,6a7d9f9e7bffe6ebe23a3f3e,10.1007/s10853-019-03973-z,True,False,541.133692974181,,,,18.72249512905191,,,,,,,,,,,
6a7d9fab7bffe6ebe23a3feb,,,1000.0,5.0,,,,,,,0.05,,0.05,0.0,4,25.0,100,,6a7d9f9e7bffe6ebe23a3f3e,10.1007/s10853-019-03973-z,True,False,592.1489609188245,,,,14.594789778155581,,,,,,,,,,,
6a7d9fab7bffe6ebe23a3feb,,,1000.0,5.0,,,,,,,0.05,,0.05,0.0,4,25.0,100,,6a7d9f9e7bffe6ebe23a3f3e,10.1007/s10853-019-03973-z,True,False,647.6594341609957,,,,11.980651616252038,,,,,,,,,,,
6a7d9fab7bffe6ebe23a3feb,,,1000.0,5.0,,,,,,,0.05,,0.05,0.0,4,25.0,100,,6a7d9f9e7bffe6ebe23a3f3e,10.1007/s10853-019-03973-z,True,False,693.8607658701446,,,,10.652142841022783,,,,,,,,,,,
6a7d9fab7bffe6ebe23a3fec,,1.0,,5.0,,,Degussa,Printex-U,93.5,0.005,0.045,1:9,0.05,0.0,4,25.0,100,,6a7d9f9e7bffe6ebe23a3f3e,10.1007/s10853-019-03973-z,False,True,213.74309935358048,,1.117224386100504,,,,,,,,,100.0,,,,
6a7d9fab7bffe6ebe23a3fec,,1.0,,5.0,,,Degussa,Printex-U,93.5,0.005,0.045,1:9,0.05,0.0,4,25.0,100,,6a7d9f9e7bffe6ebe23a3f3e,10.1007/s10853-019-03973-z,False,True,229.79938975480096,,2.1472134434232975,,,,,,,,,100.0,,,,
6a7d9fab7bffe6ebe23a3fec,,1.0,,5.0,,,Degussa,Printex-U,93.5,0.005,0.045,1:9,0.05,0.0,4,25.0,100,,6a7d9f9e7bffe6ebe23a3f3e,10.1007/s10853-019-03973-z,False,True,245.98346990453123,,3.5093089278472,,,,,,,,,100.0,,,,
6a7d9fab7bffe6ebe23a3fec,,1.0,,5.0,,,Degussa,Printex-U,93.5,0.005,0.045,1:9,0.05,0.0,4,25.0,100,,6a7d9f9e7bffe6ebe23a3f3e,10.1007/s10853-019-03973-z,False,True,263.1426841351976,,5.465982047887603,,,,,,,,,100.0,,,,
6a7d9fab7bffe6ebe23a3fec,,1.0,,5.0,,,Degussa,Printex-U,93.5,0.005,0.045,1:9,0.05,0.0,4,25.0,100,,6a7d9f9e7bffe6ebe23a3f3e,10.1007/s10853-019-03973-z,False,True,279.1380286563596,,8.058554801386581,,,,,,,,,100.0,,,,
6a7d9fab7bffe6ebe23a3fec,,1.0,,5.0,,,Degussa,Printex-U,93.5,0.005,0.045,1:9,0.05,0.0,4,25.0,100,,6a7d9f9e7bffe6ebe23a3f3e,10.1007/s10853-019-03973-z,False,True,294.9918214560954,,11.639794614366279,,,,,,,,,100.0,,,,
6a7d9fab7bffe6ebe23a3fec,,1.0,,5.0,,,Degussa,Printex-U,93.5,0.005,0.045,1:9,0.05,0.0,4,25.0,100,,6a7d9f9e7bffe6ebe23a3f3e,10.1007/s10853-019-03973-z,False,True,311.0972617605888,,17.743971962259238,,,,,,,,,100.0,,,,
6a7d9fab7bffe6ebe23a3fec,,1.0,,5.0,,,Degussa,Printex-U,93.5,0.005,0.045,1:9,0.05,0.0,4,25.0,100,,6a7d9f9e7bffe6ebe23a3f3e,10.1007/s10853-019-03973-z,False,True,327.93405262578443,,29.20164369724749,,,,,,,,,100.0,,,,
6a7d9fab7bffe6ebe23a3fec,,1.0,,5.0,,,Degussa,Printex-U,93.5,0.005,0.045,1:9,0.05,0.0,4,25.0,100,,6a7d9f9e7bffe6ebe23a3f3e,10.1007/s10853-019-03973-z,False,True,344.10633679872916,,47.116260206150855,,,,,,,,,100.0,,,,
6a7d9fab7bffe6ebe23a3fec,,1.0,,5.0,,,Degussa,Printex-U,93.5,0.005,0.045,1:9,0.05,0.0,4,25.0,100,,6a7d9f9e7bffe6ebe23a3f3e,10.1007/s10853-019-03973-z,False,True,360.12723926959313,,68.99472761916422,,,,,,,,,100.0,,,,
6a7d9fab7bffe6ebe23a3fec,,1.0,,5.0,,,Degussa,Printex-U,93.5,0.005,0.045,1:9,0.05,0.0,4,25.0,100,,6a7d9f9e7bffe6ebe23a3f3e,10.1007/s10853-019-03973-z,False,True,375.90239222409207,,86.42266282014982,,,,,,,,,100.0,,,,
6a7d9fab7bffe6ebe23a3fec,,1.0,,5.0,,,Degussa,Printex-U,93.5,0.005,0.045,1:9,0.05,0.0,4,25.0,100,,6a7d9f9e7bffe6ebe23a3f3e,10.1007/s10853-019-03973-z,False,True,392.82961891131004,,96.13256709085482,,,,,,,,,100.0,,,,
6a7d9fab7bffe6ebe23a3fec,,1.0,,5.0,,,Degussa,Printex-U,93.5,0.005,0.045,1:9,0.05,0.0,4,25.0,100,,6a7d9f9e7bffe6ebe23a3f3e,10.1007/s10853-019-03973-z,False,True,409.01763105330207,,99.10086393584376,,,,,,,,,100.0,,,,
6a7d9fab7bffe6ebe23a3fec,,1.0,,5.0,,,Degussa,Printex-U,93.5,0.005,0.045,1:9,0.05,0.0,4,25.0,100,,6a7d9f9e7bffe6ebe23a3f3e,10.1007/s10853-019-03973-z,False,True,424.5607964643526,,99.7880334555138,,,,,,,,,100.0,,,,
6a7d9fab7bffe6ebe23a3fec,,1.0,,5.0,,,Degussa,Printex-U,93.5,0.005,0.045,1:9,0.05,0.0,4,25.0,100,,6a7d9f9e7bffe6ebe23a3f3e,10.1007/s10853-019-03973-z,False,True,447.98367436812885,,99.97092155707409,,,,,,,,,100.0,,,,
6a7d9fab7bffe6ebe23a3fec,,1.0,,5.0,,,Degussa,Printex-U,93.5,0.005,0.045,1:9,0.05,0.0,4,25.0,100,,6a7d9f9e7bffe6ebe23a3f3e,10.1007/s10853-019-03973-z,False,True,480.5032163696702,,99.96633022398053,,,,,,,,,100.0,,,,
6a7d9fab7bffe6ebe23a3fec,,1.0,,5.0,,,Degussa,Printex-U,93.5,0.005,0.045,1:9,0.05,0.0,4,25.0,100,,6a7d9f9e7bffe6ebe23a3f3e,10.1007/s10853-019-03973-z,False,True,528.5108758905963,,99.99081733381287,,,,,,,,,100.0,,,,
6a7d9fab7bffe6ebe23a3fed,,1.0,1000.0,5.0,,,Degussa,Printex-U,93.5,0.005,0.045,1:9,0.05,0.0,4,25.0,100,,6a7d9f9e7bffe6ebe23a3f3e,10.1007/s10853-019-03973-z,True,True,214.3380947551547,,1.7559275812438448,,,,,,,,,99.3,,,,
6a7d9fab7bffe6ebe23a3fed,,1.0,1000.0,5.0,,,Degussa,Printex-U,93.5,0.005,0.045,1:9,0.05,0.0,4,25.0,100,,6a7d9f9e7bffe6ebe23a3f3e,10.1007/s10853-019-03973-z,True,True,229.88422801775585,,2.9868949322021052,,,,,,,,,99.3,,,,
6a7d9fab7bffe6ebe23a3fed,,1.0,1000.0,5.0,,,Degussa,Printex-U,93.5,0.005,0.045,1:9,0.05,0.0,4,25.0,100,,6a7d9f9e7bffe6ebe23a3f3e,10.1007/s10853-019-03973-z,True,True,246.29631074323427,,5.092796000303006,,,,,,,,,99.3,,,,
6a7d9fab7bffe6ebe23a3fed,,1.0,1000.0,5.0,,,Degussa,Printex-U,93.5,0.005,0.045,1:9,0.05,0.0,4,25.0,100,,6a7d9f9e7bffe6ebe23a3f3e,10.1007/s10853-019-03973-z,True,True,261.0857133941318,,8.168320581774106,,,,,,,,,99.3,,,,
6a7d9fab7bffe6ebe23a3fed,,1.0,1000.0,5.0,,,Degussa,Printex-U,93.5,0.005,0.045,1:9,0.05,0.0,4,25.0,100,,6a7d9f9e7bffe6ebe23a3f3e,10.1007/s10853-019-03973-z,True,True,278.48856712668606,,11.563517915309443,,,,,,,,,99.3,,,,
6a7d9fab7bffe6ebe23a3fed,,1.0,1000.0,5.0,,,Degussa,Printex-U,93.5,0.005,0.045,1:9,0.05,0.0,4,25.0,100,,6a7d9f9e7bffe6ebe23a3f3e,10.1007/s10853-019-03973-z,True,True,295.24390909871045,,15.39504582986137,,,,,,,,,99.3,,,,
6a7d9fab7bffe6ebe23a3fed,,1.0,1000.0,5.0,,,Degussa,Printex-U,93.5,0.005,0.045,1:9,0.05,0.0,4,25.0,100,,6a7d9f9e7bffe6ebe23a3f3e,10.1007/s10853-019-03973-z,True,True,311.06699016250207,,21.59684872358154,,,,,,,,,99.3,,,,
6a7d9fab7bffe6ebe23a3fed,,1.0,1000.0,5.0,,,Degussa,Printex-U,93.5,0.005,0.045,1:9,0.05,0.0,4,25.0,100,,6a7d9f9e7bffe6ebe23a3f3e,10.1007/s10853-019-03973-z,True,True,327.83013348103884,,33.467919097038106,,,,,,,,,99.3,,,,
6a7d9fab7bffe6ebe23a3fed,,1.0,1000.0,5.0,,,Degussa,Printex-U,93.5,0.005,0.045,1:9,0.05,0.0,4,25.0,100,,6a7d9f9e7bffe6ebe23a3f3e,10.1007/s10853-019-03973-z,True,True,344.1349476919716,,53.15354897356261,,,,,,,,,99.3,,,,
6a7d9fab7bffe6ebe23a3fed,,1.0,1000.0,5.0,,,Degussa,Printex-U,93.5,0.005,0.045,1:9,0.05,0.0,4,25.0,100,,6a7d9f9e7bffe6ebe23a3f3e,10.1007/s10853-019-03973-z,True,True,360.1335590522924,,74.7670631012802,,,,,,,,,99.3,,,,
6a7d9fab7bffe6ebe23a3fed,,1.0,1000.0,5.0,,,Degussa,Printex-U,93.5,0.005,0.045,1:9,0.05,0.0,4,25.0,100,,6a7d9f9e7bffe6ebe23a3f3e,10.1007/s10853-019-03973-z,True,True,376.06780930388584,,89.1894553442921,,,,,,,,,99.3,,,,
6a7d9fab7bffe6ebe23a3fed,,1.0,1000.0,5.0,,,Degussa,Printex-U,93.5,0.005,0.045,1:9,0.05,0.0,4,25.0,100,,6a7d9f9e7bffe6ebe23a3f3e,10.1007/s10853-019-03973-z,True,True,393.0279366218609,,95.86925232936898,,,,,,,,,99.3,,,,
6a7d9fab7bffe6ebe23a3fed,,1.0,1000.0,5.0,,,Degussa,Printex-U,93.5,0.005,0.045,1:9,0.05,0.0,4,25.0,100,,6a7d9f9e7bffe6ebe23a3f3e,10.1007/s10853-019-03973-z,True,True,409.09480976416523,,97.45322324066358,,,,,,,,,99.3,,,,
6a7d9fab7bffe6ebe23a3fed,,1.0,1000.0,5.0,,,Degussa,Printex-U,93.5,0.005,0.045,1:9,0.05,0.0,4,25.0,100,,6a7d9f9e7bffe6ebe23a3f3e,10.1007/s10853-019-03973-z,True,True,431.16286871113954,,98.36603287629724,,,,,,,,,99.3,,,,
6a7d9fab7bffe6ebe23a3fed,,1.0,1000.0,5.0,,,Degussa,Printex-U,93.5,0.005,0.045,1:9,0.05,0.0,4,25.0,100,,6a7d9f9e7bffe6ebe23a3f3e,10.1007/s10853-019-03973-z,True,True,457.79081469461624,,98.80766608590258,,,,,,,,,99.3,,,,
6a7d9fab7bffe6ebe23a3fee,,0.0,1000.0,5.0,,,Degussa,Printex-U,93.5,0.005,0.045,1:9,0.05,0.0,4,25.0,100,,6a7d9f9e7bffe6ebe23a3f3e,10.1007/s10853-019-03973-z,True,True,213.50560800451865,,1.0218989568933015,,,,,,,,,,,,,
6a7d9fab7bffe6ebe23a3fee,,0.0,1000.0,5.0,,,Degussa,Printex-U,93.5,0.005,0.045,1:9,0.05,0.0,4,25.0,100,,6a7d9f9e7bffe6ebe23a3f3e,10.1007/s10853-019-03973-z,True,True,230.0290486564996,,1.8694231494281763,,,,,,,,,,,,,
6a7d9fab7bffe6ebe23a3fee,,0.0,1000.0,5.0,,,Degussa,Printex-U,93.5,0.005,0.045,1:9,0.05,0.0,4,25.0,100,,6a7d9f9e7bffe6ebe23a3f3e,10.1007/s10853-019-03973-z,True,True,246.558541111918,,3.2864144778182727,,,,,,,,,,,,,
6a7d9fab7bffe6ebe23a3fee,,0.0,1000.0,5.0,,,Degussa,Printex-U,93.5,0.005,0.045,1:9,0.05,0.0,4,25.0,100,,6a7d9f9e7bffe6ebe23a3f3e,10.1007/s10853-019-03973-z,True,True,263.1505688695231,,5.366344099535,,,,,,,,,,,,,
6a7d9fab7bffe6ebe23a3fee,,0.0,1000.0,5.0,,,Degussa,Printex-U,93.5,0.005,0.045,1:9,0.05,0.0,4,25.0,100,,6a7d9f9e7bffe6ebe23a3f3e,10.1007/s10853-019-03973-z,True,True,279.0446219640119,,7.911273092874198,,,,,,,,,,,,,
6a7d9fab7bffe6ebe23a3fee,,0.0,1000.0,5.0,,,Degussa,Printex-U,93.5,0.005,0.045,1:9,0.05,0.0,4,25.0,100,,6a7d9f9e7bffe6ebe23a3f3e,10.1007/s10853-019-03973-z,True,True,295.1666263213104,,11.548793515143897,,,,,,,,,,,,,
6a7d9fab7bffe6ebe23a3fee,,0.0,1000.0,5.0,,,Degussa,Printex-U,93.5,0.005,0.045,1:9,0.05,0.0,4,25.0,100,,6a7d9f9e7bffe6ebe23a3f3e,10.1007/s10853-019-03973-z,True,True,310.8609699023642,,17.612636672112604,,,,,,,,,,,,,
6a7d9fab7bffe6ebe23a3fee,,0.0,1000.0,5.0,,,Degussa,Printex-U,93.5,0.005,0.045,1:9,0.05,0.0,4,25.0,100,,6a7d9f9e7bffe6ebe23a3f3e,10.1007/s10853-019-03973-z,True,True,327.8140885984023,,29.100163378157593,,,,,,,,,,,,,
6a7d9fab7bffe6ebe23a3fee,,0.0,1000.0,5.0,,,Degussa,Printex-U,93.5,0.005,0.045,1:9,0.05,0.0,4,25.0,100,,6a7d9f9e7bffe6ebe23a3f3e,10.1007/s10853-019-03973-z,True,True,344.0914225772613,,47.0340580620837,,,,,,,,,,,,,
6a7d9fab7bffe6ebe23a3fee,,0.0,1000.0,5.0,,,Degussa,Printex-U,93.5,0.005,0.045,1:9,0.05,0.0,4,25.0,100,,6a7d9f9e7bffe6ebe23a3f3e,10.1007/s10853-019-03973-z,True,True,360.0459937061244,,68.88824305642831,,,,,,,,,,,,,
6a7d9fab7bffe6ebe23a3fee,,0.0,1000.0,5.0,,,Degussa,Printex-U,93.5,0.005,0.045,1:9,0.05,0.0,4,25.0,100,,6a7d9f9e7bffe6ebe23a3f3e,10.1007/s10853-019-03973-z,True,True,376.01872024529973,,86.45610782958403,,,,,,,,,,,,,
6a7d9fab7bffe6ebe23a3fee,,0.0,1000.0,5.0,,,Degussa,Printex-U,93.5,0.005,0.045,1:9,0.05,0.0,4,25.0,100,,6a7d9f9e7bffe6ebe23a3f3e,10.1007/s10853-019-03973-z,True,True,392.9032518357137,,96.05300364458968,,,,,,,,,,,,,
6a7d9fab7bffe6ebe23a3fee,,0.0,1000.0,5.0,,,Degussa,Printex-U,93.5,0.005,0.045,1:9,0.05,0.0,4,25.0,100,,6a7d9f9e7bffe6ebe23a3f3e,10.1007/s10853-019-03973-z,True,True,408.9385136770758,,99.05900464999372,,,,,,,,,,,,,
6a7d9fab7bffe6ebe23a3fee,,0.0,1000.0,5.0,,,Degussa,Printex-U,93.5,0.005,0.045,1:9,0.05,0.0,4,25.0,100,,6a7d9f9e7bffe6ebe23a3f3e,10.1007/s10853-019-03973-z,True,True,424.57435649156776,,99.82562523564158,,,,,,,,,,,,,
6a7d9fab7bffe6ebe23a3fee,,0.0,1000.0,5.0,,,Degussa,Printex-U,93.5,0.005,0.045,1:9,0.05,0.0,4,25.0,100,,6a7d9f9e7bffe6ebe23a3f3e,10.1007/s10853-019-03973-z,True,True,456.437101589607,,99.94344602237025,,,,,,,,,,,,,
6a7d9fab7bffe6ebe23a3fee,,0.0,1000.0,5.0,,,Degussa,Printex-U,93.5,0.005,0.045,1:9,0.05,0.0,4,25.0,100,,6a7d9f9e7bffe6ebe23a3f3e,10.1007/s10853-019-03973-z,True,True,497.6055031065924,,100.01963679778812,,,,,,,,,,,,,
6a7d9fab7bffe6ebe23a3fef,,,1000.0,5.0,,,,,,,0.05,,0.05,0.0,4,25.0,100,,6a7d9f9e7bffe6ebe23a3f3f,10.1007/s10853-019-03973-z,True,False,199.61898830404002,,,,10.297071412988691,,,,,,,,,,,
6a7d9fab7bffe6ebe23a3fef,,,1000.0,5.0,,,,,,,0.05,,0.05,0.0,4,25.0,100,,6a7d9f9e7bffe6ebe23a3f3f,10.1007/s10853-019-03973-z,True,False,237.77511151003364,,,,13.893674161783178,,,,,,,,,,,
6a7d9fab7bffe6ebe23a3fef,,,1000.0,5.0,,,,,,,0.05,,0.05,0.0,4,25.0,100,,6a7d9f9e7bffe6ebe23a3f3f,10.1007/s10853-019-03973-z,True,False,274.2459906762042,,,,20.548254357523824,,,,,,,,,,,
6a7d9fab7bffe6ebe23a3fef,,,1000.0,5.0,,,,,,,0.05,,0.05,0.0,4,25.0,100,,6a7d9f9e7bffe6ebe23a3f3f,10.1007/s10853-019-03973-z,True,False,306.5110868908164,,,,27.96714084750735,,,,,,,,,,,
6a7d9fab7bffe6ebe23a3fef,,,1000.0,5.0,,,,,,,0.05,,0.05,0.0,4,25.0,100,,6a7d9f9e7bffe6ebe23a3f3f,10.1007/s10853-019-03973-z,True,False,334.89645823983597,,,,36.181176700694344,,,,,,,,,,,
6a7d9fab7bffe6ebe23a3fef,,,1000.0,5.0,,,,,,,0.05,,0.05,0.0,4,25.0,100,,6a7d9f9e7bffe6ebe23a3f3f,10.1007/s10853-019-03973-z,True,False,367.5645475944057,,,,43.201360104114165,,,,,,,,,,,
6a7d9fab7bffe6ebe23a3fef,,,1000.0,5.0,,,,,,,0.05,,0.05,0.0,4,25.0,100,,6a7d9f9e7bffe6ebe23a3f3f,10.1007/s10853-019-03973-z,True,False,399.0969290090949,,,,41.78257893192709,,,,,,,,,,,
6a7d9fab7bffe6ebe23a3fef,,,1000.0,5.0,,,,,,,0.05,,0.05,0.0,4,25.0,100,,6a7d9f9e7bffe6ebe23a3f3f,10.1007/s10853-019-03973-z,True,False,435.1831329053058,,,,34.58260300456628,,,,,,,,,,,
6a7d9fab7bffe6ebe23a3fef,,,1000.0,5.0,,,,,,,0.05,,0.05,0.0,4,25.0,100,,6a7d9f9e7bffe6ebe23a3f3f,10.1007/s10853-019-03973-z,True,False,470.12630171363685,,,,27.518035672642192,,,,,,,,,,,
6a7d9fab7bffe6ebe23a3fef,,,1000.0,5.0,,,,,,,0.05,,0.05,0.0,4,25.0,100,,6a7d9f9e7bffe6ebe23a3f3f,10.1007/s10853-019-03973-z,True,False,502.1935649322697,,,,22.82462330081019,,,,,,,,,,,
6a7d9fab7bffe6ebe23a3fef,,,1000.0,5.0,,,,,,,0.05,,0.05,0.0,4,25.0,100,,6a7d9f9e7bffe6ebe23a3f3f,10.1007/s10853-019-03973-z,True,False,534.6491669948618,,,,19.025659928835257,,,,,,,,,,,
6a7d9fab7bffe6ebe23a3fef,,,1000.0,5.0,,,,,,,0.05,,0.05,0.0,4,25.0,100,,6a7d9f9e7bffe6ebe23a3f3f,10.1007/s10853-019-03973-z,True,False,572.8748981068483,,,,15.809705787212911,,,,,,,,,,,
6a7d9fab7bffe6ebe23a3fef,,,1000.0,5.0,,,,,,,0.05,,0.05,0.0,4,25.0,100,,6a7d9f9e7bffe6ebe23a3f3f,10.1007/s10853-019-03973-z,True,False,626.00038467527,,,,12.771287359607614,,,,,,,,,,,
6a7d9fab7bffe6ebe23a3fef,,,1000.0,5.0,,,,,,,0.05,,0.05,0.0,4,25.0,100,,6a7d9f9e7bffe6ebe23a3f3f,10.1007/s10853-019-03973-z,True,False,679.6570894736362,,,,11.046332307738599,,,,,,,,,,,
6a7d9fab7bffe6ebe23a3ff0,,1.0,,5.0,,,Degussa,Printex-U,93.5,0.005,0.045,1:9,0.05,0.0,4,25.0,100,,6a7d9f9e7bffe6ebe23a3f3f,10.1007/s10853-019-03973-z,False,True,213.40888001132413,,1.0781980548052124,,,,,,,,,100.0,,,,
6a7d9fab7bffe6ebe23a3ff0,,1.0,,5.0,,,Degussa,Printex-U,93.5,0.005,0.045,1:9,0.05,0.0,4,25.0,100,,6a7d9f9e7bffe6ebe23a3f3f,10.1007/s10853-019-03973-z,False,True,247.68012456551483,,2.355353876998186,,,,,,,,,100.0,,,,
6a7d9fab7bffe6ebe23a3ff0,,1.0,,5.0,,,Degussa,Printex-U,93.5,0.005,0.045,1:9,0.05,0.0,4,25.0,100,,6a7d9f9e7bffe6ebe23a3f3f,10.1007/s10853-019-03973-z,False,True,281.17676664412323,,5.886089025948682,,,,,,,,,100.0,,,,
6a7d9fab7bffe6ebe23a3ff0,,1.0,,5.0,,,Degussa,Printex-U,93.5,0.005,0.045,1:9,0.05,0.0,4,25.0,100,,6a7d9f9e7bffe6ebe23a3f3f,10.1007/s10853-019-03973-z,False,True,312.87059027067835,,14.200993258392572,,,,,,,,,100.0,,,,
6a7d9fab7bffe6ebe23a3ff0,,1.0,,5.0,,,Degussa,Printex-U,93.5,0.005,0.045,1:9,0.05,0.0,4,25.0,100,,6a7d9f9e7bffe6ebe23a3f3f,10.1007/s10853-019-03973-z,False,True,329.803714946289,,22.83805602956818,,,,,,,,,100.0,,,,
6a7d9fab7bffe6ebe23a3ff0,,1.0,,5.0,,,Degussa,Printex-U,93.5,0.005,0.045,1:9,0.05,0.0,4,25.0,100,,6a7d9f9e7bffe6ebe23a3f3f,10.1007/s10853-019-03973-z,False,True,345.89146128560424,,35.970033899342674,,,,,,,,,100.0,,,,
6a7d9fab7bffe6ebe23a3ff0,,1.0,,5.0,,,Degussa,Printex-U,93.5,0.005,0.045,1:9,0.05,0.0,4,25.0,100,,6a7d9f9e7bffe6ebe23a3f3f,10.1007/s10853-019-03973-z,False,True,361.8081659615294,,54.42566249110429,,,,,,,,,100.0,,,,
6a7d9fab7bffe6ebe23a3ff0,,1.0,,5.0,,,Degussa,Printex-U,93.5,0.005,0.045,1:9,0.05,0.0,4,25.0,100,,6a7d9f9e7bffe6ebe23a3f3f,10.1007/s10853-019-03973-z,False,True,377.7150406568,,73.78348803575118,,,,,,,,,100.0,,,,
6a7d9fab7bffe6ebe23a3ff0,,1.0,,5.0,,,Degussa,Printex-U,93.5,0.005,0.045,1:9,0.05,0.0,4,25.0,100,,6a7d9f9e7bffe6ebe23a3f3f,10.1007/s10853-019-03973-z,False,True,394.94503074817953,,88.98003535326482,,,,,,,,,100.0,,,,
6a7d9fab7bffe6ebe23a3ff0,,1.0,,5.0,,,Degussa,Printex-U,93.5,0.005,0.045,1:9,0.05,0.0,4,25.0,100,,6a7d9f9e7bffe6ebe23a3f3f,10.1007/s10853-019-03973-z,False,True,410.81061952470077,,96.27413319457304,,,,,,,,,100.0,,,,
6a7d9fab7bffe6ebe23a3ff0,,1.0,,5.0,,,Degussa,Printex-U,93.5,0.005,0.045,1:9,0.05,0.0,4,25.0,100,,6a7d9f9e7bffe6ebe23a3f3f,10.1007/s10853-019-03973-z,False,True,427.04188358157313,,98.79477506293952,,,,,,,,,100.0,,,,
6a7d9fab7bffe6ebe23a3ff0,,1.0,,5.0,,,Degussa,Printex-U,93.5,0.005,0.045,1:9,0.05,0.0,4,25.0,100,,6a7d9f9e7bffe6ebe23a3f3f,10.1007/s10853-019-03973-z,False,True,442.78754659410833,,99.57453646666309,,,,,,,,,100.0,,,,
6a7d9fab7bffe6ebe23a3ff0,,1.0,,5.0,,,Degussa,Printex-U,93.5,0.005,0.045,1:9,0.05,0.0,4,25.0,100,,6a7d9f9e7bffe6ebe23a3f3f,10.1007/s10853-019-03973-z,False,True,460.21806829084164,,99.62580635287455,,,,,,,,,100.0,,,,
6a7d9fab7bffe6ebe23a3ff0,,1.0,,5.0,,,Degussa,Printex-U,93.5,0.005,0.045,1:9,0.05,0.0,4,25.0,100,,6a7d9f9e7bffe6ebe23a3f3f,10.1007/s10853-019-03973-z,False,True,491.7605102153159,,99.67554579472149,,,,,,,,,100.0,,,,
6a7d9fab7bffe6ebe23a3ff0,,1.0,,5.0,,,Degussa,Printex-U,93.5,0.005,0.045,1:9,0.05,0.0,4,25.0,100,,6a7d9f9e7bffe6ebe23a3f3f,10.1007/s10853-019-03973-z,False,True,522.0761705540965,,99.95867800215792,,,,,,,,,100.0,,,,
6a7d9fab7bffe6ebe23a3ff1,,1.0,1000.0,5.0,,,Degussa,Printex-U,93.5,0.005,0.045,1:9,0.05,0.0,4,25.0,100,,6a7d9f9e7bffe6ebe23a3f3f,10.1007/s10853-019-03973-z,True,True,213.35902576784753,,2.7914551927884244,,,,,,,,,98.9,,,,
6a7d9fab7bffe6ebe23a3ff1,,1.0,1000.0,5.0,,,Degussa,Printex-U,93.5,0.005,0.045,1:9,0.05,0.0,4,25.0,100,,6a7d9f9e7bffe6ebe23a3f3f,10.1007/s10853-019-03973-z,True,True,246.09152539728356,,5.535186728278159,,,,,,,,,98.9,,,,
6a7d9fab7bffe6ebe23a3ff1,,1.0,1000.0,5.0,,,Degussa,Printex-U,93.5,0.005,0.045,1:9,0.05,0.0,4,25.0,100,,6a7d9f9e7bffe6ebe23a3f3f,10.1007/s10853-019-03973-z,True,True,278.4378583743554,,12.142261949852282,,,,,,,,,98.9,,,,
6a7d9fab7bffe6ebe23a3ff1,,1.0,1000.0,5.0,,,Degussa,Printex-U,93.5,0.005,0.045,1:9,0.05,0.0,4,25.0,100,,6a7d9f9e7bffe6ebe23a3f3f,10.1007/s10853-019-03973-z,True,True,294.45792343758535,,15.92758124384516,,,,,,,,,98.9,,,,
6a7d9fab7bffe6ebe23a3ff1,,1.0,1000.0,5.0,,,Degussa,Printex-U,93.5,0.005,0.045,1:9,0.05,0.0,4,25.0,100,,6a7d9f9e7bffe6ebe23a3f3f,10.1007/s10853-019-03973-z,True,True,311.0221324200557,,21.518824331490034,,,,,,,,,98.9,,,,
6a7d9fab7bffe6ebe23a3ff1,,1.0,1000.0,5.0,,,Degussa,Printex-U,93.5,0.005,0.045,1:9,0.05,0.0,4,25.0,100,,6a7d9f9e7bffe6ebe23a3f3f,10.1007/s10853-019-03973-z,True,True,327.9335013223282,,31.034770093174753,,,,,,,,,98.9,,,,
6a7d9fab7bffe6ebe23a3ff1,,1.0,1000.0,5.0,,,Degussa,Printex-U,93.5,0.005,0.045,1:9,0.05,0.0,4,25.0,100,,6a7d9f9e7bffe6ebe23a3f3f,10.1007/s10853-019-03973-z,True,True,344.05693422684755,,48.384213317172936,,,,,,,,,98.9,,,,
6a7d9fab7bffe6ebe23a3ff1,,1.0,1000.0,5.0,,,Degussa,Printex-U,93.5,0.005,0.045,1:9,0.05,0.0,4,25.0,100,,6a7d9f9e7bffe6ebe23a3f3f,10.1007/s10853-019-03973-z,True,True,359.99118447844097,,66.97219907582758,,,,,,,,,98.9,,,,
6a7d9fab7bffe6ebe23a3ff1,,1.0,1000.0,5.0,,,Degussa,Printex-U,93.5,0.005,0.045,1:9,0.05,0.0,4,25.0,100,,6a7d9f9e7bffe6ebe23a3f3f,10.1007/s10853-019-03973-z,True,True,375.9020306904971,,80.09847738807666,,,,,,,,,98.9,,,,
6a7d9fab7bffe6ebe23a3ff1,,1.0,1000.0,5.0,,,Degussa,Printex-U,93.5,0.005,0.045,1:9,0.05,0.0,4,25.0,100,,6a7d9f9e7bffe6ebe23a3f3f,10.1007/s10853-019-03973-z,True,True,392.9889298892989,,90.65298083478524,,,,,,,,,98.9,,,,
6a7d9fab7bffe6ebe23a3ff1,,1.0,1000.0,5.0,,,Degussa,Printex-U,93.5,0.005,0.045,1:9,0.05,0.0,4,25.0,100,,6a7d9f9e7bffe6ebe23a3f3f,10.1007/s10853-019-03973-z,True,True,408.4433973303792,,95.20793879251572,,,,,,,,,98.9,,,,
6a7d9fab7bffe6ebe23a3ff1,,1.0,1000.0,5.0,,,Degussa,Printex-U,93.5,0.005,0.045,1:9,0.05,0.0,4,25.0,100,,6a7d9f9e7bffe6ebe23a3f3f,10.1007/s10853-019-03973-z,True,True,424.9217915012131,,96.85023861828648,,,,,,,,,98.9,,,,
6a7d9fab7bffe6ebe23a3ff1,,1.0,1000.0,5.0,,,Degussa,Printex-U,93.5,0.005,0.045,1:9,0.05,0.0,4,25.0,100,,6a7d9f9e7bffe6ebe23a3f3f,10.1007/s10853-019-03973-z,True,True,441.4684474540305,,97.94864025452617,,,,,,,,,98.9,,,,
6a7d9fab7bffe6ebe23a3ff1,,1.0,1000.0,5.0,,,Degussa,Printex-U,93.5,0.005,0.045,1:9,0.05,0.0,4,25.0,100,,6a7d9f9e7bffe6ebe23a3f3f,10.1007/s10853-019-03973-z,True,True,474.1833940538137,,99.17278994015604,,,,,,,,,98.9,,,,
6a7d9fab7bffe6ebe23a3ff1,,1.0,1000.0,5.0,,,Degussa,Printex-U,93.5,0.005,0.045,1:9,0.05,0.0,4,25.0,100,,6a7d9f9e7bffe6ebe23a3f3f,10.1007/s10853-019-03973-z,True,True,506.67015126810884,,99.64169381107492,,,,,,,,,98.9,,,,
6a7d9fab7bffe6ebe23a3ff1,,1.0,1000.0,5.0,,,Degussa,Printex-U,93.5,0.005,0.045,1:9,0.05,0.0,4,25.0,100,,6a7d9f9e7bffe6ebe23a3f3f,10.1007/s10853-019-03973-z,True,True,541.393944594837,,99.92046057116885,,,,,,,,,98.9,,,,
6a7d9fab7bffe6ebe23a3ff2,,0.0,1000.0,5.0,,,Degussa,Printex-U,93.5,0.005,0.045,1:9,0.05,,4,25.0,100,,6a7d9f9e7bffe6ebe23a3f3f,10.1007/s10853-019-03973-z,True,True,215.68022270636646,,0.8058941812240793,,,,,,,,,,,,,
6a7d9fab7bffe6ebe23a3ff2,,0.0,1000.0,5.0,,,Degussa,Printex-U,93.5,0.005,0.045,1:9,0.05,,4,25.0,100,,6a7d9f9e7bffe6ebe23a3f3f,10.1007/s10853-019-03973-z,True,True,247.80521262002742,,2.1317707678773403,,,,,,,,,,,,,
6a7d9fab7bffe6ebe23a3ff2,,0.0,1000.0,5.0,,,Degussa,Printex-U,93.5,0.005,0.045,1:9,0.05,,4,25.0,100,,6a7d9f9e7bffe6ebe23a3f3f,10.1007/s10853-019-03973-z,True,True,264.44565480513194,,3.7184240291567168,,,,,,,,,,,,,
6a7d9fab7bffe6ebe23a3ff2,,0.0,1000.0,5.0,,,Degussa,Printex-U,93.5,0.005,0.045,1:9,0.05,,4,25.0,100,,6a7d9f9e7bffe6ebe23a3f3f,10.1007/s10853-019-03973-z,True,True,280.9590091180505,,5.847838381299484,,,,,,,,,,,,,
6a7d9fab7bffe6ebe23a3ff2,,0.0,1000.0,5.0,,,Degussa,Printex-U,93.5,0.005,0.045,1:9,0.05,,4,25.0,100,,6a7d9f9e7bffe6ebe23a3f3f,10.1007/s10853-019-03973-z,True,True,296.53029936254336,,9.11697247706422,,,,,,,,,,,,,
6a7d9fab7bffe6ebe23a3ff2,,0.0,1000.0,5.0,,,Degussa,Printex-U,93.5,0.005,0.045,1:9,0.05,,4,25.0,100,,6a7d9f9e7bffe6ebe23a3f3f,10.1007/s10853-019-03973-z,True,True,312.6502864520293,,14.112573834359681,,,,,,,,,,,,,
6a7d9fab7bffe6ebe23a3ff2,,0.0,1000.0,5.0,,,Degussa,Printex-U,93.5,0.005,0.045,1:9,0.05,,4,25.0,100,,6a7d9f9e7bffe6ebe23a3f3f,10.1007/s10853-019-03973-z,True,True,330.2832244008714,,22.727629759959783,,,,,,,,,,,,,
6a7d9fab7bffe6ebe23a3ff2,,0.0,1000.0,5.0,,,Degussa,Printex-U,93.5,0.005,0.045,1:9,0.05,,4,25.0,100,,6a7d9f9e7bffe6ebe23a3f3f,10.1007/s10853-019-03973-z,True,True,345.93923989348826,,35.899993716224714,,,,,,,,,,,,,
6a7d9fab7bffe6ebe23a3ff2,,0.0,1000.0,5.0,,,Degussa,Printex-U,93.5,0.005,0.045,1:9,0.05,,4,25.0,100,,6a7d9f9e7bffe6ebe23a3f3f,10.1007/s10853-019-03973-z,True,True,362.0229161623497,,54.348372502199325,,,,,,,,,,,,,
6a7d9fab7bffe6ebe23a3ff2,,0.0,1000.0,5.0,,,Degussa,Printex-U,93.5,0.005,0.045,1:9,0.05,,4,25.0,100,,6a7d9f9e7bffe6ebe23a3f3f,10.1007/s10853-019-03973-z,True,True,377.8564512224643,,73.81865024506725,,,,,,,,,,,,,
6a7d9fab7bffe6ebe23a3ff2,,0.0,1000.0,5.0,,,Degussa,Printex-U,93.5,0.005,0.045,1:9,0.05,,4,25.0,100,,6a7d9f9e7bffe6ebe23a3f3f,10.1007/s10853-019-03973-z,True,True,394.86403614943913,,88.86986301369863,,,,,,,,,,,,,
6a7d9fab7bffe6ebe23a3ff2,,0.0,1000.0,5.0,,,Degussa,Printex-U,93.5,0.005,0.045,1:9,0.05,,4,25.0,100,,6a7d9f9e7bffe6ebe23a3f3f,10.1007/s10853-019-03973-z,True,True,410.74800290486564,,96.34912655523439,,,,,,,,,,,,,
6a7d9fab7bffe6ebe23a3ff2,,0.0,1000.0,5.0,,,Degussa,Printex-U,93.5,0.005,0.045,1:9,0.05,,4,25.0,100,,6a7d9f9e7bffe6ebe23a3f3f,10.1007/s10853-019-03973-z,True,True,426.6158315177923,,98.8335742113862,,,,,,,,,,,,,
6a7d9fab7bffe6ebe23a3ff2,,0.0,1000.0,5.0,,,Degussa,Printex-U,93.5,0.005,0.045,1:9,0.05,,4,25.0,100,,6a7d9f9e7bffe6ebe23a3f3f,10.1007/s10853-019-03973-z,True,True,460.12466715081086,,99.73686690963932,,,,,,,,,,,,,
6a7d9fab7bffe6ebe23a3ff2,,0.0,1000.0,5.0,,,Degussa,Printex-U,93.5,0.005,0.045,1:9,0.05,,4,25.0,100,,6a7d9f9e7bffe6ebe23a3f3f,10.1007/s10853-019-03973-z,True,True,492.27184701040903,,99.81541410079176,,,,,,,,,,,,,
6a7d9fab7bffe6ebe23a3ff2,,0.0,1000.0,5.0,,,Degussa,Printex-U,93.5,0.005,0.045,1:9,0.05,,4,25.0,100,,6a7d9f9e7bffe6ebe23a3f3f,10.1007/s10853-019-03973-z,True,True,521.1288630678608,,99.89945959532487,,,,,,,,,,,,,
6a7d9fab7bffe6ebe23a3ff3,,,1000.0,5.0,,,,,,,0.05,,0.05,0.0,4,25.0,100,,6a7d9f9e7bffe6ebe23a3f40,10.1007/s10853-019-03973-z,True,False,200.29674949396883,,,,12.192791749102916,,,,,,,,,,,
6a7d9fab7bffe6ebe23a3ff3,,,1000.0,5.0,,,,,,,0.05,,0.05,0.0,4,25.0,100,,6a7d9f9e7bffe6ebe23a3f40,10.1007/s10853-019-03973-z,True,False,239.69116071183245,,,,12.134114691080333,,,,,,,,,,,
6a7d9fab7bffe6ebe23a3ff3,,,1000.0,5.0,,,,,,,0.05,,0.05,0.0,4,25.0,100,,6a7d9f9e7bffe6ebe23a3f40,10.1007/s10853-019-03973-z,True,False,271.8243682624585,,,,13.853051583152158,,,,,,,,,,,
6a7d9fab7bffe6ebe23a3ff3,,,1000.0,5.0,,,,,,,0.05,,0.05,0.0,4,25.0,100,,6a7d9f9e7bffe6ebe23a3f40,10.1007/s10853-019-03973-z,True,False,299.72614784352874,,,,19.34537466806087,,,,,,,,,,,
6a7d9fab7bffe6ebe23a3ff3,,,1000.0,5.0,,,,,,,0.05,,0.05,0.0,4,25.0,100,,6a7d9f9e7bffe6ebe23a3f40,10.1007/s10853-019-03973-z,True,False,327.4813844646145,,,,24.871549901828764,,,,,,,,,,,
6a7d9fab7bffe6ebe23a3ff3,,,1000.0,5.0,,,,,,,0.05,,0.05,0.0,4,25.0,100,,6a7d9f9e7bffe6ebe23a3f40,10.1007/s10853-019-03973-z,True,False,358.2260974693863,,,,30.5316291910841,,,,,,,,,,,
6a7d9fab7bffe6ebe23a3ff3,,,1000.0,5.0,,,,,,,0.05,,0.05,0.0,4,25.0,100,,6a7d9f9e7bffe6ebe23a3f40,10.1007/s10853-019-03973-z,True,False,382.38370442284975,,,,34.65858227200578,,,,,,,,,,,
6a7d9fab7bffe6ebe23a3ff3,,,1000.0,5.0,,,,,,,0.05,,0.05,0.0,4,25.0,100,,6a7d9f9e7bffe6ebe23a3f40,10.1007/s10853-019-03973-z,True,False,404.9989467224751,,,,36.41438039283538,,,,,,,,,,,
6a7d9fab7bffe6ebe23a3ff3,,,1000.0,5.0,,,,,,,0.05,,0.05,0.0,4,25.0,100,,6a7d9f9e7bffe6ebe23a3f40,10.1007/s10853-019-03973-z,True,False,432.2779187236108,,,,34.00335512408694,,,,,,,,,,,
6a7d9fab7bffe6ebe23a3ff3,,,1000.0,5.0,,,,,,,0.05,,0.05,0.0,4,25.0,100,,6a7d9f9e7bffe6ebe23a3f40,10.1007/s10853-019-03973-z,True,False,459.2235054907815,,,,29.363353920454966,,,,,,,,,,,
6a7d9fab7bffe6ebe23a3ff3,,,1000.0,5.0,,,,,,,0.05,,0.05,0.0,4,25.0,100,,6a7d9f9e7bffe6ebe23a3f40,10.1007/s10853-019-03973-z,True,False,485.90897850397965,,,,25.122808073361362,,,,,,,,,,,
6a7d9fab7bffe6ebe23a3ff3,,,1000.0,5.0,,,,,,,0.05,,0.05,0.0,4,25.0,100,,6a7d9f9e7bffe6ebe23a3f40,10.1007/s10853-019-03973-z,True,False,518.0311953326067,,,,20.895803085811433,,,,,,,,,,,
6a7d9fab7bffe6ebe23a3ff3,,,1000.0,5.0,,,,,,,0.05,,0.05,0.0,4,25.0,100,,6a7d9f9e7bffe6ebe23a3f40,10.1007/s10853-019-03973-z,True,False,571.1456911790298,,,,15.926307633283429,,,,,,,,,,,
6a7d9fab7bffe6ebe23a3ff3,,,1000.0,5.0,,,,,,,0.05,,0.05,0.0,4,25.0,100,,6a7d9f9e7bffe6ebe23a3f40,10.1007/s10853-019-03973-z,True,False,616.9476933222206,,,,13.354296589960201,,,,,,,,,,,
6a7d9fab7bffe6ebe23a3ff3,,,1000.0,5.0,,,,,,,0.05,,0.05,0.0,4,25.0,100,,6a7d9f9e7bffe6ebe23a3f40,10.1007/s10853-019-03973-z,True,False,662.2074865134684,,,,11.449549014150195,,,,,,,,,,,
6a7d9fab7bffe6ebe23a3ff3,,,1000.0,5.0,,,,,,,0.05,,0.05,0.0,4,25.0,100,,6a7d9f9e7bffe6ebe23a3f40,10.1007/s10853-019-03973-z,True,False,696.9381680298216,,,,10.761221987346817,,,,,,,,,,,
6a7d9fab7bffe6ebe23a3ff4,,1.0,,5.0,,,Degussa,Printex-U,93.5,0.005,0.045,1:9,0.05,0.0,4,25.0,100,,6a7d9f9e7bffe6ebe23a3f40,10.1007/s10853-019-03973-z,False,True,214.07338670357495,,0.6167690789020591,,,,,,,,,97.8,,,,
6a7d9fab7bffe6ebe23a3ff4,,1.0,,5.0,,,Degussa,Printex-U,93.5,0.005,0.045,1:9,0.05,0.0,4,25.0,100,,6a7d9f9e7bffe6ebe23a3f40,10.1007/s10853-019-03973-z,False,True,230.44227048961167,,1.1677290501297048,,,,,,,,,97.8,,,,
6a7d9fab7bffe6ebe23a3ff4,,1.0,,5.0,,,Degussa,Printex-U,93.5,0.005,0.045,1:9,0.05,0.0,4,25.0,100,,6a7d9f9e7bffe6ebe23a3f40,10.1007/s10853-019-03973-z,False,True,246.07783771881535,,2.3201536566141976,,,,,,,,,97.8,,,,
6a7d9fab7bffe6ebe23a3ff4,,1.0,,5.0,,,Degussa,Printex-U,93.5,0.005,0.045,1:9,0.05,0.0,4,25.0,100,,6a7d9f9e7bffe6ebe23a3f40,10.1007/s10853-019-03973-z,False,True,263.05814630156806,,4.158982560586465,,,,,,,,,97.8,,,,
6a7d9fab7bffe6ebe23a3ff4,,1.0,,5.0,,,Degussa,Printex-U,93.5,0.005,0.045,1:9,0.05,0.0,4,25.0,100,,6a7d9f9e7bffe6ebe23a3f40,10.1007/s10853-019-03973-z,False,True,279.1419606486214,,6.541119213963773,,,,,,,,,97.8,,,,
6a7d9fab7bffe6ebe23a3ff4,,1.0,,5.0,,,Degussa,Printex-U,93.5,0.005,0.045,1:9,0.05,0.0,4,25.0,100,,6a7d9f9e7bffe6ebe23a3f40,10.1007/s10853-019-03973-z,False,True,295.0154134096664,,9.134457189645012,,,,,,,,,97.8,,,,
6a7d9fab7bffe6ebe23a3ff4,,1.0,,5.0,,,Degussa,Printex-U,93.5,0.005,0.045,1:9,0.05,0.0,4,25.0,100,,6a7d9f9e7bffe6ebe23a3f40,10.1007/s10853-019-03973-z,False,True,310.77090640285616,,12.517504457419209,,,,,,,,,97.8,,,,
6a7d9fab7bffe6ebe23a3ff4,,1.0,,5.0,,,Degussa,Printex-U,93.5,0.005,0.045,1:9,0.05,0.0,4,25.0,100,,6a7d9f9e7bffe6ebe23a3f40,10.1007/s10853-019-03973-z,False,True,328.4039257010742,,18.087556722094256,,,,,,,,,97.8,,,,
6a7d9fab7bffe6ebe23a3ff4,,1.0,,5.0,,,Degussa,Printex-U,93.5,0.005,0.045,1:9,0.05,0.0,4,25.0,100,,6a7d9f9e7bffe6ebe23a3f40,10.1007/s10853-019-03973-z,False,True,344.2695144775955,,27.42403256785607,,,,,,,,,97.8,,,,
6a7d9fab7bffe6ebe23a3ff4,,1.0,,5.0,,,Degussa,Printex-U,93.5,0.005,0.045,1:9,0.05,0.0,4,25.0,100,,6a7d9f9e7bffe6ebe23a3f40,10.1007/s10853-019-03973-z,False,True,360.12723926959313,,43.57404672446645,,,,,,,,,97.8,,,,
6a7d9fab7bffe6ebe23a3ff4,,1.0,,5.0,,,Degussa,Printex-U,93.5,0.005,0.045,1:9,0.05,0.0,4,25.0,100,,6a7d9f9e7bffe6ebe23a3f40,10.1007/s10853-019-03973-z,False,True,376.051807930042,,64.2694806437049,,,,,,,,,97.8,,,,
6a7d9fab7bffe6ebe23a3ff4,,1.0,,5.0,,,Degussa,Printex-U,93.5,0.005,0.045,1:9,0.05,0.0,4,25.0,100,,6a7d9f9e7bffe6ebe23a3f40,10.1007/s10853-019-03973-z,False,True,393.0851984083296,,82.92789311376558,,,,,,,,,97.8,,,,
6a7d9fab7bffe6ebe23a3ff4,,1.0,,5.0,,,Degussa,Printex-U,93.5,0.005,0.045,1:9,0.05,0.0,4,25.0,100,,6a7d9f9e7bffe6ebe23a3f40,10.1007/s10853-019-03973-z,False,True,408.81513345181736,,92.8765467053359,,,,,,,,,97.8,,,,
6a7d9fab7bffe6ebe23a3ff4,,1.0,,5.0,,,Degussa,Printex-U,93.5,0.005,0.045,1:9,0.05,0.0,4,25.0,100,,6a7d9f9e7bffe6ebe23a3f40,10.1007/s10853-019-03973-z,False,True,425.1741872571995,,97.04012059901592,,,,,,,,,97.8,,,,
6a7d9fab7bffe6ebe23a3ff4,,1.0,,5.0,,,Degussa,Printex-U,93.5,0.005,0.045,1:9,0.05,0.0,4,25.0,100,,6a7d9f9e7bffe6ebe23a3f40,10.1007/s10853-019-03973-z,False,True,441.85959642031423,,98.37007675178488,,,,,,,,,97.8,,,,
6a7d9fab7bffe6ebe23a3ff4,,1.0,,5.0,,,Degussa,Printex-U,93.5,0.005,0.045,1:9,0.05,0.0,4,25.0,100,,6a7d9f9e7bffe6ebe23a3f40,10.1007/s10853-019-03973-z,False,True,458.45850175366854,,98.98608060850468,,,,,,,,,97.8,,,,
6a7d9fab7bffe6ebe23a3ff4,,1.0,,5.0,,,Degussa,Printex-U,93.5,0.005,0.045,1:9,0.05,0.0,4,25.0,100,,6a7d9f9e7bffe6ebe23a3f40,10.1007/s10853-019-03973-z,False,True,474.12945691322886,,99.51944046954033,,,,,,,,,97.8,,,,
6a7d9fab7bffe6ebe23a3ff4,,1.0,,5.0,,,Degussa,Printex-U,93.5,0.005,0.045,1:9,0.05,0.0,4,25.0,100,,6a7d9f9e7bffe6ebe23a3f40,10.1007/s10853-019-03973-z,False,True,490.16608735314014,,99.77502467841538,,,,,,,,,97.8,,,,
6a7d9fab7bffe6ebe23a3ff5,,1.0,1000.0,5.0,,,Degussa,Printex-U,93.5,0.005,0.045,1:9,0.05,0.0,4,25.0,100,,6a7d9f9e7bffe6ebe23a3f40,10.1007/s10853-019-03973-z,True,True,213.93632540976571,,2.3430043178547075,,,,,,,,,96.7,,,,
6a7d9fab7bffe6ebe23a3ff5,,1.0,1000.0,5.0,,,Degussa,Printex-U,93.5,0.005,0.045,1:9,0.05,0.0,4,25.0,100,,6a7d9f9e7bffe6ebe23a3f40,10.1007/s10853-019-03973-z,True,True,230.05780797765692,,3.8921293841375646,,,,,,,,,96.7,,,,
6a7d9fab7bffe6ebe23a3ff5,,1.0,1000.0,5.0,,,Degussa,Printex-U,93.5,0.005,0.045,1:9,0.05,0.0,4,25.0,100,,6a7d9f9e7bffe6ebe23a3f40,10.1007/s10853-019-03973-z,True,True,245.8457829821427,,5.588213014165592,,,,,,,,,96.7,,,,
6a7d9fab7bffe6ebe23a3ff5,,1.0,1000.0,5.0,,,Degussa,Printex-U,93.5,0.005,0.045,1:9,0.05,0.0,4,25.0,100,,6a7d9f9e7bffe6ebe23a3f40,10.1007/s10853-019-03973-z,True,True,263.01849699258094,,7.998636466934321,,,,,,,,,96.7,,,,
6a7d9fab7bffe6ebe23a3ff5,,1.0,1000.0,5.0,,,Degussa,Printex-U,93.5,0.005,0.045,1:9,0.05,0.0,4,25.0,100,,6a7d9f9e7bffe6ebe23a3f40,10.1007/s10853-019-03973-z,True,True,278.78111762090134,,10.837815317021436,,,,,,,,,96.7,,,,
6a7d9fab7bffe6ebe23a3ff5,,1.0,1000.0,5.0,,,Degussa,Printex-U,93.5,0.005,0.045,1:9,0.05,0.0,4,25.0,100,,6a7d9f9e7bffe6ebe23a3f40,10.1007/s10853-019-03973-z,True,True,294.9416069213546,,14.110294674645857,,,,,,,,,96.7,,,,
6a7d9fab7bffe6ebe23a3ff5,,1.0,1000.0,5.0,,,Degussa,Printex-U,93.5,0.005,0.045,1:9,0.05,0.0,4,25.0,100,,6a7d9f9e7bffe6ebe23a3f40,10.1007/s10853-019-03973-z,True,True,311.2873782014775,,18.640254526172257,,,,,,,,,96.7,,,,
6a7d9fab7bffe6ebe23a3ff5,,1.0,1000.0,5.0,,,Degussa,Printex-U,93.5,0.005,0.045,1:9,0.05,0.0,4,25.0,100,,6a7d9f9e7bffe6ebe23a3f40,10.1007/s10853-019-03973-z,True,True,328.04272017350195,,26.657071433982267,,,,,,,,,96.7,,,,
6a7d9fab7bffe6ebe23a3ff5,,1.0,1000.0,5.0,,,Degussa,Printex-U,93.5,0.005,0.045,1:9,0.05,0.0,4,25.0,100,,6a7d9f9e7bffe6ebe23a3f40,10.1007/s10853-019-03973-z,True,True,344.25781889954203,,43.851223392167256,,,,,,,,,96.7,,,,
6a7d9fab7bffe6ebe23a3ff5,,1.0,1000.0,5.0,,,Degussa,Printex-U,93.5,0.005,0.045,1:9,0.05,0.0,4,25.0,100,,6a7d9f9e7bffe6ebe23a3f40,10.1007/s10853-019-03973-z,True,True,360.0848006365899,,65.0814332247557,,,,,,,,,96.7,,,,
6a7d9fab7bffe6ebe23a3ff5,,1.0,1000.0,5.0,,,Degussa,Printex-U,93.5,0.005,0.045,1:9,0.05,0.0,4,25.0,100,,6a7d9f9e7bffe6ebe23a3f40,10.1007/s10853-019-03973-z,True,True,376.2277369073902,,81.35217029012954,,,,,,,,,96.7,,,,
6a7d9fab7bffe6ebe23a3ff5,,1.0,1000.0,5.0,,,Degussa,Printex-U,93.5,0.005,0.045,1:9,0.05,0.0,4,25.0,100,,6a7d9f9e7bffe6ebe23a3f40,10.1007/s10853-019-03973-z,True,True,393.1274037898942,,92.3058859177335,,,,,,,,,96.7,,,,
6a7d9fab7bffe6ebe23a3ff5,,1.0,1000.0,5.0,,,Degussa,Printex-U,93.5,0.005,0.045,1:9,0.05,0.0,4,25.0,100,,6a7d9f9e7bffe6ebe23a3f40,10.1007/s10853-019-03973-z,True,True,409.11431313044625,,96.30331035527611,,,,,,,,,96.7,,,,
6a7d9fab7bffe6ebe23a3ff5,,1.0,1000.0,5.0,,,Degussa,Printex-U,93.5,0.005,0.045,1:9,0.05,0.0,4,25.0,100,,6a7d9f9e7bffe6ebe23a3f40,10.1007/s10853-019-03973-z,True,True,425.1246265105357,,97.44261798348609,,,,,,,,,96.7,,,,
6a7d9fab7bffe6ebe23a3ff5,,1.0,1000.0,5.0,,,Degussa,Printex-U,93.5,0.005,0.045,1:9,0.05,0.0,4,25.0,100,,6a7d9f9e7bffe6ebe23a3f40,10.1007/s10853-019-03973-z,True,True,441.86241545290716,,98.15847284296643,,,,,,,,,96.7,,,,
6a7d9fab7bffe6ebe23a3ff5,,1.0,1000.0,5.0,,,Degussa,Printex-U,93.5,0.005,0.045,1:9,0.05,0.0,4,25.0,100,,6a7d9f9e7bffe6ebe23a3f40,10.1007/s10853-019-03973-z,True,True,458.0697128324349,,98.68116051814256,,,,,,,,,96.7,,,,
6a7d9fab7bffe6ebe23a3ff5,,1.0,1000.0,5.0,,,Degussa,Printex-U,93.5,0.005,0.045,1:9,0.05,0.0,4,25.0,100,,6a7d9f9e7bffe6ebe23a3f40,10.1007/s10853-019-03973-z,True,True,474.31601694452456,,99.12203620937807,,,,,,,,,96.7,,,,
6a7d9fab7bffe6ebe23a3ff5,,1.0,1000.0,5.0,,,Degussa,Printex-U,93.5,0.005,0.045,1:9,0.05,0.0,4,25.0,100,,6a7d9f9e7bffe6ebe23a3f40,10.1007/s10853-019-03973-z,True,True,489.809491118167,,99.66441936216953,,,,,,,,,96.7,,,,
6a7d9fab7bffe6ebe23a3ff5,,1.0,1000.0,5.0,,,Degussa,Printex-U,93.5,0.005,0.045,1:9,0.05,0.0,4,25.0,100,,6a7d9f9e7bffe6ebe23a3f40,10.1007/s10853-019-03973-z,True,True,506.6564989117121,,99.73411105219301,,,,,,,,,96.7,,,,
6a7d9fab7bffe6ebe23a3ff5,,1.0,1000.0,5.0,,,Degussa,Printex-U,93.5,0.005,0.045,1:9,0.05,0.0,4,25.0,100,,6a7d9f9e7bffe6ebe23a3f40,10.1007/s10853-019-03973-z,True,True,523.5756691604971,,99.79471252177865,,,,,,,,,96.7,,,,
6a7d9fab7bffe6ebe23a3ff6,,0.0,1000.0,5.0,,,Degussa,Printex-U,93.5,0.005,0.045,1:9,0.05,0.0,4,25.0,100,,6a7d9f9e7bffe6ebe23a3f40,10.1007/s10853-019-03973-z,True,True,229.88582264181392,,1.0077604624858614,,,,,,,,,,,,,
6a7d9fab7bffe6ebe23a3ff6,,0.0,1000.0,5.0,,,Degussa,Printex-U,93.5,0.005,0.045,1:9,0.05,0.0,4,25.0,100,,6a7d9f9e7bffe6ebe23a3f40,10.1007/s10853-019-03973-z,True,True,246.8651658194142,,2.2134598466758826,,,,,,,,,,,,,
6a7d9fab7bffe6ebe23a3ff6,,0.0,1000.0,5.0,,,Degussa,Printex-U,93.5,0.005,0.045,1:9,0.05,0.0,4,25.0,100,,6a7d9f9e7bffe6ebe23a3f40,10.1007/s10853-019-03973-z,True,True,263.0860162995239,,3.9815571195174058,,,,,,,,,,,,,
6a7d9fab7bffe6ebe23a3ff6,,0.0,1000.0,5.0,,,Degussa,Printex-U,93.5,0.005,0.045,1:9,0.05,0.0,4,25.0,100,,6a7d9f9e7bffe6ebe23a3f40,10.1007/s10853-019-03973-z,True,True,279.29274590494634,,6.3230488877717725,,,,,,,,,,,,,
6a7d9fab7bffe6ebe23a3ff6,,0.0,1000.0,5.0,,,Degussa,Printex-U,93.5,0.005,0.045,1:9,0.05,0.0,4,25.0,100,,6a7d9f9e7bffe6ebe23a3f40,10.1007/s10853-019-03973-z,True,True,294.9770031469378,,8.958307150936282,,,,,,,,,,,,,
6a7d9fab7bffe6ebe23a3ff6,,0.0,1000.0,5.0,,,Degussa,Printex-U,93.5,0.005,0.045,1:9,0.05,0.0,4,25.0,100,,6a7d9f9e7bffe6ebe23a3f40,10.1007/s10853-019-03973-z,True,True,310.97595416767524,,12.408885258263163,,,,,,,,,,,,,
6a7d9fab7bffe6ebe23a3ff6,,0.0,1000.0,5.0,,,Degussa,Printex-U,93.5,0.005,0.045,1:9,0.05,0.0,4,25.0,100,,6a7d9f9e7bffe6ebe23a3f40,10.1007/s10853-019-03973-z,True,True,327.95529734527554,,17.926825436722382,,,,,,,,,,,,,
6a7d9fab7bffe6ebe23a3ff6,,0.0,1000.0,5.0,,,Degussa,Printex-U,93.5,0.005,0.045,1:9,0.05,0.0,4,25.0,100,,6a7d9f9e7bffe6ebe23a3f40,10.1007/s10853-019-03973-z,True,True,343.91390300976354,,27.316356667085582,,,,,,,,,,,,,
6a7d9fab7bffe6ebe23a3ff6,,0.0,1000.0,5.0,,,Degussa,Printex-U,93.5,0.005,0.045,1:9,0.05,0.0,4,25.0,100,,6a7d9f9e7bffe6ebe23a3f40,10.1007/s10853-019-03973-z,True,True,359.9330267086258,,43.348623853211016,,,,,,,,,,,,,
6a7d9fab7bffe6ebe23a3ff6,,0.0,1000.0,5.0,,,Degussa,Printex-U,93.5,0.005,0.045,1:9,0.05,0.0,4,25.0,100,,6a7d9f9e7bffe6ebe23a3f40,10.1007/s10853-019-03973-z,True,True,375.9017187121762,,64.30894181224079,,,,,,,,,,,,,
6a7d9fab7bffe6ebe23a3ff6,,0.0,1000.0,5.0,,,Degussa,Printex-U,93.5,0.005,0.045,1:9,0.05,0.0,4,25.0,100,,6a7d9f9e7bffe6ebe23a3f40,10.1007/s10853-019-03973-z,True,True,393.1412894375857,,82.81858740731433,,,,,,,,,,,,,
6a7d9fab7bffe6ebe23a3ff6,,0.0,1000.0,5.0,,,Degussa,Printex-U,93.5,0.005,0.045,1:9,0.05,0.0,4,25.0,100,,6a7d9f9e7bffe6ebe23a3f40,10.1007/s10853-019-03973-z,True,True,409.11401597676104,,92.79722257132086,,,,,,,,,,,,,
6a7d9fab7bffe6ebe23a3ff6,,0.0,1000.0,5.0,,,Degussa,Printex-U,93.5,0.005,0.045,1:9,0.05,0.0,4,25.0,100,,6a7d9f9e7bffe6ebe23a3f40,10.1007/s10853-019-03973-z,True,True,424.8749293956265,,96.98535880356918,,,,,,,,,,,,,
6a7d9fab7bffe6ebe23a3ff6,,0.0,1000.0,5.0,,,Degussa,Printex-U,93.5,0.005,0.045,1:9,0.05,0.0,4,25.0,100,,6a7d9f9e7bffe6ebe23a3f40,10.1007/s10853-019-03973-z,True,True,441.8683934479142,,98.49032298605003,,,,,,,,,,,,,
6a7d9fab7bffe6ebe23a3ff6,,0.0,1000.0,5.0,,,Degussa,Printex-U,93.5,0.005,0.045,1:9,0.05,0.0,4,25.0,100,,6a7d9f9e7bffe6ebe23a3f40,10.1007/s10853-019-03973-z,True,True,458.4220931170822,,99.05429181852458,,,,,,,,,,,,,
6a7d9fab7bffe6ebe23a3ff6,,0.0,1000.0,5.0,,,Degussa,Printex-U,93.5,0.005,0.045,1:9,0.05,0.0,4,25.0,100,,6a7d9f9e7bffe6ebe23a3f40,10.1007/s10853-019-03973-z,True,True,474.8164286290647,,99.4116815382682,,,,,,,,,,,,,
6a7d9fab7bffe6ebe23a3ff6,,0.0,1000.0,5.0,,,Degussa,Printex-U,93.5,0.005,0.045,1:9,0.05,0.0,4,25.0,100,,6a7d9f9e7bffe6ebe23a3f40,10.1007/s10853-019-03973-z,True,True,491.01105462761234,,99.93951866281263,,,,,,,,,,,,,
6a7d9fab7bffe6ebe23a3ff6,,0.0,1000.0,5.0,,,Degussa,Printex-U,93.5,0.005,0.045,1:9,0.05,0.0,4,25.0,100,,6a7d9f9e7bffe6ebe23a3f40,10.1007/s10853-019-03973-z,True,True,535.6955539417413,,100.02984793263794,,,,,,,,,,,,,
6a7d9fab7bffe6ebe23a3ff7,,1.0,,10.0,,,Degussa,Printex-U,,0.005,0.045,1:9,0.05,0.15,5,100.0,100,,6a7d9f9e7bffe6ebe23a3f41,10.1016/j.cattod.2021.11.040,False,True,200.0,0.06456611570263249,0.05300213590697567,,,,2.1091165867619566,,,,,,,,,
6a7d9fab7bffe6ebe23a3ff7,,1.0,,10.0,,,Degussa,Printex-U,,0.005,0.045,1:9,0.05,0.15,5,100.0,100,,6a7d9f9e7bffe6ebe23a3f41,10.1016/j.cattod.2021.11.040,False,True,250.0,4.678108564988861,0.005537536587301162,,,,3.214776823875013,,,,,,,,,
6a7d9fab7bffe6ebe23a3ff7,,1.0,,10.0,,,Degussa,Printex-U,,0.005,0.045,1:9,0.05,0.15,5,100.0,100,,6a7d9f9e7bffe6ebe23a3f41,10.1016/j.cattod.2021.11.040,False,True,300.0,4.924633734034671,0.19935131714263932,,,,29.68558367711023,,,,,,,,,
6a7d9fab7bffe6ebe23a3ff7,,1.0,,10.0,,,Degussa,Printex-U,,0.005,0.045,1:9,0.05,0.15,5,100.0,100,,6a7d9f9e7bffe6ebe23a3f41,10.1016/j.cattod.2021.11.040,False,True,350.0,9.150779489106071,1.0901036310418526,,,,105.65094585052236,,,,,,,,,
6a7d9fab7bffe6ebe23a3ff7,,1.0,,10.0,,,Degussa,Printex-U,,0.005,0.045,1:9,0.05,0.15,5,100.0,100,,6a7d9f9e7bffe6ebe23a3f41,10.1016/j.cattod.2021.11.040,False,True,400.0,32.13044703230668,4.73617593544815,,,,728.462853532538,,,,,,,,,
6a7d9fab7bffe6ebe23a3ff7,,1.0,,10.0,,,Degussa,Printex-U,,0.005,0.045,1:9,0.05,0.15,5,100.0,100,,6a7d9f9e7bffe6ebe23a3f41,10.1016/j.cattod.2021.11.040,False,True,450.0,134.68491735537202,30.671624080373395,,,,4745.846805663954,,,,,,,,,
6a7d9fab7bffe6ebe23a3ff7,,1.0,,10.0,,,Degussa,Printex-U,,0.005,0.045,1:9,0.05,0.15,5,100.0,100,,6a7d9f9e7bffe6ebe23a3f41,10.1016/j.cattod.2021.11.040,False,True,475.0,171.8221731780617,60.6209951744324,,,,6632.623480878582,,,,,,,,,
6a7d9fab7bffe6ebe23a3ff7,,1.0,,10.0,,,Degussa,Printex-U,,0.005,0.045,1:9,0.05,0.15,5,100.0,100,,6a7d9f9e7bffe6ebe23a3f41,10.1016/j.cattod.2021.11.040,False,True,500.0,81.1009109691962,87.69084724309785,,,,3496.4507377262426,,,,,,,,,
6a7d9fab7bffe6ebe23a3ff7,,1.0,,10.0,,,Degussa,Printex-U,,0.005,0.045,1:9,0.05,0.15,5,100.0,100,,6a7d9f9e7bffe6ebe23a3f41,10.1016/j.cattod.2021.11.040,False,True,550.0,2.0543764087153704,98.76592041768846,,,,240.15126175344722,,,,,,,,,
6a7d9fab7bffe6ebe23a3ff7,,1.0,,10.0,,,Degussa,Printex-U,,0.005,0.045,1:9,0.05,0.15,5,100.0,100,,6a7d9f9e7bffe6ebe23a3f41,10.1016/j.cattod.2021.11.040,False,True,600.0,3.0052592036064425,99.98734277351474,,,,41.97792396030786,,,,,,,,,
6a7d9fab7bffe6ebe23a3ff8,,0.0,,10.0,,,Degussa,Printex-U,,0.005,0.045,1:9,0.05,0.15,5,100.0,100,,6a7d9f9e7bffe6ebe23a3f41,10.1016/j.cattod.2021.11.040,False,True,200.2033994833653,,0.0036742995866454464,,,,,,,,,,,,,
6a7d9fab7bffe6ebe23a3ff8,,0.0,,10.0,,,Degussa,Printex-U,,0.005,0.045,1:9,0.05,0.15,5,100.0,100,,6a7d9f9e7bffe6ebe23a3f41,10.1016/j.cattod.2021.11.040,False,True,249.8667733383957,,0.09973098878026931,,,,,,,,,,,,,
6a7d9fab7bffe6ebe23a3ff8,,0.0,,10.0,,,Degussa,Printex-U,,0.005,0.045,1:9,0.05,0.15,5,100.0,100,,6a7d9f9e7bffe6ebe23a3f41,10.1016/j.cattod.2021.11.040,False,True,299.83185642708463,,0.10760448789450194,,,,,,,,,,,,,
6a7d9fab7bffe6ebe23a3ff8,,0.0,,10.0,,,Degussa,Printex-U,,0.005,0.045,1:9,0.05,0.15,5,100.0,100,,6a7d9f9e7bffe6ebe23a3f41,10.1016/j.cattod.2021.11.040,False,True,349.58676004962945,,0.3516829604356744,,,,,,,,,,,,,
6a7d9fab7bffe6ebe23a3ff8,,0.0,,10.0,,,Degussa,Printex-U,,0.005,0.045,1:9,0.05,0.15,5,100.0,100,,6a7d9f9e7bffe6ebe23a3f41,10.1016/j.cattod.2021.11.040,False,True,399.68744279389534,,1.013056886031105,,,,,,,,,,,,,
6a7d9fab7bffe6ebe23a3ff8,,0.0,,10.0,,,Degussa,Printex-U,,0.005,0.045,1:9,0.05,0.15,5,100.0,100,,6a7d9f9e7bffe6ebe23a3f41,10.1016/j.cattod.2021.11.040,False,True,449.883045297065,,2.865691227609741,,,,,,,,,,,,,
6a7d9fab7bffe6ebe23a3ff8,,0.0,,10.0,,,Degussa,Printex-U,,0.005,0.045,1:9,0.05,0.15,5,100.0,100,,6a7d9f9e7bffe6ebe23a3f41,10.1016/j.cattod.2021.11.040,False,True,499.95660811021537,,12.897316449051901,,,,,,,,,,,,,
6a7d9fab7bffe6ebe23a3ff8,,0.0,,10.0,,,Degussa,Printex-U,,0.005,0.045,1:9,0.05,0.15,5,100.0,100,,6a7d9f9e7bffe6ebe23a3f41,10.1016/j.cattod.2021.11.040,False,True,549.5386221718998,,34.14710320845089,,,,,,,,,,,,,
6a7d9fab7bffe6ebe23a3ff8,,0.0,,10.0,,,Degussa,Printex-U,,0.005,0.045,1:9,0.05,0.15,5,100.0,100,,6a7d9f9e7bffe6ebe23a3f41,10.1016/j.cattod.2021.11.040,False,True,599.3342056911176,,71.72573978085427,,,,,,,,,,,,,
6a7d9fab7bffe6ebe23a3ff8,,0.0,,10.0,,,Degussa,Printex-U,,0.005,0.045,1:9,0.05,0.15,5,100.0,100,,6a7d9f9e7bffe6ebe23a3f41,10.1016/j.cattod.2021.11.040,False,True,627.8914931556073,,91.9456728561118,,,,,,,,,,,,,
6a7d9fab7bffe6ebe23a3ff8,,0.0,,10.0,,,Degussa,Printex-U,,0.005,0.045,1:9,0.05,0.15,5,100.0,100,,6a7d9f9e7bffe6ebe23a3f41,10.1016/j.cattod.2021.11.040,False,True,659.3438332666635,,99.62548389213306,,,,,,,,,,,,,
6a7d9fab7bffe6ebe23a3ff8,,0.0,,10.0,,,Degussa,Printex-U,,0.005,0.045,1:9,0.05,0.15,5,100.0,100,,6a7d9f9e7bffe6ebe23a3f41,10.1016/j.cattod.2021.11.040,False,True,683.6331215718711,,99.90184371104257,,,,,,,,,,,,,
6a7d9fab7bffe6ebe23a3ff9,,1.0,,10.0,,,Degussa,Printex-U,,0.005,0.045,1:9,0.05,0.15,5,100.0,100,,6a7d9f9e7bffe6ebe23a3f42,10.1016/j.cattod.2021.11.040,False,True,200.0,0.09978399699485863,0.025065377214193774,,,,4.12532054855626,,,,,,,,,
6a7d9fab7bffe6ebe23a3ff9,,1.0,,10.0,,,Degussa,Printex-U,,0.005,0.045,1:9,0.05,0.15,5,100.0,100,,6a7d9f9e7bffe6ebe23a3f42,10.1016/j.cattod.2021.11.040,False,True,250.0,3.568745304282629,0.02348645581487574,,,,12.645408258074212,,,,,,,,,
6a7d9fab7bffe6ebe23a3ff9,,1.0,,10.0,,,Degussa,Printex-U,,0.005,0.045,1:9,0.05,0.15,5,100.0,100,,6a7d9f9e7bffe6ebe23a3f42,10.1016/j.cattod.2021.11.040,False,True,300.0,6.333348985725138,0.41032219864804986,,,,51.21343888207548,,,,,,,,,
6a7d9fab7bffe6ebe23a3ff9,,1.0,,10.0,,,Degussa,Printex-U,,0.005,0.045,1:9,0.05,0.15,5,100.0,100,,6a7d9f9e7bffe6ebe23a3f42,10.1016/j.cattod.2021.11.040,False,True,350.0,23.53728399699486,1.5653032022499644,,,,120.21964544542323,,,,,,,,,
6a7d9fab7bffe6ebe23a3ff9,,1.0,,10.0,,,Degussa,Printex-U,,0.005,0.045,1:9,0.05,0.15,5,100.0,100,,6a7d9f9e7bffe6ebe23a3f42,10.1016/j.cattod.2021.11.040,False,True,400.0,131.8322689706988,8.282034834953373,,,,1673.1519678893967,,,,,,,,,
6a7d9fab7bffe6ebe23a3ff9,,1.0,,10.0,,,Degussa,Printex-U,,0.005,0.045,1:9,0.05,0.15,5,100.0,100,,6a7d9f9e7bffe6ebe23a3f42,10.1016/j.cattod.2021.11.040,False,True,425.0,302.92073628850494,24.403611782700942,,,,4169.147433753298,,,,,,,,,
6a7d9fab7bffe6ebe23a3ff9,,1.0,,10.0,,,Degussa,Printex-U,,0.005,0.045,1:9,0.05,0.15,5,100.0,100,,6a7d9f9e7bffe6ebe23a3f42,10.1016/j.cattod.2021.11.040,False,True,450.0,415.6883921863261,53.1612966891992,,,,6008.8359906344085,,,,,,,,,
6a7d9fab7bffe6ebe23a3ff9,,1.0,,10.0,,,Degussa,Printex-U,,0.005,0.045,1:9,0.05,0.15,5,100.0,100,,6a7d9f9e7bffe6ebe23a3f42,10.1016/j.cattod.2021.11.040,False,True,475.0,252.77047332832464,81.65530172201116,,,,3753.0939904114175,,,,,,,,,
6a7d9fab7bffe6ebe23a3ff9,,1.0,,10.0,,,Degussa,Printex-U,,0.005,0.045,1:9,0.05,0.15,5,100.0,100,,6a7d9f9e7bffe6ebe23a3f42,10.1016/j.cattod.2021.11.040,False,True,500.0,56.571656649136116,90.62357527014359,,,,663.814249080165,,,,,,,,,
6a7d9fab7bffe6ebe23a3ff9,,1.0,,10.0,,,Degussa,Printex-U,,0.005,0.045,1:9,0.05,0.15,5,100.0,100,,6a7d9f9e7bffe6ebe23a3f42,10.1016/j.cattod.2021.11.040,False,True,550.0,59.318651389932484,95.07139685202547,,,,446.97476493105887,,,,,,,,,
6a7d9fab7bffe6ebe23a3ff9,,1.0,,10.0,,,Degussa,Printex-U,,0.005,0.045,1:9,0.05,0.15,5,100.0,100,,6a7d9f9e7bffe6ebe23a3f42,10.1016/j.cattod.2021.11.040,False,True,600.0,9.960790758828068,99.85947599546061,,,,124.18701453153471,,,,,,,,,
6a7d9fab7bffe6ebe23a3ffa,,0.0,,10.0,,,Degussa,Printex-U,,0.005,0.045,1:9,0.05,0.15,5,100.0,100,,6a7d9f9e7bffe6ebe23a3f42,10.1016/j.cattod.2021.11.040,False,True,200.2779792939326,,0.09500688931172974,,,,,,,,,,,,,
6a7d9fab7bffe6ebe23a3ffa,,0.0,,10.0,,,Degussa,Printex-U,,0.005,0.045,1:9,0.05,0.15,5,100.0,100,,6a7d9f9e7bffe6ebe23a3f42,10.1016/j.cattod.2021.11.040,False,True,249.79219352782837,,0.25641362115347377,,,,,,,,,,,,,
6a7d9fab7bffe6ebe23a3ffa,,0.0,,10.0,,,Degussa,Printex-U,,0.005,0.045,1:9,0.05,0.15,5,100.0,100,,6a7d9f9e7bffe6ebe23a3f42,10.1016/j.cattod.2021.11.040,False,True,299.98440603960864,,0.9044025982547126,,,,,,,,,,,,,
6a7d9fab7bffe6ebe23a3ffa,,0.0,,10.0,,,Degussa,Printex-U,,0.005,0.045,1:9,0.05,0.15,5,100.0,100,,6a7d9f9e7bffe6ebe23a3f42,10.1016/j.cattod.2021.11.040,False,True,349.66811984297567,,1.6523850141066916,,,,,,,,,,,,,
6a7d9fab7bffe6ebe23a3ffa,,0.0,,10.0,,,Degussa,Printex-U,,0.005,0.045,1:9,0.05,0.15,5,100.0,100,,6a7d9f9e7bffe6ebe23a3f42,10.1016/j.cattod.2021.11.040,False,True,400.0705118209,,3.023948559805792,,,,,,,,,,,,,
6a7d9fab7bffe6ebe23a3ffa,,0.0,,10.0,,,Degussa,Printex-U,,0.005,0.045,1:9,0.05,0.15,5,100.0,100,,6a7d9f9e7bffe6ebe23a3f42,10.1016/j.cattod.2021.11.040,False,True,450.3135742035215,,5.383636244340927,,,,,,,,,,,,,
6a7d9fab7bffe6ebe23a3ffa,,0.0,,10.0,,,Degussa,Printex-U,,0.005,0.045,1:9,0.05,0.15,5,100.0,100,,6a7d9f9e7bffe6ebe23a3f42,10.1016/j.cattod.2021.11.040,False,True,499.2582698839945,,11.594252345646614,,,,,,,,,,,,,
6a7d9fab7bffe6ebe23a3ffa,,0.0,,10.0,,,Degussa,Printex-U,,0.005,0.045,1:9,0.05,0.15,5,100.0,100,,6a7d9f9e7bffe6ebe23a3f42,10.1016/j.cattod.2021.11.040,False,True,530.8868895473006,,19.250442884325174,,,,,,,,,,,,,
6a7d9fab7bffe6ebe23a3ffa,,0.0,,10.0,,,Degussa,Printex-U,,0.005,0.045,1:9,0.05,0.15,5,100.0,100,,6a7d9f9e7bffe6ebe23a3f42,10.1016/j.cattod.2021.11.040,False,True,555.5694168536812,,29.589134571222367,,,,,,,,,,,,,
6a7d9fab7bffe6ebe23a3ffa,,0.0,,10.0,,,Degussa,Printex-U,,0.005,0.045,1:9,0.05,0.15,5,100.0,100,,6a7d9f9e7bffe6ebe23a3f42,10.1016/j.cattod.2021.11.040,False,True,573.5329812262278,,40.77973886227938,,,,,,,,,,,,,
6a7d9fab7bffe6ebe23a3ffa,,0.0,,10.0,,,Degussa,Printex-U,,0.005,0.045,1:9,0.05,0.15,5,100.0,100,,6a7d9f9e7bffe6ebe23a3f42,10.1016/j.cattod.2021.11.040,False,True,586.0250994962473,,51.43022111410012,,,,,,,,,,,,,
6a7d9fab7bffe6ebe23a3ffa,,0.0,,10.0,,,Degussa,Printex-U,,0.005,0.045,1:9,0.05,0.15,5,100.0,100,,6a7d9f9e7bffe6ebe23a3f42,10.1016/j.cattod.2021.11.040,False,True,598.2121185412188,,62.3846204317302,,,,,,,,,,,,,
6a7d9fab7bffe6ebe23a3ffa,,0.0,,10.0,,,Degussa,Printex-U,,0.005,0.045,1:9,0.05,0.15,5,100.0,100,,6a7d9f9e7bffe6ebe23a3f42,10.1016/j.cattod.2021.11.040,False,True,611.9042937630938,,74.93025392034644,,,,,,,,,,,,,
6a7d9fab7bffe6ebe23a3ffa,,0.0,,10.0,,,Degussa,Printex-U,,0.005,0.045,1:9,0.05,0.15,5,100.0,100,,6a7d9f9e7bffe6ebe23a3f42,10.1016/j.cattod.2021.11.040,False,True,623.3692446421187,,84.13437438488288,,,,,,,,,,,,,
6a7d9fab7bffe6ebe23a3ffa,,0.0,,10.0,,,Degussa,Printex-U,,0.005,0.045,1:9,0.05,0.15,5,100.0,100,,6a7d9f9e7bffe6ebe23a3f42,10.1016/j.cattod.2021.11.040,False,True,636.8003905270082,,91.75670887737024,,,,,,,,,,,,,
6a7d9fab7bffe6ebe23a3ffa,,0.0,,10.0,,,Degussa,Printex-U,,0.005,0.045,1:9,0.05,0.15,5,100.0,100,,6a7d9f9e7bffe6ebe23a3f42,10.1016/j.cattod.2021.11.040,False,True,654.702935054545,,97.39964569253985,,,,,,,,,,,,,
6a7d9fab7bffe6ebe23a3ffa,,0.0,,10.0,,,Degussa,Printex-U,,0.005,0.045,1:9,0.05,0.15,5,100.0,100,,6a7d9f9e7bffe6ebe23a3f42,10.1016/j.cattod.2021.11.040,False,True,682.3550948180591,,99.8923955121055,,,,,,,,,,,,,
6a7d9fab7bffe6ebe23a3ffb,,0.0,550.0,10.0,,,Degussa,Printex-U,,0.005,0.045,1:9,0.05,0.15,5,50.0,100,,6a7d9f9e7bffe6ebe23a3f42,10.1016/j.cattod.2021.11.040,True,True,199.71240686859852,,0.07584998905257888,,,,,,,,,,,,,
6a7d9fab7bffe6ebe23a3ffb,,0.0,550.0,10.0,,,Degussa,Printex-U,,0.005,0.045,1:9,0.05,0.15,5,50.0,100,,6a7d9f9e7bffe6ebe23a3f42,10.1016/j.cattod.2021.11.040,True,True,249.81752131721018,,0.30809170811047504,,,,,,,,,,,,,
6a7d9fab7bffe6ebe23a3ffb,,0.0,550.0,10.0,,,Degussa,Printex-U,,0.005,0.045,1:9,0.05,0.15,5,50.0,100,,6a7d9f9e7bffe6ebe23a3f42,10.1016/j.cattod.2021.11.040,True,True,299.57281488084226,,0.9883957336336052,,,,,,,,,,,,,
6a7d9fab7bffe6ebe23a3ffb,,0.0,550.0,10.0,,,Degussa,Printex-U,,0.005,0.045,1:9,0.05,0.15,5,50.0,100,,6a7d9f9e7bffe6ebe23a3f42,10.1016/j.cattod.2021.11.040,True,True,350.03447753914463,,2.1472584529730065,,,,,,,,,,,,,
6a7d9fab7bffe6ebe23a3ffb,,0.0,550.0,10.0,,,Degussa,Printex-U,,0.005,0.045,1:9,0.05,0.15,5,50.0,100,,6a7d9f9e7bffe6ebe23a3f42,10.1016/j.cattod.2021.11.040,True,True,399.8536806875326,,4.552563260454786,,,,,,,,,,,,,
6a7d9fab7bffe6ebe23a3ffb,,0.0,550.0,10.0,,,Degussa,Printex-U,,0.005,0.045,1:9,0.05,0.15,5,50.0,100,,6a7d9f9e7bffe6ebe23a3f42,10.1016/j.cattod.2021.11.040,True,True,450.2817067222792,,11.259422601732819,,,,,,,,,,,,,
6a7d9fab7bffe6ebe23a3ffb,,0.0,550.0,10.0,,,Degussa,Printex-U,,0.005,0.045,1:9,0.05,0.15,5,50.0,100,,6a7d9f9e7bffe6ebe23a3f42,10.1016/j.cattod.2021.11.040,True,True,499.9629997140887,,28.925432423133458,,,,,,,,,,,,,
6a7d9fab7bffe6ebe23a3ffb,,0.0,550.0,10.0,,,Degussa,Printex-U,,0.005,0.045,1:9,0.05,0.15,5,50.0,100,,6a7d9f9e7bffe6ebe23a3f42,10.1016/j.cattod.2021.11.040,True,True,522.2237171832692,,43.6059241187326,,,,,,,,,,,,,
6a7d9fab7bffe6ebe23a3ffb,,0.0,550.0,10.0,,,Degussa,Printex-U,,0.005,0.045,1:9,0.05,0.15,5,50.0,100,,6a7d9f9e7bffe6ebe23a3f42,10.1016/j.cattod.2021.11.040,True,True,535.5404564489816,,54.51893903850364,,,,,,,,,,,,,
6a7d9fab7bffe6ebe23a3ffb,,0.0,550.0,10.0,,,Degussa,Printex-U,,0.005,0.045,1:9,0.05,0.15,5,50.0,100,,6a7d9f9e7bffe6ebe23a3f42,10.1016/j.cattod.2021.11.040,True,True,550.2228426310567,,66.26552187920302,,,,,,,,,,,,,
6a7d9fab7bffe6ebe23a3ffb,,0.0,550.0,10.0,,,Degussa,Printex-U,,0.005,0.045,1:9,0.05,0.15,5,50.0,100,,6a7d9f9e7bffe6ebe23a3f42,10.1016/j.cattod.2021.11.040,True,True,567.2127011890545,,77.23952957367615,,,,,,,,,,,,,
6a7d9fab7bffe6ebe23a3ffb,,0.0,550.0,10.0,,,Degussa,Printex-U,,0.005,0.045,1:9,0.05,0.15,5,50.0,100,,6a7d9f9e7bffe6ebe23a3f42,10.1016/j.cattod.2021.11.040,True,True,589.3893270993458,,87.34478120796972,,,,,,,,,,,,,
6a7d9fab7bffe6ebe23a3ffb,,0.0,550.0,10.0,,,Degussa,Printex-U,,0.005,0.045,1:9,0.05,0.15,5,50.0,100,,6a7d9f9e7bffe6ebe23a3f42,10.1016/j.cattod.2021.11.040,True,True,610.0960325602516,,94.46998842701198,,,,,,,,,,,,,
6a7d9fab7bffe6ebe23a3ffb,,0.0,550.0,10.0,,,Degussa,Printex-U,,0.005,0.045,1:9,0.05,0.15,5,50.0,100,,6a7d9f9e7bffe6ebe23a3f42,10.1016/j.cattod.2021.11.040,True,True,638.3777056459073,,99.42135059898033,,,,,,,,,,,,,
6a7d9fab7bffe6ebe23a3ffb,,0.0,550.0,10.0,,,Degussa,Printex-U,,0.005,0.045,1:9,0.05,0.15,5,50.0,100,,6a7d9f9e7bffe6ebe23a3f42,10.1016/j.cattod.2021.11.040,True,True,665.5830067777797,,99.94760877044821,,,,,,,,,,,,,
6a7d9fab7bffe6ebe23a3ffc,,1.0,,10.0,,,Degussa,Printex-U,,0.005,0.045,1:9,0.05,0.15,5,100.0,100,,6a7d9f9e7bffe6ebe23a3f43,10.1016/j.cattod.2021.11.040,False,True,200.0,0.7337058602555544,-0.036512557359252185,,,,4.450514735942534,,,,,,,,,
6a7d9fab7bffe6ebe23a3ffc,,1.0,,10.0,,,Degussa,Printex-U,,0.005,0.045,1:9,0.05,0.15,5,100.0,100,,6a7d9f9e7bffe6ebe23a3f43,10.1016/j.cattod.2021.11.040,False,True,250.0,7.020097670924258,0.18848374204371865,,,,27.73441855279316,,,,,,,,,
6a7d9fab7bffe6ebe23a3ffc,,1.0,,10.0,,,Degussa,Printex-U,,0.005,0.045,1:9,0.05,0.15,5,100.0,100,,6a7d9f9e7bffe6ebe23a3f43,10.1016/j.cattod.2021.11.040,False,True,300.0,7.654019534184954,0.6692653081363815,,,,61.48957520347881,,,,,,,,,
6a7d9fab7bffe6ebe23a3ffc,,1.0,,10.0,,,Degussa,Printex-U,,0.005,0.045,1:9,0.05,0.15,5,100.0,100,,6a7d9f9e7bffe6ebe23a3f43,10.1016/j.cattod.2021.11.040,False,True,350.0,32.1656649135989,2.4581832535649113,,,,229.2897758947487,,,,,,,,,
6a7d9fab7bffe6ebe23a3ffc,,1.0,,10.0,,,Degussa,Printex-U,,0.005,0.045,1:9,0.05,0.15,5,100.0,100,,6a7d9f9e7bffe6ebe23a3f43,10.1016/j.cattod.2021.11.040,False,True,400.0,187.01868895567253,11.600138155622442,,,,1667.8838220537405,,,,,,,,,
6a7d9fab7bffe6ebe23a3ffc,,1.0,,10.0,,,Degussa,Printex-U,,0.005,0.045,1:9,0.05,0.15,5,100.0,100,,6a7d9f9e7bffe6ebe23a3f43,10.1016/j.cattod.2021.11.040,False,True,425.0,421.1471637866266,28.583806187398242,,,,4039.7851860110754,,,,,,,,,
6a7d9fab7bffe6ebe23a3ffc,,1.0,,10.0,,,Degussa,Printex-U,,0.005,0.045,1:9,0.05,0.15,5,100.0,100,,6a7d9f9e7bffe6ebe23a3f43,10.1016/j.cattod.2021.11.040,False,True,450.0,571.4922990232908,60.87353826417329,,,,5602.928605938975,,,,,,,,,
6a7d9fab7bffe6ebe23a3ffc,,1.0,,10.0,,,Degussa,Printex-U,,0.005,0.045,1:9,0.05,0.15,5,100.0,100,,6a7d9f9e7bffe6ebe23a3f43,10.1016/j.cattod.2021.11.040,False,True,475.0,212.93904958677695,82.51423496324074,,,,1825.9932359609022,,,,,,,,,
6a7d9fab7bffe6ebe23a3ffc,,1.0,,10.0,,,Degussa,Printex-U,,0.005,0.045,1:9,0.05,0.15,5,100.0,100,,6a7d9f9e7bffe6ebe23a3f43,10.1016/j.cattod.2021.11.040,False,True,500.0,147.5746619083397,90.46805151231067,,,,1108.679897424462,,,,,,,,,
6a7d9fab7bffe6ebe23a3ffc,,1.0,,10.0,,,Degussa,Printex-U,,0.005,0.045,1:9,0.05,0.15,5,100.0,100,,6a7d9f9e7bffe6ebe23a3f43,10.1016/j.cattod.2021.11.040,False,True,550.0,30.844994365139087,98.48660383875266,,,,260.183223696436,,,,,,,,,
6a7d9fab7bffe6ebe23a3ffc,,1.0,,10.0,,,Degussa,Printex-U,,0.005,0.045,1:9,0.05,0.15,5,100.0,100,,6a7d9f9e7bffe6ebe23a3f43,10.1016/j.cattod.2021.11.040,False,True,600.0,3.973750939143656,99.89421226624563,,,,22.986583416954886,,,,,,,,,
6a7d9fab7bffe6ebe23a3ffd,,0.0,,10.0,,,Degussa,Printex-U,,0.005,0.045,1:9,0.05,0.15,5,100.0,100,,6a7d9f9e7bffe6ebe23a3f43,10.1016/j.cattod.2021.11.040,False,True,212.07514932912068,,0.21232202611377815,,,,,,,,,,,,,
6a7d9fab7bffe6ebe23a3ffd,,0.0,,10.0,,,Degussa,Printex-U,,0.005,0.045,1:9,0.05,0.15,5,100.0,100,,6a7d9f9e7bffe6ebe23a3f43,10.1016/j.cattod.2021.11.040,False,True,268.43036618686983,,0.6965422216390067,,,,,,,,,,,,,
6a7d9fab7bffe6ebe23a3ffd,,0.0,,10.0,,,Degussa,Printex-U,,0.005,0.045,1:9,0.05,0.15,5,100.0,100,,6a7d9f9e7bffe6ebe23a3f43,10.1016/j.cattod.2021.11.040,False,True,336.5149532520187,,2.324781838462048,,,,,,,,,,,,,
6a7d9fab7bffe6ebe23a3ffd,,0.0,,10.0,,,Degussa,Printex-U,,0.005,0.045,1:9,0.05,0.15,5,100.0,100,,6a7d9f9e7bffe6ebe23a3f43,10.1016/j.cattod.2021.11.040,False,True,398.27720637589584,,5.663145462896139,,,,,,,,,,,,,
6a7d9fab7bffe6ebe23a3ffd,,0.0,,10.0,,,Degussa,Printex-U,,0.005,0.045,1:9,0.05,0.15,5,100.0,100,,6a7d9f9e7bffe6ebe23a3f43,10.1016/j.cattod.2021.11.040,False,True,444.8489080837735,,12.353257660258516,,,,,,,,,,,,,
6a7d9fab7bffe6ebe23a3ffd,,0.0,,10.0,,,Degussa,Printex-U,,0.005,0.045,1:9,0.05,0.15,5,100.0,100,,6a7d9f9e7bffe6ebe23a3f43,10.1016/j.cattod.2021.11.040,False,True,477.718264595608,,23.70999278262581,,,,,,,,,,,,,
6a7d9fab7bffe6ebe23a3ffd,,0.0,,10.0,,,Degussa,Printex-U,,0.005,0.045,1:9,0.05,0.15,5,100.0,100,,6a7d9f9e7bffe6ebe23a3f43,10.1016/j.cattod.2021.11.040,False,True,507.9434278236933,,38.4389475756184,,,,,,,,,,,,,
6a7d9fab7bffe6ebe23a3ffd,,0.0,,10.0,,,Degussa,Printex-U,,0.005,0.045,1:9,0.05,0.15,5,100.0,100,,6a7d9f9e7bffe6ebe23a3f43,10.1016/j.cattod.2021.11.040,False,True,528.2901561430034,,48.95321829276294,,,,,,,,,,,,,
6a7d9fab7bffe6ebe23a3ffd,,0.0,,10.0,,,Degussa,Printex-U,,0.005,0.045,1:9,0.05,0.15,5,100.0,100,,6a7d9f9e7bffe6ebe23a3f43,10.1016/j.cattod.2021.11.040,False,True,550.9929284779618,,59.57535594777245,,,,,,,,,,,,,
6a7d9fab7bffe6ebe23a3ffd,,0.0,,10.0,,,Degussa,Printex-U,,0.005,0.045,1:9,0.05,0.15,5,100.0,100,,6a7d9f9e7bffe6ebe23a3f43,10.1016/j.cattod.2021.11.040,False,True,574.4211589702563,,71.98556525162391,,,,,,,,,,,,,
6a7d9fab7bffe6ebe23a3ffd,,0.0,,10.0,,,Degussa,Printex-U,,0.005,0.045,1:9,0.05,0.15,5,100.0,100,,6a7d9f9e7bffe6ebe23a3f43,10.1016/j.cattod.2021.11.040,False,True,591.0388967612023,,82.02742602191458,,,,,,,,,,,,,
6a7d9fab7bffe6ebe23a3ffd,,0.0,,10.0,,,Degussa,Printex-U,,0.005,0.045,1:9,0.05,0.15,5,100.0,100,,6a7d9f9e7bffe6ebe23a3f43,10.1016/j.cattod.2021.11.040,False,True,609.5143498335515,,91.3260284758218,,,,,,,,,,,,,
6a7d9fab7bffe6ebe23a3ffd,,0.0,,10.0,,,Degussa,Printex-U,,0.005,0.045,1:9,0.05,0.15,5,100.0,100,,6a7d9f9e7bffe6ebe23a3f43,10.1016/j.cattod.2021.11.040,False,True,635.5528736957008,,97.41775474050259,,,,,,,,,,,,,
6a7d9fab7bffe6ebe23a3ffd,,0.0,,10.0,,,Degussa,Printex-U,,0.005,0.045,1:9,0.05,0.15,5,100.0,100,,6a7d9f9e7bffe6ebe23a3f43,10.1016/j.cattod.2021.11.040,False,True,669.3341378912899,,99.76012072698641,,,,,,,,,,,,,
6a7d9fab7bffe6ebe23a3ffe,,0.0,550.0,10.0,,,Degussa,Printex-U,,0.005,0.045,1:9,0.05,0.15,5,50.0,100,,6a7d9f9e7bffe6ebe23a3f43,10.1016/j.cattod.2021.11.040,True,True,206.02600111000856,,-0.01329329705045197,,,,,,,,,,,,,
6a7d9fab7bffe6ebe23a3ffe,,0.0,550.0,10.0,,,Degussa,Printex-U,,0.005,0.045,1:9,0.05,0.15,5,50.0,100,,6a7d9f9e7bffe6ebe23a3f43,10.1016/j.cattod.2021.11.040,True,True,249.70988412183186,,0.578649401019674,,,,,,,,,,,,,
6a7d9fab7bffe6ebe23a3ffe,,0.0,550.0,10.0,,,Degussa,Printex-U,,0.005,0.045,1:9,0.05,0.15,5,50.0,100,,6a7d9f9e7bffe6ebe23a3f43,10.1016/j.cattod.2021.11.040,True,True,300.26909298844583,,1.1127271589878325,,,,,,,,,,,,,
6a7d9fab7bffe6ebe23a3ffe,,0.0,550.0,10.0,,,Degussa,Printex-U,,0.005,0.045,1:9,0.05,0.15,5,50.0,100,,6a7d9f9e7bffe6ebe23a3f43,10.1016/j.cattod.2021.11.040,True,True,350.22284263105666,,2.313815645428669,,,,,,,,,,,,,
6a7d9fab7bffe6ebe23a3ffe,,0.0,550.0,10.0,,,Degussa,Printex-U,,0.005,0.045,1:9,0.05,0.15,5,50.0,100,,6a7d9f9e7bffe6ebe23a3f43,10.1016/j.cattod.2021.11.040,True,True,399.23140315175164,,5.3532889180820105,,,,,,,,,,,,,
6a7d9fab7bffe6ebe23a3ffe,,0.0,550.0,10.0,,,Degussa,Printex-U,,0.005,0.045,1:9,0.05,0.15,5,50.0,100,,6a7d9f9e7bffe6ebe23a3f43,10.1016/j.cattod.2021.11.040,True,True,440.47326729342905,,14.80716899690344,,,,,,,,,,,,,
6a7d9fab7bffe6ebe23a3ffe,,0.0,550.0,10.0,,,Degussa,Printex-U,,0.005,0.045,1:9,0.05,0.15,5,50.0,100,,6a7d9f9e7bffe6ebe23a3f43,10.1016/j.cattod.2021.11.040,True,True,466.78047057636354,,25.989177692283626,,,,,,,,,,,,,
6a7d9fab7bffe6ebe23a3ffe,,0.0,550.0,10.0,,,Degussa,Printex-U,,0.005,0.045,1:9,0.05,0.15,5,50.0,100,,6a7d9f9e7bffe6ebe23a3f43,10.1016/j.cattod.2021.11.040,True,True,484.01587648631835,,36.16480560507961,,,,,,,,,,,,,
6a7d9fab7bffe6ebe23a3ffe,,0.0,550.0,10.0,,,Degussa,Printex-U,,0.005,0.045,1:9,0.05,0.15,5,50.0,100,,6a7d9f9e7bffe6ebe23a3f43,10.1016/j.cattod.2021.11.040,True,True,501.05618997964973,,47.659597760470426,,,,,,,,,,,,,
6a7d9fab7bffe6ebe23a3ffe,,0.0,550.0,10.0,,,Degussa,Printex-U,,0.005,0.045,1:9,0.05,0.15,5,50.0,100,,6a7d9f9e7bffe6ebe23a3f43,10.1016/j.cattod.2021.11.040,True,True,516.1388519820381,,58.71023740264614,,,,,,,,,,,,,
6a7d9fab7bffe6ebe23a3ffe,,0.0,550.0,10.0,,,Degussa,Printex-U,,0.005,0.045,1:9,0.05,0.15,5,50.0,100,,6a7d9f9e7bffe6ebe23a3f43,10.1016/j.cattod.2021.11.040,True,True,529.8558670680636,,70.176097087986,,,,,,,,,,,,,
6a7d9fab7bffe6ebe23a3ffe,,0.0,550.0,10.0,,,Degussa,Printex-U,,0.005,0.045,1:9,0.05,0.15,5,50.0,100,,6a7d9f9e7bffe6ebe23a3f43,10.1016/j.cattod.2021.11.040,True,True,544.716527354984,,81.44803102811923,,,,,,,,,,,,,
6a7d9fab7bffe6ebe23a3ffe,,0.0,550.0,10.0,,,Degussa,Printex-U,,0.005,0.045,1:9,0.05,0.15,5,50.0,100,,6a7d9f9e7bffe6ebe23a3f43,10.1016/j.cattod.2021.11.040,True,True,558.399905817454,,89.64921334959807,,,,,,,,,,,,,
6a7d9fab7bffe6ebe23a3ffe,,0.0,550.0,10.0,,,Degussa,Printex-U,,0.005,0.045,1:9,0.05,0.15,5,50.0,100,,6a7d9f9e7bffe6ebe23a3f43,10.1016/j.cattod.2021.11.040,True,True,582.0195428782858,,96.63679584623566,,,,,,,,,,,,,
6a7d9fab7bffe6ebe23a3ffe,,0.0,550.0,10.0,,,Degussa,Printex-U,,0.005,0.045,1:9,0.05,0.15,5,50.0,100,,6a7d9f9e7bffe6ebe23a3f43,10.1016/j.cattod.2021.11.040,True,True,611.1656771893238,,99.22820681242376,,,,,,,,,,,,,
6a7d9fab7bffe6ebe23a3ffe,,0.0,550.0,10.0,,,Degussa,Printex-U,,0.005,0.045,1:9,0.05,0.15,5,50.0,100,,6a7d9f9e7bffe6ebe23a3f43,10.1016/j.cattod.2021.11.040,True,True,653.480549622429,,99.93744330799787,,,,,,,,,,,,,
6a7d9fab7bffe6ebe23a3fff,,1.0,,10.0,,,Degussa,Printex-U,,0.005,0.045,1:9,0.05,0.15,5,100.0,100,,6a7d9f9f7bffe6ebe23a3f44,10.1016/j.cattod.2021.11.040,False,True,200.0,0.0,0.0,,,,4.6456312483742295,,,,,,,,,
6a7d9fab7bffe6ebe23a3fff,,1.0,,10.0,,,Degussa,Printex-U,,0.005,0.045,1:9,0.05,0.15,5,100.0,100,,6a7d9f9f7bffe6ebe23a3f44,10.1016/j.cattod.2021.11.040,False,True,250.0,4.977460555973096,0.2240094735283975,,,,32.612331363585895,,,,,,,,,
6a7d9fab7bffe6ebe23a3fff,,1.0,,10.0,,,Degussa,Printex-U,,0.005,0.045,1:9,0.05,0.15,5,100.0,100,,6a7d9f9f7bffe6ebe23a3f44,10.1016/j.cattod.2021.11.040,False,True,300.0,13.482578888054206,0.8547885725563766,,,,123.73174266919398,,,,,,,,,
6a7d9fab7bffe6ebe23a3fff,,1.0,,10.0,,,Degussa,Printex-U,,0.005,0.045,1:9,0.05,0.15,5,100.0,100,,6a7d9f9f7bffe6ebe23a3f44,10.1016/j.cattod.2021.11.040,False,True,350.0,115.82574192336597,6.353382345685105,,,,1521.936670754822,,,,,,,,,
6a7d9fab7bffe6ebe23a3fff,,1.0,,10.0,,,Degussa,Printex-U,,0.005,0.045,1:9,0.05,0.15,5,100.0,100,,6a7d9f9f7bffe6ebe23a3f44,10.1016/j.cattod.2021.11.040,False,True,375.0,350.71140120210373,24.23545665367346,,,,5209.183483851786,,,,,,,,,
6a7d9fab7bffe6ebe23a3fff,,1.0,,10.0,,,Degussa,Printex-U,,0.005,0.045,1:9,0.05,0.15,5,100.0,100,,6a7d9f9f7bffe6ebe23a3f44,10.1016/j.cattod.2021.11.040,False,True,400.0,399.0127253944403,63.25139389154784,,,,6993.523990039767,,,,,,,,,
6a7d9fab7bffe6ebe23a3fff,,1.0,,10.0,,,Degussa,Printex-U,,0.005,0.045,1:9,0.05,0.15,5,100.0,100,,6a7d9f9f7bffe6ebe23a3f44,10.1016/j.cattod.2021.11.040,False,True,425.0,169.58583771600308,82.58923372970841,,,,2051.417846657004,,,,,,,,,
6a7d9fab7bffe6ebe23a3fff,,1.0,,10.0,,,Degussa,Printex-U,,0.005,0.045,1:9,0.05,0.15,5,100.0,100,,6a7d9f9f7bffe6ebe23a3f44,10.1016/j.cattod.2021.11.040,False,True,450.0,111.30024417731039,92.66906794296148,,,,1433.3537741108262,,,,,,,,,
6a7d9fab7bffe6ebe23a3fff,,1.0,,10.0,,,Degussa,Printex-U,,0.005,0.045,1:9,0.05,0.15,5,100.0,100,,6a7d9f9f7bffe6ebe23a3f44,10.1016/j.cattod.2021.11.040,False,True,500.0,9.362086776859655,98.37765826219965,,,,155.14550117069916,,,,,,,,,
6a7d9fab7bffe6ebe23a3fff,,1.0,,10.0,,,Degussa,Printex-U,,0.005,0.045,1:9,0.05,0.15,5,100.0,100,,6a7d9f9f7bffe6ebe23a3f44,10.1016/j.cattod.2021.11.040,False,True,550.0,2.3361194590534637,99.41974638575024,,,,54.33530308098284,,,,,,,,,
6a7d9fab7bffe6ebe23a3fff,,1.0,,10.0,,,Degussa,Printex-U,,0.005,0.045,1:9,0.05,0.15,5,100.0,100,,6a7d9f9f7bffe6ebe23a3f44,10.1016/j.cattod.2021.11.040,False,True,600.0,1.0330578512397892,99.7307939014161,,,,10.304010108893749,,,,,,,,,
6a7d9fab7bffe6ebe23a4000,,0.0,,10.0,,,Degussa,Printex-U,,0.005,0.045,1:9,0.05,0.15,5,100.0,100,,6a7d9f9f7bffe6ebe23a3f44,10.1016/j.cattod.2021.11.040,False,True,206.05452462150745,,0.039105045600688726,,,,,,,,,,,,,
6a7d9fab7bffe6ebe23a4000,,0.0,,10.0,,,Degussa,Printex-U,,0.005,0.045,1:9,0.05,0.15,5,100.0,100,,6a7d9f9f7bffe6ebe23a3f44,10.1016/j.cattod.2021.11.040,False,True,259.88419789413734,,0.3886884062725606,,,,,,,,,,,,,
6a7d9fab7bffe6ebe23a4000,,0.0,,10.0,,,Degussa,Printex-U,,0.005,0.045,1:9,0.05,0.15,5,100.0,100,,6a7d9f9f7bffe6ebe23a3f44,10.1016/j.cattod.2021.11.040,False,True,323.0905873499081,,1.5760120726986457,,,,,,,,,,,,,
6a7d9fab7bffe6ebe23a4000,,0.0,,10.0,,,Degussa,Printex-U,,0.005,0.045,1:9,0.05,0.15,5,100.0,100,,6a7d9f9f7bffe6ebe23a3f44,10.1016/j.cattod.2021.11.040,False,True,387.38177405029387,,4.3238632635653875,,,,,,,,,,,,,
6a7d9fab7bffe6ebe23a4000,,0.0,,10.0,,,Degussa,Printex-U,,0.005,0.045,1:9,0.05,0.15,5,100.0,100,,6a7d9f9f7bffe6ebe23a3f44,10.1016/j.cattod.2021.11.040,False,True,421.79018665292585,,12.85165015418936,,,,,,,,,,,,,
6a7d9fab7bffe6ebe23a4000,,0.0,,10.0,,,Degussa,Printex-U,,0.005,0.045,1:9,0.05,0.15,5,100.0,100,,6a7d9f9f7bffe6ebe23a3f44,10.1016/j.cattod.2021.11.040,False,True,445.0387476015811,,24.08162194081753,,,,,,,,,,,,,
6a7d9fab7bffe6ebe23a4000,,0.0,,10.0,,,Degussa,Printex-U,,0.005,0.045,1:9,0.05,0.15,5,100.0,100,,6a7d9f9f7bffe6ebe23a3f44,10.1016/j.cattod.2021.11.040,False,True,463.6396303553389,,35.66668853749754,,,,,,,,,,,,,
6a7d9fab7bffe6ebe23a4000,,0.0,,10.0,,,Degussa,Printex-U,,0.005,0.045,1:9,0.05,0.15,5,100.0,100,,6a7d9f9f7bffe6ebe23a3f44,10.1016/j.cattod.2021.11.040,False,True,480.7421369149722,,46.46204317302015,,,,,,,,,,,,,
6a7d9fab7bffe6ebe23a4000,,0.0,,10.0,,,Degussa,Printex-U,,0.005,0.045,1:9,0.05,0.15,5,100.0,100,,6a7d9f9f7bffe6ebe23a3f44,10.1016/j.cattod.2021.11.040,False,True,501.2041249415226,,58.14001705924808,,,,,,,,,,,,,
6a7d9fab7bffe6ebe23a4000,,0.0,,10.0,,,Degussa,Printex-U,,0.005,0.045,1:9,0.05,0.15,5,100.0,100,,6a7d9f9f7bffe6ebe23a3f44,10.1016/j.cattod.2021.11.040,False,True,524.9001647535815,,68.11337838724494,,,,,,,,,,,,,
6a7d9fab7bffe6ebe23a4000,,0.0,,10.0,,,Degussa,Printex-U,,0.005,0.045,1:9,0.05,0.15,5,100.0,100,,6a7d9f9f7bffe6ebe23a3f44,10.1016/j.cattod.2021.11.040,False,True,550.7691890462598,,78.66701659996063,,,,,,,,,,,,,
6a7d9fab7bffe6ebe23a4000,,0.0,,10.0,,,Degussa,Printex-U,,0.005,0.045,1:9,0.05,0.15,5,100.0,100,,6a7d9f9f7bffe6ebe23a3f44,10.1016/j.cattod.2021.11.040,False,True,577.9196300841397,,89.09074207729151,,,,,,,,,,,,,
6a7d9fab7bffe6ebe23a4000,,0.0,,10.0,,,Degussa,Printex-U,,0.005,0.045,1:9,0.05,0.15,5,100.0,100,,6a7d9f9f7bffe6ebe23a3f44,10.1016/j.cattod.2021.11.040,False,True,608.4837924511671,,97.1563545699101,,,,,,,,,,,,,
6a7d9fab7bffe6ebe23a4000,,0.0,,10.0,,,Degussa,Printex-U,,0.005,0.045,1:9,0.05,0.15,5,100.0,100,,6a7d9f9f7bffe6ebe23a3f44,10.1016/j.cattod.2021.11.040,False,True,652.3502810302862,,99.48139885834263,,,,,,,,,,,,,
6a7d9fab7bffe6ebe23a4000,,0.0,,10.0,,,Degussa,Printex-U,,0.005,0.045,1:9,0.05,0.15,5,100.0,100,,6a7d9f9f7bffe6ebe23a3f44,10.1016/j.cattod.2021.11.040,False,True,684.467059453669,,100.00341184961616,,,,,,,,,,,,,
6a7d9fab7bffe6ebe23a4001,,0.0,550.0,10.0,,,Degussa,Printex-U,,0.005,0.045,1:9,0.05,0.15,5,50.0,100,,6a7d9f9f7bffe6ebe23a3f44,10.1016/j.cattod.2021.11.040,True,True,203.90689382599777,,0.06333865065215351,,,,,,,,,,,,,
6a7d9fab7bffe6ebe23a4001,,0.0,550.0,10.0,,,Degussa,Printex-U,,0.005,0.045,1:9,0.05,0.15,5,50.0,100,,6a7d9f9f7bffe6ebe23a3f44,10.1016/j.cattod.2021.11.040,True,True,248.37451016666947,,0.28385098995965086,,,,,,,,,,,,,
6a7d9fab7bffe6ebe23a4001,,0.0,550.0,10.0,,,Degussa,Printex-U,,0.005,0.045,1:9,0.05,0.15,5,50.0,100,,6a7d9f9f7bffe6ebe23a3f44,10.1016/j.cattod.2021.11.040,True,True,299.73090701155417,,1.085358606236902,,,,,,,,,,,,,
6a7d9fab7bffe6ebe23a4001,,0.0,550.0,10.0,,,Degussa,Printex-U,,0.005,0.045,1:9,0.05,0.15,5,50.0,100,,6a7d9f9f7bffe6ebe23a3f44,10.1016/j.cattod.2021.11.040,True,True,347.7841874232665,,3.390572706515279,,,,,,,,,,,,,
6a7d9fab7bffe6ebe23a4001,,0.0,550.0,10.0,,,Degussa,Printex-U,,0.005,0.045,1:9,0.05,0.15,5,50.0,100,,6a7d9f9f7bffe6ebe23a3f44,10.1016/j.cattod.2021.11.040,True,True,375.6655846886089,,12.032779706609112,,,,,,,,,,,,,
6a7d9fab7bffe6ebe23a4001,,0.0,550.0,10.0,,,Degussa,Printex-U,,0.005,0.045,1:9,0.05,0.15,5,50.0,100,,6a7d9f9f7bffe6ebe23a3f44,10.1016/j.cattod.2021.11.040,True,True,394.1489093324812,,23.252322417190573,,,,,,,,,,,,,
6a7d9fab7bffe6ebe23a4001,,0.0,550.0,10.0,,,Degussa,Printex-U,,0.005,0.045,1:9,0.05,0.15,5,50.0,100,,6a7d9f9f7bffe6ebe23a3f44,10.1016/j.cattod.2021.11.040,True,True,408.5386568896214,,36.11241437552783,,,,,,,,,,,,,
6a7d9fab7bffe6ebe23a4001,,0.0,550.0,10.0,,,Degussa,Printex-U,,0.005,0.045,1:9,0.05,0.15,5,50.0,100,,6a7d9f9f7bffe6ebe23a3f44,10.1016/j.cattod.2021.11.040,True,True,422.8241309137389,,48.58074505020174,,,,,,,,,,,,,
6a7d9fab7bffe6ebe23a4001,,0.0,550.0,10.0,,,Degussa,Printex-U,,0.005,0.045,1:9,0.05,0.15,5,50.0,100,,6a7d9f9f7bffe6ebe23a3f44,10.1016/j.cattod.2021.11.040,True,True,439.16480263711134,,60.751931437865565,,,,,,,,,,,,,
6a7d9fab7bffe6ebe23a4001,,0.0,550.0,10.0,,,Degussa,Printex-U,,0.005,0.045,1:9,0.05,0.15,5,50.0,100,,6a7d9f9f7bffe6ebe23a3f44,10.1016/j.cattod.2021.11.040,True,True,461.926705797272,,73.72149760720653,,,,,,,,,,,,,
6a7d9fab7bffe6ebe23a4001,,0.0,550.0,10.0,,,Degussa,Printex-U,,0.005,0.045,1:9,0.05,0.15,5,50.0,100,,6a7d9f9f7bffe6ebe23a3f44,10.1016/j.cattod.2021.11.040,True,True,483.41041726231515,,85.54862218885866,,,,,,,,,,,,,
6a7d9fab7bffe6ebe23a4001,,0.0,550.0,10.0,,,Degussa,Printex-U,,0.005,0.045,1:9,0.05,0.15,5,50.0,100,,6a7d9f9f7bffe6ebe23a3f44,10.1016/j.cattod.2021.11.040,True,True,508.4192468759986,,95.73128772950486,,,,,,,,,,,,,
6a7d9fab7bffe6ebe23a4001,,0.0,550.0,10.0,,,Degussa,Printex-U,,0.005,0.045,1:9,0.05,0.15,5,50.0,100,,6a7d9f9f7bffe6ebe23a3f44,10.1016/j.cattod.2021.11.040,True,True,551.9147647959097,,99.76697632229208,,,,,,,,,,,,,
6a7d9fab7bffe6ebe23a4001,,0.0,550.0,10.0,,,Degussa,Printex-U,,0.005,0.045,1:9,0.05,0.15,5,50.0,100,,6a7d9f9f7bffe6ebe23a3f44,10.1016/j.cattod.2021.11.040,True,True,591.2258867454884,,99.97106752994901,,,,,,,,,,,,,
6a7d9fab7bffe6ebe23a400b,,0.0,500.0,5.0,,,Degussa,Printex-U,,0.02,0.08,1:4,0.1,0.3,10,25.0,500,,6a7d9f9f7bffe6ebe23a3f48,10.1016/j.apcata.2013.04.035,True,True,450.0,,4.283930383204563,,4.850298895606065,,,,,,1.103730199284619,72.0,,,,
6a7d9fab7bffe6ebe23a400b,,0.0,500.0,5.0,,,Degussa,Printex-U,,0.02,0.08,1:4,0.1,0.3,10,25.0,500,,6a7d9f9f7bffe6ebe23a3f48,10.1016/j.apcata.2013.04.035,True,True,475.0,,6.743151486771252,,4.605863082170961,,,,,,2.1116504854368925,72.0,,,,
6a7d9fab7bffe6ebe23a400b,,0.0,500.0,5.0,,,Degussa,Printex-U,,0.02,0.08,1:4,0.1,0.3,10,25.0,500,,6a7d9f9f7bffe6ebe23a3f48,10.1016/j.apcata.2013.04.035,True,True,500.0,,10.82572387419028,,4.000894998142456,,,,,,3.537301992846192,72.0,,,,
6a7d9fab7bffe6ebe23a400b,,0.0,500.0,5.0,,,Degussa,Printex-U,,0.02,0.08,1:4,0.1,0.3,10,25.0,500,,6a7d9f9f7bffe6ebe23a3f48,10.1016/j.apcata.2013.04.035,True,True,525.0,,17.462733161632716,,3.3596203856935385,,,,,,5.236203372508941,72.0,,,,
6a7d9fab7bffe6ebe23a400b,,0.0,500.0,5.0,,,Degussa,Printex-U,,0.02,0.08,1:4,0.1,0.3,10,25.0,500,,6a7d9f9f7bffe6ebe23a3f48,10.1016/j.apcata.2013.04.035,True,True,550.0,,28.283774291734964,,2.8238880070248906,,,,,,6.50319366377108,72.0,,,,
6a7d9fab7bffe6ebe23a400b,,0.0,500.0,5.0,,,Degussa,Printex-U,,0.02,0.08,1:4,0.1,0.3,10,25.0,500,,6a7d9f9f7bffe6ebe23a3f48,10.1016/j.apcata.2013.04.035,True,True,575.0,,44.104425193163195,,2.771961228004998,,,,,,6.469468574348495,72.0,,,,
6a7d9fab7bffe6ebe23a400b,,0.0,500.0,5.0,,,Degussa,Printex-U,,0.02,0.08,1:4,0.1,0.3,10,25.0,500,,6a7d9f9f7bffe6ebe23a3f48,10.1016/j.apcata.2013.04.035,True,True,600.0,,65.38749707328495,,3.7611030429936836,,,,,,3.529253960143075,72.0,,,,
6a7d9fab7bffe6ebe23a400b,,0.0,500.0,5.0,,,Degussa,Printex-U,,0.02,0.08,1:4,0.1,0.3,10,25.0,500,,6a7d9f9f7bffe6ebe23a3f48,10.1016/j.apcata.2013.04.035,True,True,625.0,,86.33965503785218,,5.296109291093924,,,,,,-0.26481859989780265,72.0,,,,
6a7d9fab7bffe6ebe23a400b,,0.0,500.0,5.0,,,Degussa,Printex-U,,0.02,0.08,1:4,0.1,0.3,10,25.0,500,,6a7d9f9f7bffe6ebe23a3f48,10.1016/j.apcata.2013.04.035,True,True,650.0,,97.61102005775383,,5.127663885980613,,,,,,-2.2454011241696468,72.0,,,,
6a7d9fab7bffe6ebe23a400c,,,500.0,5.0,,,,,,,0.08,,0.1,0.3,10,25.0,500,,6a7d9f9f7bffe6ebe23a3f48,10.1016/j.apcata.2013.04.035,True,False,200.222606837369,,,,0.9504264115372338,,,,,,,,,,,
6a7d9fab7bffe6ebe23a400c,,,500.0,5.0,,,,,,,0.08,,0.1,0.3,10,25.0,500,,6a7d9f9f7bffe6ebe23a3f48,10.1016/j.apcata.2013.04.035,True,False,240.10540433749418,,,,1.5861470062124707,,,,,,,,,,,
6a7d9fab7bffe6ebe23a400c,,,500.0,5.0,,,,,,,0.08,,0.1,0.3,10,25.0,500,,6a7d9f9f7bffe6ebe23a3f48,10.1016/j.apcata.2013.04.035,True,False,273.7162541947476,,,,3.1318424392669724,,,,,,,,,,,
6a7d9fab7bffe6ebe23a400c,,,500.0,5.0,,,,,,,0.08,,0.1,0.3,10,25.0,500,,6a7d9f9f7bffe6ebe23a3f48,10.1016/j.apcata.2013.04.035,True,False,304.87842884094187,,,,5.066837874548167,,,,,,,,,,,
6a7d9fab7bffe6ebe23a400c,,,500.0,5.0,,,,,,,0.08,,0.1,0.3,10,25.0,500,,6a7d9f9f7bffe6ebe23a3f48,10.1016/j.apcata.2013.04.035,True,False,341.65307837430225,,,,8.616927313347533,,,,,,,,,,,
6a7d9fab7bffe6ebe23a400c,,,500.0,5.0,,,,,,,0.08,,0.1,0.3,10,25.0,500,,6a7d9f9f7bffe6ebe23a3f48,10.1016/j.apcata.2013.04.035,True,False,368.46050676446526,,,,11.89610254659353,,,,,,,,,,,
6a7d9fab7bffe6ebe23a400c,,,500.0,5.0,,,,,,,0.08,,0.1,0.3,10,25.0,500,,6a7d9f9f7bffe6ebe23a3f48,10.1016/j.apcata.2013.04.035,True,False,396.85122628541535,,,,15.30628149841534,,,,,,,,,,,
6a7d9fab7bffe6ebe23a400c,,,500.0,5.0,,,,,,,0.08,,0.1,0.3,10,25.0,500,,6a7d9f9f7bffe6ebe23a3f48,10.1016/j.apcata.2013.04.035,True,False,424.9469917468515,,,,17.786816498304006,,,,,,,,,,,
6a7d9fab7bffe6ebe23a400c,,,500.0,5.0,,,,,,,0.08,,0.1,0.3,10,25.0,500,,6a7d9f9f7bffe6ebe23a3f48,10.1016/j.apcata.2013.04.035,True,False,448.93566105882945,,,,18.392847864973394,,,,,,,,,,,
6a7d9fab7bffe6ebe23a400c,,,500.0,5.0,,,,,,,0.08,,0.1,0.3,10,25.0,500,,6a7d9f9f7bffe6ebe23a3f48,10.1016/j.apcata.2013.04.035,True,False,481.6226925410014,,,,16.81597874251275,,,,,,,,,,,
6a7d9fab7bffe6ebe23a400c,,,500.0,5.0,,,,,,,0.08,,0.1,0.3,10,25.0,500,,6a7d9f9f7bffe6ebe23a3f48,10.1016/j.apcata.2013.04.035,True,False,514.8606759456617,,,,13.666693881792337,,,,,,,,,,,
6a7d9fab7bffe6ebe23a400c,,,500.0,5.0,,,,,,,0.08,,0.1,0.3,10,25.0,500,,6a7d9f9f7bffe6ebe23a3f48,10.1016/j.apcata.2013.04.035,True,False,545.825287023691,,,,10.690719889556071,,,,,,,,,,,
6a7d9fab7bffe6ebe23a400c,,,500.0,5.0,,,,,,,0.08,,0.1,0.3,10,25.0,500,,6a7d9f9f7bffe6ebe23a3f48,10.1016/j.apcata.2013.04.035,True,False,573.3895786609087,,,,8.562002241536714,,,,,,,,,,,
6a7d9fab7bffe6ebe23a400c,,,500.0,5.0,,,,,,,0.08,,0.1,0.3,10,25.0,500,,6a7d9f9f7bffe6ebe23a3f48,10.1016/j.apcata.2013.04.035,True,False,599.0283211548843,,,,7.022244654083381,,,,,,,,,,,
6a7d9fab7bffe6ebe23a400c,,,500.0,5.0,,,,,,,0.08,,0.1,0.3,10,25.0,500,,6a7d9f9f7bffe6ebe23a3f48,10.1016/j.apcata.2013.04.035,True,False,630.3073643906973,,,,5.576008134848473,,,,,,,,,,,
6a7d9fab7bffe6ebe23a400c,,,500.0,5.0,,,,,,,0.08,,0.1,0.3,10,25.0,500,,6a7d9f9f7bffe6ebe23a3f48,10.1016/j.apcata.2013.04.035,True,False,660.122767670809,,,,4.512762656889014,,,,,,,,,,,
6a7d9fab7bffe6ebe23a4011,,0.0,500.0,5.0,,,Degussa,Printex-U,,0.02,0.08,1:4,0.1,0.3,10,25.0,500,,6a7d9f9f7bffe6ebe23a3f4b,10.1016/j.catcom.2011.04.021,True,True,250.0,,0.03602997694081475,,,,,,,,0.8586214287901512,,,,,
6a7d9fab7bffe6ebe23a4011,,0.0,500.0,5.0,,,Degussa,Printex-U,,0.02,0.08,1:4,0.1,0.3,10,25.0,500,,6a7d9f9f7bffe6ebe23a3f4b,10.1016/j.catcom.2011.04.021,True,True,275.0,,0.22338585703305147,,,,,,,,1.333098569984994,,,,,
6a7d9fab7bffe6ebe23a4011,,0.0,500.0,5.0,,,Degussa,Printex-U,,0.02,0.08,1:4,0.1,0.3,10,25.0,500,,6a7d9f9f7bffe6ebe23a3f4b,10.1016/j.catcom.2011.04.021,True,True,300.0,,0.7774468357673583,,,,,,,,0.669381755825702,,,,,
6a7d9fab7bffe6ebe23a4011,,0.0,500.0,5.0,,,Degussa,Printex-U,,0.02,0.08,1:4,0.1,0.3,10,25.0,500,,6a7d9f9f7bffe6ebe23a3f4b,10.1016/j.catcom.2011.04.021,True,True,325.0,,1.462817063797079,,,,,,,,0.098217839973052,,,,,
6a7d9fab7bffe6ebe23a4011,,0.0,500.0,5.0,,,Degussa,Printex-U,,0.02,0.08,1:4,0.1,0.3,10,25.0,500,,6a7d9f9f7bffe6ebe23a3f4b,10.1016/j.catcom.2011.04.021,True,True,350.0,,2.628586984370996,,,,,,,,-1.0583488991640393,,,,,
6a7d9fab7bffe6ebe23a4011,,0.0,500.0,5.0,,,Degussa,Printex-U,,0.02,0.08,1:4,0.1,0.3,10,25.0,500,,6a7d9f9f7bffe6ebe23a3f4b,10.1016/j.catcom.2011.04.021,True,True,375.0,,4.350019215987701,,,,,,,,-1.1293137765257075,,,,,
6a7d9fab7bffe6ebe23a4011,,0.0,500.0,5.0,,,Degussa,Printex-U,,0.02,0.08,1:4,0.1,0.3,10,25.0,500,,6a7d9f9f7bffe6ebe23a3f4b,10.1016/j.catcom.2011.04.021,True,True,400.0,,6.78964898795798,,,,,,,,0.1928376764552766,,,,,
6a7d9fab7bffe6ebe23a4011,,0.0,500.0,5.0,,,Degussa,Printex-U,,0.02,0.08,1:4,0.1,0.3,10,25.0,500,,6a7d9f9f7bffe6ebe23a3f4b,10.1016/j.catcom.2011.04.021,True,True,425.0,,11.059601588521648,,,,,,,,2.266895305753742,,,,,
6a7d9fab7bffe6ebe23a4011,,0.0,500.0,5.0,,,Degussa,Printex-U,,0.02,0.08,1:4,0.1,0.3,10,25.0,500,,6a7d9f9f7bffe6ebe23a3f4b,10.1016/j.catcom.2011.04.021,True,True,450.0,,17.31600691775557,,,,,,,,4.513657102611999,,,,,
6a7d9fab7bffe6ebe23a4011,,0.0,500.0,5.0,,,Degussa,Printex-U,,0.02,0.08,1:4,0.1,0.3,10,25.0,500,,6a7d9f9f7bffe6ebe23a3f4b,10.1016/j.catcom.2011.04.021,True,True,475.0,,25.847905457340502,,,,,,,,6.1265578589582645,,,,,
6a7d9fab7bffe6ebe23a4011,,0.0,500.0,5.0,,,Degussa,Printex-U,,0.02,0.08,1:4,0.1,0.3,10,25.0,500,,6a7d9f9f7bffe6ebe23a3f4b,10.1016/j.catcom.2011.04.021,True,True,500.0,,37.473578016910075,,,,,,,,6.914520623449796,,,,,
6a7d9fab7bffe6ebe23a4011,,0.0,500.0,5.0,,,Degussa,Printex-U,,0.02,0.08,1:4,0.1,0.3,10,25.0,500,,6a7d9f9f7bffe6ebe23a3f4b,10.1016/j.catcom.2011.04.021,True,True,525.0,,51.70862157314886,,,,,,,,6.0905012707842126,,,,,
6a7d9fab7bffe6ebe23a4011,,0.0,500.0,5.0,,,Degussa,Printex-U,,0.02,0.08,1:4,0.1,0.3,10,25.0,500,,6a7d9f9f7bffe6ebe23a3f4b,10.1016/j.catcom.2011.04.021,True,True,550.0,,66.46890212656932,,,,,,,,3.9349144134488796,,,,,
6a7d9fab7bffe6ebe23a4011,,0.0,500.0,5.0,,,Degussa,Printex-U,,0.02,0.08,1:4,0.1,0.3,10,25.0,500,,6a7d9f9f7bffe6ebe23a3f4b,10.1016/j.catcom.2011.04.021,True,True,575.0,,79.43248782987446,,,,,,,,2.081100529748598,,,,,
6a7d9fab7bffe6ebe23a4011,,0.0,500.0,5.0,,,Degussa,Printex-U,,0.02,0.08,1:4,0.1,0.3,10,25.0,500,,6a7d9f9f7bffe6ebe23a3f4b,10.1016/j.catcom.2011.04.021,True,True,600.0,,90.1782282859339,,,,,,,,0.6039287135989211,,,,,
6a7d9fab7bffe6ebe23a4011,,0.0,500.0,5.0,,,Degussa,Printex-U,,0.02,0.08,1:4,0.1,0.3,10,25.0,500,,6a7d9f9f7bffe6ebe23a3f4b,10.1016/j.catcom.2011.04.021,True,True,625.0,,97.39623366641045,,,,,,,,-0.7255718528952455,,,,,
6a7d9fab7bffe6ebe23a4011,,0.0,500.0,5.0,,,Degussa,Printex-U,,0.02,0.08,1:4,0.1,0.3,10,25.0,500,,6a7d9f9f7bffe6ebe23a3f4b,10.1016/j.catcom.2011.04.021,True,True,650.0,,99.7774148091212,,,,,,,,-0.7166151208010545,,,,,
6a7d9fab7bffe6ebe23a4012,,,500.0,5.0,,,,,,,0.08,,0.08,0.3,10,25.0,500,,6a7d9f9f7bffe6ebe23a3f4b,10.1016/j.catcom.2011.04.021,True,False,50.0,,,,0.08746143193799955,,,,,,0.0037678383597334886,,,,,
6a7d9fab7bffe6ebe23a4012,,,500.0,5.0,,,,,,,0.08,,0.08,0.3,10,25.0,500,,6a7d9f9f7bffe6ebe23a3f4b,10.1016/j.catcom.2011.04.021,True,False,100.0,,,,0.012957249175999932,,,,,,1.073362952729326,,,,,
6a7d9fab7bffe6ebe23a4012,,,500.0,5.0,,,,,,,0.08,,0.08,0.3,10,25.0,500,,6a7d9f9f7bffe6ebe23a3f4b,10.1016/j.catcom.2011.04.021,True,False,150.0,,,,0.030773466792999842,,,,,,2.83317895662276,,,,,
6a7d9fab7bffe6ebe23a4012,,,500.0,5.0,,,,,,,0.08,,0.08,0.3,10,25.0,500,,6a7d9f9f7bffe6ebe23a3f4b,10.1016/j.catcom.2011.04.021,True,False,200.0,,,,0.09151057230549953,,,,,,0.7815909697473966,,,,,
6a7d9fab7bffe6ebe23a4012,,,500.0,5.0,,,,,,,0.08,,0.08,0.3,10,25.0,500,,6a7d9f9f7bffe6ebe23a3f4b,10.1016/j.catcom.2011.04.021,True,False,250.0,,,,0.564450167229497,,,,,,-0.45826334050269324,,,,,
6a7d9fab7bffe6ebe23a4012,,,500.0,5.0,,,,,,,0.08,,0.08,0.3,10,25.0,500,,6a7d9f9f7bffe6ebe23a3f4b,10.1016/j.catcom.2011.04.021,True,False,275.0,,,,1.734651733436991,,,,,,2.052294456567811,,,,,
6a7d9fab7bffe6ebe23a4012,,,500.0,5.0,,,,,,,0.08,,0.08,0.3,10,25.0,500,,6a7d9f9f7bffe6ebe23a3f4b,10.1016/j.catcom.2011.04.021,True,False,300.0,,,,6.089907112719969,,,,,,2.817872113286338,,,,,
6a7d9fab7bffe6ebe23a4012,,,500.0,5.0,,,,,,,0.08,,0.08,0.3,10,25.0,500,,6a7d9f9f7bffe6ebe23a3f4b,10.1016/j.catcom.2011.04.021,True,False,325.0,,,,15.875059724820417,,,,,,0.3652448309967493,,,,,
6a7d9fab7bffe6ebe23a4012,,,500.0,5.0,,,,,,,0.08,,0.08,0.3,10,25.0,500,,6a7d9f9f7bffe6ebe23a3f4b,10.1016/j.catcom.2011.04.021,True,False,350.0,,,,28.68087105107586,,,,,,-3.1313091668367434,,,,,
6a7d9fab7bffe6ebe23a4012,,,500.0,5.0,,,,,,,0.08,,0.08,0.3,10,25.0,500,,6a7d9f9f7bffe6ebe23a3f4b,10.1016/j.catcom.2011.04.021,True,False,375.0,,,,41.0574734983763,,,,,,-7.238017489049722,,,,,
6a7d9fab7bffe6ebe23a4012,,,500.0,5.0,,,,,,,0.08,,0.08,0.3,10,25.0,500,,6a7d9f9f7bffe6ebe23a3f4b,10.1016/j.catcom.2011.04.021,True,False,400.0,,,,46.25252058987877,,,,,,-11.199428544515442,,,,,
6a7d9fab7bffe6ebe23a4012,,,500.0,5.0,,,,,,,0.08,,0.08,0.3,10,25.0,500,,6a7d9f9f7bffe6ebe23a3f4b,10.1016/j.catcom.2011.04.021,True,False,425.0,,,,42.92574686394079,,,,,,-11.839254595977833,,,,,
6a7d9fab7bffe6ebe23a4012,,,500.0,5.0,,,,,,,0.08,,0.08,0.3,10,25.0,500,,6a7d9f9f7bffe6ebe23a3f4b,10.1016/j.catcom.2011.04.021,True,False,450.0,,,,35.540924661694326,,,,,,-10.053299213463744,,,,,
6a7d9fab7bffe6ebe23a4012,,,500.0,5.0,,,,,,,0.08,,0.08,0.3,10,25.0,500,,6a7d9f9f7bffe6ebe23a3f4b,10.1016/j.catcom.2011.04.021,True,False,475.0,,,,27.960933893734364,,,,,,-7.804841672292261,,,,,
6a7d9fab7bffe6ebe23a4012,,,500.0,5.0,,,,,,,0.08,,0.08,0.3,10,25.0,500,,6a7d9f9f7bffe6ebe23a3f4b,10.1016/j.catcom.2011.04.021,True,False,500.0,,,,21.12679478146789,,,,,,-5.524357505063032,,,,,
6a7d9fab7bffe6ebe23a4012,,,500.0,5.0,,,,,,,0.08,,0.08,0.3,10,25.0,500,,6a7d9f9f7bffe6ebe23a3f4b,10.1016/j.catcom.2011.04.021,True,False,525.0,,,,16.075897087048418,,,,,,-3.888409187245868,,,,,
6a7d9fab7bffe6ebe23a4012,,,500.0,5.0,,,,,,,0.08,,0.08,0.3,10,25.0,500,,6a7d9f9f7bffe6ebe23a3f4b,10.1016/j.catcom.2011.04.021,True,False,550.0,,,,12.073726747811438,,,,,,-2.833414446520244,,,,,
6a7d9fab7bffe6ebe23a4012,,,500.0,5.0,,,,,,,0.08,,0.08,0.3,10,25.0,500,,6a7d9f9f7bffe6ebe23a3f4b,10.1016/j.catcom.2011.04.021,True,False,575.0,,,,9.222322101017951,,,,,,-2.1170541783757475,,,,,
6a7d9fab7bffe6ebe23a4012,,,500.0,5.0,,,,,,,0.08,,0.08,0.3,10,25.0,500,,6a7d9f9f7bffe6ebe23a3f4b,10.1016/j.catcom.2011.04.021,True,False,600.0,,,,7.004203007701464,,,,,,-1.5726015353941314,,,,,
6a7d9fab7bffe6ebe23a4012,,,500.0,5.0,,,,,,,0.08,,0.08,0.3,10,25.0,500,,6a7d9f9f7bffe6ebe23a3f4b,10.1016/j.catcom.2011.04.021,True,False,625.0,,,,5.284938007660973,,,,,,-1.1689718511075888,,,,,
6a7d9fab7bffe6ebe23a4012,,,500.0,5.0,,,,,,,0.08,,0.08,0.3,10,25.0,500,,6a7d9f9f7bffe6ebe23a3f4b,10.1016/j.catcom.2011.04.021,True,False,650.0,,,,4.075864693925479,,,,,,-0.8560057773521521,,,,,
6a7d9fab7bffe6ebe23a4015,,0.0,500.0,5.0,,,Degussa,Printex-U,,0.02,0.08,1:4,0.1,0.3,10,25.0,500,,6a7d9fa07bffe6ebe23a3f4d,10.1016/j.catcom.2011.04.021,True,True,250.0,,0.04083397386625672,,,,,,,,-0.21710506170193344,,,,,
6a7d9fab7bffe6ebe23a4015,,0.0,500.0,5.0,,,Degussa,Printex-U,,0.02,0.08,1:4,0.1,0.3,10,25.0,500,,6a7d9fa07bffe6ebe23a3f4d,10.1016/j.catcom.2011.04.021,True,True,275.0,,0.028023315398411474,,,,,,,,-0.05818048197936232,,,,,
6a7d9fab7bffe6ebe23a4015,,0.0,500.0,5.0,,,Degussa,Printex-U,,0.02,0.08,1:4,0.1,0.3,10,25.0,500,,6a7d9fa07bffe6ebe23a3f4d,10.1016/j.catcom.2011.04.021,True,True,300.0,,0.034428644632334096,,,,,,,,0.06560614875830506,,,,,
6a7d9fab7bffe6ebe23a4015,,0.0,500.0,5.0,,,Degussa,Printex-U,,0.02,0.08,1:4,0.1,0.3,10,25.0,500,,6a7d9fa07bffe6ebe23a3f4d,10.1016/j.catcom.2011.04.021,True,True,325.0,,0.0920766077376377,,,,,,,,0.11934654132345202,,,,,
6a7d9fab7bffe6ebe23a4015,,0.0,500.0,5.0,,,Degussa,Printex-U,,0.02,0.08,1:4,0.1,0.3,10,25.0,500,,6a7d9fa07bffe6ebe23a3f4d,10.1016/j.catcom.2011.04.021,True,True,350.0,,0.06485395849346655,,,,,,,,0.2380806565208058,,,,,
6a7d9fab7bffe6ebe23a4015,,0.0,500.0,5.0,,,Degussa,Printex-U,,0.02,0.08,1:4,0.1,0.3,10,25.0,500,,6a7d9fa07bffe6ebe23a3f4d,10.1016/j.catcom.2011.04.021,True,True,375.0,,0.2273891878042531,,,,,,,,0.41790427779648986,,,,,
6a7d9fab7bffe6ebe23a4015,,0.0,500.0,5.0,,,Degussa,Printex-U,,0.02,0.08,1:4,0.1,0.3,10,25.0,500,,6a7d9fa07bffe6ebe23a3f4d,10.1016/j.catcom.2011.04.021,True,True,400.0,,0.7798488342300793,,,,,,,,0.627583672719477,,,,,
6a7d9fab7bffe6ebe23a4015,,0.0,500.0,5.0,,,Degussa,Printex-U,,0.02,0.08,1:4,0.1,0.3,10,25.0,500,,6a7d9fa07bffe6ebe23a3f4d,10.1016/j.catcom.2011.04.021,True,True,425.0,,1.462817063797079,,,,,,,,0.8466791193312293,,,,,
6a7d9fab7bffe6ebe23a4015,,0.0,500.0,5.0,,,Degussa,Printex-U,,0.02,0.08,1:4,0.1,0.3,10,25.0,500,,6a7d9fa07bffe6ebe23a3f4d,10.1016/j.catcom.2011.04.021,True,True,450.0,,2.1377786318216754,,,,,,,,1.2901521878923345,,,,,
6a7d9fab7bffe6ebe23a4015,,0.0,500.0,5.0,,,Degussa,Printex-U,,0.02,0.08,1:4,0.1,0.3,10,25.0,500,,6a7d9fa07bffe6ebe23a3f4d,10.1016/j.catcom.2011.04.021,True,True,475.0,,3.51652574942352,,,,,,,,1.6762103071317007,,,,,
6a7d9fab7bffe6ebe23a4015,,0.0,500.0,5.0,,,Degussa,Printex-U,,0.02,0.08,1:4,0.1,0.3,10,25.0,500,,6a7d9fa07bffe6ebe23a3f4d,10.1016/j.catcom.2011.04.021,True,True,500.0,,5.76239431206764,,,,,,,,2.567979299996937,,,,,
6a7d9fab7bffe6ebe23a4015,,0.0,500.0,5.0,,,Degussa,Printex-U,,0.02,0.08,1:4,0.1,0.3,10,25.0,500,,6a7d9fa07bffe6ebe23a3f4d,10.1016/j.catcom.2011.04.021,True,True,525.0,,9.857001024852677,,,,,,,,4.401353461738678,,,,,
6a7d9fab7bffe6ebe23a4015,,0.0,500.0,5.0,,,Degussa,Printex-U,,0.02,0.08,1:4,0.1,0.3,10,25.0,500,,6a7d9fa07bffe6ebe23a3f4d,10.1016/j.catcom.2011.04.021,True,True,550.0,,17.713937996413012,,,,,,,,8.76948280613651,,,,,
6a7d9fab7bffe6ebe23a4015,,0.0,500.0,5.0,,,Degussa,Printex-U,,0.02,0.08,1:4,0.1,0.3,10,25.0,500,,6a7d9fa07bffe6ebe23a3f4d,10.1016/j.catcom.2011.04.021,True,True,575.0,,38.624135280553425,,,,,,,,19.514116422206573,,,,,
6a7d9fab7bffe6ebe23a4015,,0.0,500.0,5.0,,,Degussa,Printex-U,,0.02,0.08,1:4,0.1,0.3,10,25.0,500,,6a7d9fa07bffe6ebe23a3f4d,10.1016/j.catcom.2011.04.021,True,True,600.0,,77.88800281834487,,,,,,,,13.008543344459074,,,,,
6a7d9fab7bffe6ebe23a4015,,0.0,500.0,5.0,,,Degussa,Printex-U,,0.02,0.08,1:4,0.1,0.3,10,25.0,500,,6a7d9fa07bffe6ebe23a3f4d,10.1016/j.catcom.2011.04.021,True,True,625.0,,95.70762874711761,,,,,,,,2.3633524206142624,,,,,
6a7d9fab7bffe6ebe23a4015,,0.0,500.0,5.0,,,Degussa,Printex-U,,0.02,0.08,1:4,0.1,0.3,10,25.0,500,,6a7d9fa07bffe6ebe23a3f4d,10.1016/j.catcom.2011.04.021,True,True,650.0,,99.6324942352037,,,,,,,,-0.03682212083167524,,,,,
6a7d9fab7bffe6ebe23a4016,,,500.0,5.0,,,,,,,0.08,,0.08,0.3,10,25.0,500,,6a7d9fa07bffe6ebe23a3f4d,10.1016/j.catcom.2011.04.021,True,False,50.0,,,,0.04049140367499979,,,,,,-0.12033533761401749,,,,,
6a7d9fab7bffe6ebe23a4016,,,500.0,5.0,,,,,,,0.08,,0.08,0.3,10,25.0,500,,6a7d9fa07bffe6ebe23a3f4d,10.1016/j.catcom.2011.04.021,True,False,100.0,,,,0.042920887895499776,,,,,,-0.3468766189930452,,,,,
6a7d9fab7bffe6ebe23a4016,,,500.0,5.0,,,,,,,0.08,,0.08,0.3,10,25.0,500,,6a7d9fa07bffe6ebe23a3f4d,10.1016/j.catcom.2011.04.021,True,False,150.0,,,,0.05344865285099972,,,,,,-0.2682229932335911,,,,,
6a7d9fab7bffe6ebe23a4016,,,500.0,5.0,,,,,,,0.08,,0.08,0.3,10,25.0,500,,6a7d9fa07bffe6ebe23a3f4d,10.1016/j.catcom.2011.04.021,True,False,200.0,,,,0.14576905322999925,,,,,,0.276229649748025,,,,,
6a7d9fab7bffe6ebe23a4016,,,500.0,5.0,,,,,,,0.08,,0.08,0.3,10,25.0,500,,6a7d9fa07bffe6ebe23a3f4d,10.1016/j.catcom.2011.04.021,True,False,250.0,,,,0.8551784456159955,,,,,,0.6021476678650473,,,,,
6a7d9fab7bffe6ebe23a4016,,,500.0,5.0,,,,,,,0.08,,0.08,0.3,10,25.0,500,,6a7d9fa07bffe6ebe23a3f4d,10.1016/j.catcom.2011.04.021,True,False,275.0,,,,1.3127313071434932,,,,,,-1.007661271331461,,,,,
6a7d9fab7bffe6ebe23a4016,,,500.0,5.0,,,,,,,0.08,,0.08,0.3,10,25.0,500,,6a7d9fa07bffe6ebe23a3f4d,10.1016/j.catcom.2011.04.021,True,False,300.0,,,,1.4844148587254924,,,,,,-1.2959009058511395,,,,,
6a7d9fab7bffe6ebe23a4016,,,500.0,5.0,,,,,,,0.08,,0.08,0.3,10,25.0,500,,6a7d9fa07bffe6ebe23a3f4d,10.1016/j.catcom.2011.04.021,True,False,325.0,,,,1.4649789849614925,,,,,,-1.1141027049939556,,,,,
6a7d9fab7bffe6ebe23a4016,,,500.0,5.0,,,,,,,0.08,,0.08,0.3,10,25.0,500,,6a7d9fa07bffe6ebe23a3f4d,10.1016/j.catcom.2011.04.021,True,False,350.0,,,,1.4520217357854925,,,,,,-0.9226494183399545,,,,,
6a7d9fab7bffe6ebe23a4016,,,500.0,5.0,,,,,,,0.08,,0.08,0.3,10,25.0,500,,6a7d9fa07bffe6ebe23a3f4d,10.1016/j.catcom.2011.04.021,True,False,375.0,,,,2.1557623316569887,,,,,,-0.9280656859820713,,,,,
6a7d9fab7bffe6ebe23a4016,,,500.0,5.0,,,,,,,0.08,,0.08,0.3,10,25.0,500,,6a7d9fa07bffe6ebe23a3f4d,10.1016/j.catcom.2011.04.021,True,False,400.0,,,,2.9769279981859844,,,,,,-0.9000423881815482,,,,,
6a7d9fab7bffe6ebe23a4016,,,500.0,5.0,,,,,,,0.08,,0.08,0.3,10,25.0,500,,6a7d9fa07bffe6ebe23a3f4d,10.1016/j.catcom.2011.04.021,True,False,425.0,,,,4.076674521998979,,,,,,-0.9925899178925235,,,,,
6a7d9fab7bffe6ebe23a4016,,,500.0,5.0,,,,,,,0.08,,0.08,0.3,10,25.0,500,,6a7d9fa07bffe6ebe23a3f4d,10.1016/j.catcom.2011.04.021,True,False,450.0,,,,5.433136545111472,,,,,,-1.4214170212097912,,,,,
6a7d9fab7bffe6ebe23a4016,,,500.0,5.0,,,,,,,0.08,,0.08,0.3,10,25.0,500,,6a7d9fa07bffe6ebe23a3f4d,10.1016/j.catcom.2011.04.021,True,False,475.0,,,,6.231627025582468,,,,,,-1.4282462282368087,,,,,
6a7d9fab7bffe6ebe23a4016,,,500.0,5.0,,,,,,,0.08,,0.08,0.3,10,25.0,500,,6a7d9fa07bffe6ebe23a3f4d,10.1016/j.catcom.2011.04.021,True,False,500.0,,,,6.333665362843467,,,,,,-1.4124684051054217,,,,,
6a7d9fab7bffe6ebe23a4016,,,500.0,5.0,,,,,,,0.08,,0.08,0.3,10,25.0,500,,6a7d9fa07bffe6ebe23a3f4d,10.1016/j.catcom.2011.04.021,True,False,525.0,,,,6.163601467408468,,,,,,-1.46568912193667,,,,,
6a7d9fab7bffe6ebe23a4016,,,500.0,5.0,,,,,,,0.08,,0.08,0.3,10,25.0,500,,6a7d9fa07bffe6ebe23a3f4d,10.1016/j.catcom.2011.04.021,True,False,550.0,,,,6.250253071272968,,,,,,-1.3460602540151037,,,,,
6a7d9fab7bffe6ebe23a4016,,,500.0,5.0,,,,,,,0.08,,0.08,0.3,10,25.0,500,,6a7d9fa07bffe6ebe23a3f4d,10.1016/j.catcom.2011.04.021,True,False,575.0,,,,5.80808694314197,,,,,,-1.2153633609118177,,,,,
6a7d9fab7bffe6ebe23a4016,,,500.0,5.0,,,,,,,0.08,,0.08,0.3,10,25.0,500,,6a7d9fa07bffe6ebe23a3f4d,10.1016/j.catcom.2011.04.021,True,False,600.0,,,,5.227440214442473,,,,,,-1.1701493005950052,,,,,
6a7d9fab7bffe6ebe23a4016,,,500.0,5.0,,,,,,,0.08,,0.08,0.3,10,25.0,500,,6a7d9fa07bffe6ebe23a3f4d,10.1016/j.catcom.2011.04.021,True,False,625.0,,,,4.320432772122477,,,,,,-0.9881156098403387,,,,,
6a7d9fab7bffe6ebe23a4016,,,500.0,5.0,,,,,,,0.08,,0.08,0.3,10,25.0,500,,6a7d9fa07bffe6ebe23a3f4d,10.1016/j.catcom.2011.04.021,True,False,650.0,,,,3.257938339690483,,,,,,-0.816678964472425,,,,,
6a7d9fab7bffe6ebe23a4017,no soot,,500.0,5.0,,,,,,,0.08,,0.08,0.3,10,,500,,6a7d9fa07bffe6ebe23a3f4e,10.1007/s11144-013-0644-4,True,False,50.0,,,,0.022187139992324134,,,,,,-0.006424453498794946,,,,,
6a7d9fab7bffe6ebe23a4017,no soot,,500.0,5.0,,,,,,,0.08,,0.08,0.3,10,,500,,6a7d9fa07bffe6ebe23a3f4e,10.1007/s11144-013-0644-4,True,False,100.0,,,,0.0008533515381703438,,,,,,0.30803563881045193,,,,,
6a7d9fab7bffe6ebe23a4017,no soot,,500.0,5.0,,,,,,,0.08,,0.08,0.3,10,,500,,6a7d9fa07bffe6ebe23a3f4e,10.1007/s11144-013-0644-4,True,False,150.0,,,,0.20949780261979356,,,,,,1.3843006644237335,,,,,
6a7d9fab7bffe6ebe23a4017,no soot,,500.0,5.0,,,,,,,0.08,,0.08,0.3,10,,500,,6a7d9fa07bffe6ebe23a3f4e,10.1007/s11144-013-0644-4,True,False,200.0,,,,0.6302001109357036,,,,,,-1.129351299261188,,,,,
6a7d9fab7bffe6ebe23a4017,no soot,,500.0,5.0,,,,,,,0.08,,0.08,0.3,10,,500,,6a7d9fa07bffe6ebe23a3f4e,10.1007/s11144-013-0644-4,True,False,250.0,,,,0.8251909374066688,,,,,,1.6642715853184313,,,,,
6a7d9fab7bffe6ebe23a4017,no soot,,500.0,5.0,,,,,,,0.08,,0.08,0.3,10,,500,,6a7d9fa07bffe6ebe23a3f4e,10.1007/s11144-013-0644-4,True,False,300.0,,,,4.32094551350429,,,,,,0.5464166765287644,,,,,
6a7d9fab7bffe6ebe23a4017,no soot,,500.0,5.0,,,,,,,0.08,,0.08,0.3,10,,500,,6a7d9fa07bffe6ebe23a3f4e,10.1007/s11144-013-0644-4,True,False,350.0,,,,13.01105090241925,,,,,,-2.733097770038384,,,,,
6a7d9fab7bffe6ebe23a4017,no soot,,500.0,5.0,,,,,,,0.08,,0.08,0.3,10,,500,,6a7d9fa07bffe6ebe23a3f4e,10.1007/s11144-013-0644-4,True,False,400.0,,,,23.76754704100354,,,,,,-6.308813335812957,,,,,
6a7d9fab7bffe6ebe23a4017,no soot,,500.0,5.0,,,,,,,0.08,,0.08,0.3,10,,500,,6a7d9fa07bffe6ebe23a3f4e,10.1007/s11144-013-0644-4,True,False,450.0,,,,25.141869693220123,,,,,,-6.8768702767586944,,,,,
6a7d9fab7bffe6ebe23a4017,no soot,,500.0,5.0,,,,,,,0.08,,0.08,0.3,10,,500,,6a7d9fa07bffe6ebe23a3f4e,10.1007/s11144-013-0644-4,True,False,500.0,,,,16.80419848956778,,,,,,-4.170484708110038,,,,,
6a7d9fab7bffe6ebe23a4017,no soot,,500.0,5.0,,,,,,,0.08,,0.08,0.3,10,,500,,6a7d9fa07bffe6ebe23a3f4e,10.1007/s11144-013-0644-4,True,False,550.0,,,,10.130136109570337,,,,,,-2.4835584709800713,,,,,
6a7d9fab7bffe6ebe23a4017,no soot,,500.0,5.0,,,,,,,0.08,,0.08,0.3,10,,500,,6a7d9fa07bffe6ebe23a3f4e,10.1007/s11144-013-0644-4,True,False,600.0,,,,6.610914366173146,,,,,,-1.0268981724120465,,,,,
6a7d9fab7bffe6ebe23a4017,no soot,,500.0,5.0,,,,,,,0.08,,0.08,0.3,10,,500,,6a7d9fa07bffe6ebe23a3f4e,10.1007/s11144-013-0644-4,True,False,650.0,,,,4.524469855356916,,,,,,-0.038884850124262016,,,,,
6a7d9fab7bffe6ebe23a4018,soot + NOx + O2,0.0,500.0,5.0,,,Degussa,Printex-U,,0.02,0.08,1:4,0.1,0.3,10,,500,,6a7d9fa07bffe6ebe23a3f4e,10.1007/s11144-013-0644-4,True,True,250.0,,0.01679782972040012,,,,,,,,,,,,,
6a7d9fab7bffe6ebe23a4018,soot + NOx + O2,0.0,500.0,5.0,,,Degussa,Printex-U,,0.02,0.08,1:4,0.1,0.3,10,,500,,6a7d9fa07bffe6ebe23a3f4e,10.1007/s11144-013-0644-4,True,True,300.0,,0.6794722121901849,,,,,,,,,,,,,
6a7d9fab7bffe6ebe23a4018,soot + NOx + O2,0.0,500.0,5.0,,,Degussa,Printex-U,,0.02,0.08,1:4,0.1,0.3,10,,500,,6a7d9fa07bffe6ebe23a3f4e,10.1007/s11144-013-0644-4,True,True,350.0,,1.1867666697462687,,,,,,,,,,,,,
6a7d9fab7bffe6ebe23a4018,soot + NOx + O2,0.0,500.0,5.0,,,Degussa,Printex-U,,0.02,0.08,1:4,0.1,0.3,10,,500,,6a7d9fa07bffe6ebe23a3f4e,10.1007/s11144-013-0644-4,True,True,400.0,,3.5888563197634857,,,,,,,,,,,,,
6a7d9fab7bffe6ebe23a4018,soot + NOx + O2,0.0,500.0,5.0,,,Degussa,Printex-U,,0.02,0.08,1:4,0.1,0.3,10,,500,,6a7d9fa07bffe6ebe23a3f4e,10.1007/s11144-013-0644-4,True,True,450.0,,15.626181097402213,,,,,,,,,,,,,
6a7d9fab7bffe6ebe23a4018,soot + NOx + O2,0.0,500.0,5.0,,,Degussa,Printex-U,,0.02,0.08,1:4,0.1,0.3,10,,500,,6a7d9fa07bffe6ebe23a3f4e,10.1007/s11144-013-0644-4,True,True,500.0,,47.831820128839354,,,,,,,,,,,,,
6a7d9fab7bffe6ebe23a4018,soot + NOx + O2,0.0,500.0,5.0,,,Degussa,Printex-U,,0.02,0.08,1:4,0.1,0.3,10,,500,,6a7d9fa07bffe6ebe23a3f4e,10.1007/s11144-013-0644-4,True,True,550.0,,87.30755986326567,,,,,,,,,,,,,
6a7d9fab7bffe6ebe23a4018,soot + NOx + O2,0.0,500.0,5.0,,,Degussa,Printex-U,,0.02,0.08,1:4,0.1,0.3,10,,500,,6a7d9fa07bffe6ebe23a3f4e,10.1007/s11144-013-0644-4,True,True,600.0,,99.03916413999312,,,,,,,,,,,,,
6a7d9fab7bffe6ebe23a4018,soot + NOx + O2,0.0,500.0,5.0,,,Degussa,Printex-U,,0.02,0.08,1:4,0.1,0.3,10,,500,,6a7d9fa07bffe6ebe23a3f4e,10.1007/s11144-013-0644-4,True,True,650.0,,99.958005425699,,,,,,,,,,,,,
6a7d9fab7bffe6ebe23a4019,soot + O2,0.0,,5.0,,,Degussa,Printex-U,,0.02,0.08,1:4,0.1,0.3,10,,500,,6a7d9fa07bffe6ebe23a3f4e,10.1007/s11144-013-0644-4,False,True,350.0,,0.006147738949439237,,,,,,,,,,,,,
6a7d9fab7bffe6ebe23a4019,soot + O2,0.0,,5.0,,,Degussa,Printex-U,,0.02,0.08,1:4,0.1,0.3,10,,500,,6a7d9fa07bffe6ebe23a3f4e,10.1007/s11144-013-0644-4,False,True,400.0,,1.4482316468036145,,,,,,,,,,,,,
6a7d9fab7bffe6ebe23a4019,soot + O2,0.0,,5.0,,,Degussa,Printex-U,,0.02,0.08,1:4,0.1,0.3,10,,500,,6a7d9fa07bffe6ebe23a3f4e,10.1007/s11144-013-0644-4,False,True,450.0,,3.5929142917365597,,,,,,,,,,,,,
6a7d9fab7bffe6ebe23a4019,soot + O2,0.0,,5.0,,,Degussa,Printex-U,,0.02,0.08,1:4,0.1,0.3,10,,500,,6a7d9fa07bffe6ebe23a3f4e,10.1007/s11144-013-0644-4,False,True,500.0,,10.625927649895047,,,,,,,,,,,,,
6a7d9fab7bffe6ebe23a4019,soot + O2,0.0,,5.0,,,Degussa,Printex-U,,0.02,0.08,1:4,0.1,0.3,10,,500,,6a7d9fa07bffe6ebe23a3f4e,10.1007/s11144-013-0644-4,False,True,550.0,,41.659713866664326,,,,,,,,,,,,,
6a7d9fab7bffe6ebe23a4019,soot + O2,0.0,,5.0,,,Degussa,Printex-U,,0.02,0.08,1:4,0.1,0.3,10,,500,,6a7d9fa07bffe6ebe23a3f4e,10.1007/s11144-013-0644-4,False,True,575.0,,71.26371165347831,,,,,,,,,,,,,
6a7d9fab7bffe6ebe23a4019,soot + O2,0.0,,5.0,,,Degussa,Printex-U,,0.02,0.08,1:4,0.1,0.3,10,,500,,6a7d9fa07bffe6ebe23a3f4e,10.1007/s11144-013-0644-4,False,True,600.0,,92.52434943748189,,,,,,,,,,,,,
6a7d9fab7bffe6ebe23a4019,soot + O2,0.0,,5.0,,,Degussa,Printex-U,,0.02,0.08,1:4,0.1,0.3,10,,500,,6a7d9fa07bffe6ebe23a3f4e,10.1007/s11144-013-0644-4,False,True,650.0,,99.9982435031573,,,,,,,,,,,,,
6a7d9fab7bffe6ebe23a401a,no soot,,500.0,5.0,,,,,,,0.08,,0.08,0.3,10,,500,,6a7d9fa07bffe6ebe23a3f4f,10.1007/s11144-013-0644-4,True,False,50.0,,,,0.017920382301491955,,,,,,0.05849633975213919,,,,,
6a7d9fab7bffe6ebe23a401a,no soot,,500.0,5.0,,,,,,,0.08,,0.08,0.3,10,,500,,6a7d9fa07bffe6ebe23a3f4f,10.1007/s11144-013-0644-4,True,False,100.0,,,,0.9327132312156028,,,,,,5.044210383945639,,,,,
6a7d9fab7bffe6ebe23a401a,no soot,,500.0,5.0,,,,,,,0.08,,0.08,0.3,10,,500,,6a7d9fa07bffe6ebe23a3f4f,10.1007/s11144-013-0644-4,True,False,150.0,,,,16.09207663096813,,,,,,-2.611371282692872,,,,,
6a7d9fab7bffe6ebe23a401a,no soot,,500.0,5.0,,,,,,,0.08,,0.08,0.3,10,,500,,6a7d9fa07bffe6ebe23a3f4f,10.1007/s11144-013-0644-4,True,False,200.0,,,,5.242991850492812,,,,,,-1.293682057177648,,,,,
6a7d9fab7bffe6ebe23a401a,no soot,,500.0,5.0,,,,,,,0.08,,0.08,0.3,10,,500,,6a7d9fa07bffe6ebe23a3f4f,10.1007/s11144-013-0644-4,True,False,250.0,,,,3.337884541536889,,,,,,1.5466026475510972,,,,,
6a7d9fab7bffe6ebe23a401a,no soot,,500.0,5.0,,,,,,,0.08,,0.08,0.3,10,,500,,6a7d9fa07bffe6ebe23a3f4f,10.1007/s11144-013-0644-4,True,False,300.0,,,,9.946238853095533,,,,,,7.110517506635787,,,,,
6a7d9fab7bffe6ebe23a401a,no soot,,500.0,5.0,,,,,,,0.08,,0.08,0.3,10,,500,,6a7d9fa07bffe6ebe23a3f4f,10.1007/s11144-013-0644-4,True,False,350.0,,,,40.57686563980032,,,,,,-4.210045816497328,,,,,
6a7d9fab7bffe6ebe23a401a,no soot,,500.0,5.0,,,,,,,0.08,,0.08,0.3,10,,500,,6a7d9fa07bffe6ebe23a3f4f,10.1007/s11144-013-0644-4,True,False,400.0,,,,41.656355335580486,,,,,,-10.128996263673102,,,,,
6a7d9fab7bffe6ebe23a401a,no soot,,500.0,5.0,,,,,,,0.08,,0.08,0.3,10,,500,,6a7d9fa07bffe6ebe23a3f4f,10.1007/s11144-013-0644-4,True,False,450.0,,,,26.581900413875495,,,,,,-8.580026712201388,,,,,
6a7d9fab7bffe6ebe23a401a,no soot,,500.0,5.0,,,,,,,0.08,,0.08,0.3,10,,500,,6a7d9fa07bffe6ebe23a3f4f,10.1007/s11144-013-0644-4,True,False,500.0,,,,16.402269915091523,,,,,,-7.121337638844281,,,,,
6a7d9fab7bffe6ebe23a401a,no soot,,500.0,5.0,,,,,,,0.08,,0.08,0.3,10,,500,,6a7d9fa07bffe6ebe23a3f4f,10.1007/s11144-013-0644-4,True,False,550.0,,,,9.170115629133422,,,,,,-3.4005646756496333,,,,,
6a7d9fab7bffe6ebe23a401a,no soot,,500.0,5.0,,,,,,,0.08,,0.08,0.3,10,,500,,6a7d9fa07bffe6ebe23a3f4f,10.1007/s11144-013-0644-4,True,False,600.0,,,,5.3744079873703985,,,,,,-1.300782768939456,,,,,
6a7d9fab7bffe6ebe23a401a,no soot,,500.0,5.0,,,,,,,0.08,,0.08,0.3,10,,500,,6a7d9fa07bffe6ebe23a3f4f,10.1007/s11144-013-0644-4,True,False,650.0,,,,2.9598498101292856,,,,,,-0.7043229809464293,,,,,
6a7d9fab7bffe6ebe23a401b,soot + NOx + O2,0.0,500.0,5.0,,,Degussa,Printex-U,,0.02,0.08,1:4,0.1,0.3,10,,500,,6a7d9fa07bffe6ebe23a3f4f,10.1007/s11144-013-0644-4,True,True,250.0,,0.2351696160856017,,,,,,,,,,,,,
6a7d9fab7bffe6ebe23a401b,soot + NOx + O2,0.0,500.0,5.0,,,Degussa,Printex-U,,0.02,0.08,1:4,0.1,0.3,10,,500,,6a7d9fa07bffe6ebe23a3f4f,10.1007/s11144-013-0644-4,True,True,300.0,,1.967865751744874,,,,,,,,,,,,,
6a7d9fab7bffe6ebe23a401b,soot + NOx + O2,0.0,500.0,5.0,,,Degussa,Printex-U,,0.02,0.08,1:4,0.1,0.3,10,,500,,6a7d9fa07bffe6ebe23a3f4f,10.1007/s11144-013-0644-4,True,True,350.0,,4.15746285579903,,,,,,,,,,,,,
6a7d9fab7bffe6ebe23a401b,soot + NOx + O2,0.0,500.0,5.0,,,Degussa,Printex-U,,0.02,0.08,1:4,0.1,0.3,10,,500,,6a7d9fa07bffe6ebe23a3f4f,10.1007/s11144-013-0644-4,True,True,400.0,,11.02693531995666,,,,,,,,,,,,,
6a7d9fab7bffe6ebe23a401b,soot + NOx + O2,0.0,500.0,5.0,,,Degussa,Printex-U,,0.02,0.08,1:4,0.1,0.3,10,,500,,6a7d9fa07bffe6ebe23a3f4f,10.1007/s11144-013-0644-4,True,True,450.0,,28.992214205924597,,,,,,,,,,,,,
6a7d9fab7bffe6ebe23a401b,soot + NOx + O2,0.0,500.0,5.0,,,Degussa,Printex-U,,0.02,0.08,1:4,0.1,0.3,10,,500,,6a7d9fa07bffe6ebe23a3f4f,10.1007/s11144-013-0644-4,True,True,500.0,,60.95344481492991,,,,,,,,,,,,,
6a7d9fab7bffe6ebe23a401b,soot + NOx + O2,0.0,500.0,5.0,,,Degussa,Printex-U,,0.02,0.08,1:4,0.1,0.3,10,,500,,6a7d9fa07bffe6ebe23a3f4f,10.1007/s11144-013-0644-4,True,True,550.0,,89.0469751308131,,,,,,,,,,,,,
6a7d9fab7bffe6ebe23a401b,soot + NOx + O2,0.0,500.0,5.0,,,Degussa,Printex-U,,0.02,0.08,1:4,0.1,0.3,10,,500,,6a7d9fa07bffe6ebe23a3f4f,10.1007/s11144-013-0644-4,True,True,600.0,,98.19171363059893,,,,,,,,,,,,,
6a7d9fab7bffe6ebe23a401b,soot + NOx + O2,0.0,500.0,5.0,,,Degussa,Printex-U,,0.02,0.08,1:4,0.1,0.3,10,,500,,6a7d9fa07bffe6ebe23a3f4f,10.1007/s11144-013-0644-4,True,True,650.0,,99.97312347244736,,,,,,,,,,,,,
6a7d9fab7bffe6ebe23a401c,soot + O2,0.0,,5.0,,,Degussa,Printex-U,,0.02,0.08,1:4,0.1,0.3,10,,500,,6a7d9fa07bffe6ebe23a3f4f,10.1007/s11144-013-0644-4,False,True,350.0,,2.1490738870396875,,,,,,,,,,,,,
6a7d9fab7bffe6ebe23a401c,soot + O2,0.0,,5.0,,,Degussa,Printex-U,,0.02,0.08,1:4,0.1,0.3,10,,500,,6a7d9fa07bffe6ebe23a3f4f,10.1007/s11144-013-0644-4,False,True,400.0,,3.4216558495736096,,,,,,,,,,,,,
6a7d9fab7bffe6ebe23a401c,soot + O2,0.0,,5.0,,,Degussa,Printex-U,,0.02,0.08,1:4,0.1,0.3,10,,500,,6a7d9fa07bffe6ebe23a3f4f,10.1007/s11144-013-0644-4,False,True,450.0,,6.102948279950465,,,,,,,,,,,,,
6a7d9fab7bffe6ebe23a401c,soot + O2,0.0,,5.0,,,Degussa,Printex-U,,0.02,0.08,1:4,0.1,0.3,10,,500,,6a7d9fa07bffe6ebe23a3f4f,10.1007/s11144-013-0644-4,False,True,500.0,,11.974038976664938,,,,,,,,,,,,,
6a7d9fab7bffe6ebe23a401c,soot + O2,0.0,,5.0,,,Degussa,Printex-U,,0.02,0.08,1:4,0.1,0.3,10,,500,,6a7d9fa07bffe6ebe23a3f4f,10.1007/s11144-013-0644-4,False,True,550.0,,38.49889779823121,,,,,,,,,,,,,
6a7d9fab7bffe6ebe23a401c,soot + O2,0.0,,5.0,,,Degussa,Printex-U,,0.02,0.08,1:4,0.1,0.3,10,,500,,6a7d9fa07bffe6ebe23a3f4f,10.1007/s11144-013-0644-4,False,True,575.0,,67.95886284394405,,,,,,,,,,,,,
6a7d9fab7bffe6ebe23a401c,soot + O2,0.0,,5.0,,,Degussa,Printex-U,,0.02,0.08,1:4,0.1,0.3,10,,500,,6a7d9fa07bffe6ebe23a3f4f,10.1007/s11144-013-0644-4,False,True,600.0,,89.3477248974645,,,,,,,,,,,,,
6a7d9fab7bffe6ebe23a401c,soot + O2,0.0,,5.0,,,Degussa,Printex-U,,0.02,0.08,1:4,0.1,0.3,10,,500,,6a7d9fa07bffe6ebe23a3f4f,10.1007/s11144-013-0644-4,False,True,650.0,,99.99385226105056,,,,,,,,,,,,,
6a7d9fab7bffe6ebe23a401d,,1.0,2000.0,10.0,,,,,,0.015,0.15,1:10,0.165,0.0,3,100.0,500,,6a7d9fa07bffe6ebe23a3f50,10.1016/j.jre.2021.11.002,True,True,300.0,,0.07367310853987652,,,,0.0,,,,,,,,,
6a7d9fab7bffe6ebe23a401d,,1.0,2000.0,10.0,,,,,,0.015,0.15,1:10,0.165,0.0,3,100.0,500,,6a7d9fa07bffe6ebe23a3f50,10.1016/j.jre.2021.11.002,True,True,325.0,,1.9224803796879357,,,,48.102394187347045,,,,,,,,,
6a7d9fab7bffe6ebe23a401d,,1.0,2000.0,10.0,,,,,,0.015,0.15,1:10,0.165,0.0,3,100.0,500,,6a7d9fa07bffe6ebe23a3f50,10.1016/j.jre.2021.11.002,True,True,350.0,,3.9767968483419662,,,,97.99180913777298,,,,,,,,,
6a7d9fab7bffe6ebe23a401d,,1.0,2000.0,10.0,,,,,,0.015,0.15,1:10,0.165,0.0,3,100.0,500,,6a7d9fa07bffe6ebe23a3f50,10.1016/j.jre.2021.11.002,True,True,375.0,,5.82405310667866,,,,144.26513501467457,,,,,,,,,
6a7d9fab7bffe6ebe23a401d,,1.0,2000.0,10.0,,,,,,0.015,0.15,1:10,0.165,0.0,3,100.0,500,,6a7d9fa07bffe6ebe23a3f50,10.1016/j.jre.2021.11.002,True,True,400.0,,12.70589695070881,,,,394.9526124141178,,,,,,,,,
6a7d9fab7bffe6ebe23a401d,,1.0,2000.0,10.0,,,,,,0.015,0.15,1:10,0.165,0.0,3,100.0,500,,6a7d9fa07bffe6ebe23a3f50,10.1016/j.jre.2021.11.002,True,True,425.0,,27.756925272202743,,,,801.3211339382575,,,,,,,,,
6a7d9fab7bffe6ebe23a401d,,1.0,2000.0,10.0,,,,,,0.015,0.15,1:10,0.165,0.0,3,100.0,500,,6a7d9fa07bffe6ebe23a3f50,10.1016/j.jre.2021.11.002,True,True,450.0,,55.25328039209604,,,,1247.5086828185313,,,,,,,,,
6a7d9fab7bffe6ebe23a401d,,1.0,2000.0,10.0,,,,,,0.015,0.15,1:10,0.165,0.0,3,100.0,500,,6a7d9fa07bffe6ebe23a3f50,10.1016/j.jre.2021.11.002,True,True,475.0,,83.89738499240003,,,,877.5743610875179,,,,,,,,,
6a7d9fab7bffe6ebe23a401d,,1.0,2000.0,10.0,,,,,,0.015,0.15,1:10,0.165,0.0,3,100.0,500,,6a7d9fa07bffe6ebe23a3f50,10.1016/j.jre.2021.11.002,True,True,500.0,,97.54397121320221,,,,246.48272266278704,,,,,,,,,
6a7d9fab7bffe6ebe23a401d,,1.0,2000.0,10.0,,,,,,0.015,0.15,1:10,0.165,0.0,3,100.0,500,,6a7d9fa07bffe6ebe23a3f50,10.1016/j.jre.2021.11.002,True,True,525.0,,99.93795948754536,,,,0.35740415261577785,,,,,,,,,
6a7d9fab7bffe6ebe23a401d,,1.0,2000.0,10.0,,,,,,0.015,0.15,1:10,0.165,0.0,3,100.0,500,,6a7d9fa07bffe6ebe23a3f50,10.1016/j.jre.2021.11.002,True,True,550.0,,99.97828582064088,,,,1.0301649104807715,,,,,,,,,
6a7d9fab7bffe6ebe23a401e,,1.0,2000.0,10.0,,,,,,0.015,0.15,1:10,0.165,0.0,3,100.0,500,,6a7d9fa07bffe6ebe23a3f51,10.1016/j.jre.2021.11.002,True,True,300.0,,0.06048949964326704,,,,11.289766467921925,,,,,,,,,
6a7d9fab7bffe6ebe23a401e,,1.0,2000.0,10.0,,,,,,0.015,0.15,1:10,0.165,0.0,3,100.0,500,,6a7d9fa07bffe6ebe23a3f51,10.1016/j.jre.2021.11.002,True,True,325.0,,1.4719111579861646,,,,121.53843566304776,,,,,,,,,
6a7d9fab7bffe6ebe23a401e,,1.0,2000.0,10.0,,,,,,0.015,0.15,1:10,0.165,0.0,3,100.0,500,,6a7d9fa07bffe6ebe23a3f51,10.1016/j.jre.2021.11.002,True,True,350.0,,3.6363495362471685,,,,230.96717768452564,,,,,,,,,
6a7d9fab7bffe6ebe23a401e,,1.0,2000.0,10.0,,,,,,0.015,0.15,1:10,0.165,0.0,3,100.0,500,,6a7d9fa07bffe6ebe23a3f51,10.1016/j.jre.2021.11.002,True,True,375.0,,9.723299314452335,,,,432.08059673879217,,,,,,,,,
6a7d9fab7bffe6ebe23a401e,,1.0,2000.0,10.0,,,,,,0.015,0.15,1:10,0.165,0.0,3,100.0,500,,6a7d9fa07bffe6ebe23a3f51,10.1016/j.jre.2021.11.002,True,True,400.0,,21.934423178335447,,,,835.0853144736069,,,,,,,,,
6a7d9fab7bffe6ebe23a401e,,1.0,2000.0,10.0,,,,,,0.015,0.15,1:10,0.165,0.0,3,100.0,500,,6a7d9fa07bffe6ebe23a3f51,10.1016/j.jre.2021.11.002,True,True,425.0,,49.66963427117908,,,,1736.1222069916664,,,,,,,,,
6a7d9fab7bffe6ebe23a401e,,1.0,2000.0,10.0,,,,,,0.015,0.15,1:10,0.165,0.0,3,100.0,500,,6a7d9fa07bffe6ebe23a3f51,10.1016/j.jre.2021.11.002,True,True,450.0,,81.4669479169898,,,,1239.6457914609841,,,,,,,,,
6a7d9fab7bffe6ebe23a401e,,1.0,2000.0,10.0,,,,,,0.015,0.15,1:10,0.165,0.0,3,100.0,500,,6a7d9fa07bffe6ebe23a3f51,10.1016/j.jre.2021.11.002,True,True,475.0,,96.96699444737413,,,,419.6975940393396,,,,,,,,,
6a7d9fab7bffe6ebe23a401e,,1.0,2000.0,10.0,,,,,,0.015,0.15,1:10,0.165,0.0,3,100.0,500,,6a7d9fa07bffe6ebe23a3f51,10.1016/j.jre.2021.11.002,True,True,500.0,,100.0,,,,43.20385491914256,,,,,,,,,
6a7d9fab7bffe6ebe23a401e,,1.0,2000.0,10.0,,,,,,0.015,0.15,1:10,0.165,0.0,3,100.0,500,,6a7d9fa07bffe6ebe23a3f51,10.1016/j.jre.2021.11.002,True,True,525.0,,100.0,,,,18.774229899169978,,,,,,,,,
6a7d9fab7bffe6ebe23a401e,,1.0,2000.0,10.0,,,,,,0.015,0.15,1:10,0.165,0.0,3,100.0,500,,6a7d9fa07bffe6ebe23a3f51,10.1016/j.jre.2021.11.002,True,True,550.0,,100.0,,,,0.0,,,,,,,,,
6a7d9fab7bffe6ebe23a401f,,1.0,2000.0,10.0,,,,,,0.015,0.15,1:10,0.165,0.0,3,100.0,500,,6a7d9fa07bffe6ebe23a3f52,10.1016/j.jre.2021.11.002,True,True,300.0,,0.07522412135124235,,,,29.664544667109563,,,,,,,,,
6a7d9fab7bffe6ebe23a401f,,1.0,2000.0,10.0,,,,,,0.015,0.15,1:10,0.165,0.0,3,100.0,500,,6a7d9fa07bffe6ebe23a3f52,10.1016/j.jre.2021.11.002,True,True,325.0,,0.7762819120885937,,,,46.00001681901894,,,,,,,,,
6a7d9fab7bffe6ebe23a401f,,1.0,2000.0,10.0,,,,,,0.015,0.15,1:10,0.165,0.0,3,100.0,500,,6a7d9fa07bffe6ebe23a3f52,10.1016/j.jre.2021.11.002,True,True,350.0,,2.1248875515711756,,,,43.37204510860881,,,,,,,,,
6a7d9fab7bffe6ebe23a401f,,1.0,2000.0,10.0,,,,,,0.015,0.15,1:10,0.165,0.0,3,100.0,500,,6a7d9fa07bffe6ebe23a3f52,10.1016/j.jre.2021.11.002,True,True,375.0,,5.626298973229518,,,,263.42788425151156,,,,,,,,,
6a7d9fab7bffe6ebe23a401f,,1.0,2000.0,10.0,,,,,,0.015,0.15,1:10,0.165,0.0,3,100.0,500,,6a7d9fa07bffe6ebe23a3f52,10.1016/j.jre.2021.11.002,True,True,400.0,,14.559357260290966,,,,537.4937979867634,,,,,,,,,
6a7d9fab7bffe6ebe23a401f,,1.0,2000.0,10.0,,,,,,0.015,0.15,1:10,0.165,0.0,3,100.0,500,,6a7d9fa07bffe6ebe23a3f52,10.1016/j.jre.2021.11.002,True,True,425.0,,33.25449018208891,,,,1169.4263873588254,,,,,,,,,
6a7d9fab7bffe6ebe23a401f,,1.0,2000.0,10.0,,,,,,0.015,0.15,1:10,0.165,0.0,3,100.0,500,,6a7d9fa07bffe6ebe23a3f52,10.1016/j.jre.2021.11.002,True,True,450.0,,65.76371870831652,,,,1399.9941133433688,,,,,,,,,
6a7d9fab7bffe6ebe23a401f,,1.0,2000.0,10.0,,,,,,0.015,0.15,1:10,0.165,0.0,3,100.0,500,,6a7d9fa07bffe6ebe23a3f52,10.1016/j.jre.2021.11.002,True,True,475.0,,91.232124577349,,,,743.4847325355513,,,,,,,,,
6a7d9fab7bffe6ebe23a401f,,1.0,2000.0,10.0,,,,,,0.015,0.15,1:10,0.165,0.0,3,100.0,500,,6a7d9fa07bffe6ebe23a3f52,10.1016/j.jre.2021.11.002,True,True,500.0,,99.49204330427769,,,,82.6654781226611,,,,,,,,,
6a7d9fab7bffe6ebe23a401f,,1.0,2000.0,10.0,,,,,,0.015,0.15,1:10,0.165,0.0,3,100.0,500,,6a7d9fa07bffe6ebe23a3f52,10.1016/j.jre.2021.11.002,True,True,525.0,,99.98526537829201,,,,24.744981625221797,,,,,,,,,
6a7d9fab7bffe6ebe23a401f,,1.0,2000.0,10.0,,,,,,0.015,0.15,1:10,0.165,0.0,3,100.0,500,,6a7d9fa07bffe6ebe23a3f52,10.1016/j.jre.2021.11.002,True,True,550.0,,99.9495920836306,,,,0.25228528419937263,,,,,,,,,
6a7d9fab7bffe6ebe23a4020,,1.0,2000.0,10.0,,,,,,0.015,0.15,1:10,0.165,0.0,3,100.0,500,,6a7d9fa17bffe6ebe23a3f53,10.1016/j.jre.2021.11.002,True,True,300.0,,0.023265192170487323,,,,0.18921396314952946,,,,,,,,,
6a7d9fab7bffe6ebe23a4020,,1.0,2000.0,10.0,,,,,,0.015,0.15,1:10,0.165,0.0,3,100.0,500,,6a7d9fa17bffe6ebe23a3f53,10.1016/j.jre.2021.11.002,True,True,325.0,,0.28383534447994535,,,,0.42047547366562105,,,,,,,,,
6a7d9fab7bffe6ebe23a4020,,1.0,2000.0,10.0,,,,,,0.015,0.15,1:10,0.165,0.0,3,100.0,500,,6a7d9fa17bffe6ebe23a3f53,10.1016/j.jre.2021.11.002,True,True,350.0,,0.14657071067407013,,,,24.093244641040084,,,,,,,,,
6a7d9fab7bffe6ebe23a4020,,1.0,2000.0,10.0,,,,,,0.015,0.15,1:10,0.165,0.0,3,100.0,500,,6a7d9fa17bffe6ebe23a3f53,10.1016/j.jre.2021.11.002,True,True,375.0,,0.9329342060365416,,,,151.26605165120716,,,,,,,,,
6a7d9fab7bffe6ebe23a4020,,1.0,2000.0,10.0,,,,,,0.015,0.15,1:10,0.165,0.0,3,100.0,500,,6a7d9fa17bffe6ebe23a3f53,10.1016/j.jre.2021.11.002,True,True,400.0,,5.0299345472593595,,,,375.98916855179834,,,,,,,,,
6a7d9fab7bffe6ebe23a4020,,1.0,2000.0,10.0,,,,,,0.015,0.15,1:10,0.165,0.0,3,100.0,500,,6a7d9fa17bffe6ebe23a3f53,10.1016/j.jre.2021.11.002,True,True,425.0,,14.514377888761357,,,,839.8787348733949,,,,,,,,,
6a7d9fab7bffe6ebe23a4020,,1.0,2000.0,10.0,,,,,,0.015,0.15,1:10,0.165,0.0,3,100.0,500,,6a7d9fa17bffe6ebe23a3f53,10.1016/j.jre.2021.11.002,True,True,450.0,,33.71669199987592,,,,1713.9841733031715,,,,,,,,,
6a7d9fab7bffe6ebe23a4020,,1.0,2000.0,10.0,,,,,,0.015,0.15,1:10,0.165,0.0,3,100.0,500,,6a7d9fa17bffe6ebe23a3f53,10.1016/j.jre.2021.11.002,True,True,475.0,,63.19756801191177,,,,2070.484303650568,,,,,,,,,
6a7d9fab7bffe6ebe23a4020,,1.0,2000.0,10.0,,,,,,0.015,0.15,1:10,0.165,0.0,3,100.0,500,,6a7d9fa17bffe6ebe23a3f53,10.1016/j.jre.2021.11.002,True,True,500.0,,89.41433756242826,,,,1370.2244498078428,,,,,,,,,
6a7d9fab7bffe6ebe23a4020,,1.0,2000.0,10.0,,,,,,0.015,0.15,1:10,0.165,0.0,3,100.0,500,,6a7d9fa17bffe6ebe23a3f53,10.1016/j.jre.2021.11.002,True,True,525.0,,99.60604274591307,,,,162.26148528756315,,,,,,,,,
6a7d9fab7bffe6ebe23a4020,,1.0,2000.0,10.0,,,,,,0.015,0.15,1:10,0.165,0.0,3,100.0,500,,6a7d9fa17bffe6ebe23a3f53,10.1016/j.jre.2021.11.002,True,True,550.0,,99.95657164128176,,,,2.480805294627164,,,,,,,,,
6a7d9fab7bffe6ebe23a4021,,1.0,2000.0,10.0,,,,,,0.015,0.15,1:10,0.165,0.0,3,100.0,500,,6a7d9fa17bffe6ebe23a3f54,10.1016/j.jre.2021.11.002,True,True,300.0,,0.01008158327387784,,,,0.9881173631142094,,,,,,,,,
6a7d9fab7bffe6ebe23a4021,,1.0,2000.0,10.0,,,,,,0.015,0.15,1:10,0.165,0.0,3,100.0,500,,6a7d9fa17bffe6ebe23a3f54,10.1016/j.jre.2021.11.002,True,True,325.0,,0.018612153736389858,,,,0.16819018946624842,,,,,,,,,
6a7d9fab7bffe6ebe23a4021,,1.0,2000.0,10.0,,,,,,0.015,0.15,1:10,0.165,0.0,3,100.0,500,,6a7d9fa17bffe6ebe23a3f54,10.1016/j.jre.2021.11.002,True,True,350.0,,0.17526444768433783,,,,10.974409862672708,,,,,,,,,
6a7d9fab7bffe6ebe23a4021,,1.0,2000.0,10.0,,,,,,0.015,0.15,1:10,0.165,0.0,3,100.0,500,,6a7d9fa17bffe6ebe23a3f54,10.1016/j.jre.2021.11.002,True,True,375.0,,0.9430157893104195,,,,63.72305803402487,,,,,,,,,
6a7d9fab7bffe6ebe23a4021,,1.0,2000.0,10.0,,,,,,0.015,0.15,1:10,0.165,0.0,3,100.0,500,,6a7d9fa17bffe6ebe23a3f54,10.1016/j.jre.2021.11.002,True,True,400.0,,3.7984303750348967,,,,192.74595712832067,,,,,,,,,
6a7d9fab7bffe6ebe23a4021,,1.0,2000.0,10.0,,,,,,0.015,0.15,1:10,0.165,0.0,3,100.0,500,,6a7d9fa17bffe6ebe23a3f54,10.1016/j.jre.2021.11.002,True,True,425.0,,10.113379036510839,,,,415.24055401848403,,,,,,,,,
6a7d9fab7bffe6ebe23a4021,,1.0,2000.0,10.0,,,,,,0.015,0.15,1:10,0.165,0.0,3,100.0,500,,6a7d9fa17bffe6ebe23a3f54,10.1016/j.jre.2021.11.002,True,True,450.0,,23.33576325340447,,,,848.0990303835579,,,,,,,,,
6a7d9fab7bffe6ebe23a4021,,1.0,2000.0,10.0,,,,,,0.015,0.15,1:10,0.165,0.0,3,100.0,500,,6a7d9fa17bffe6ebe23a3f54,10.1016/j.jre.2021.11.002,True,True,475.0,,45.049167106120294,,,,1268.0278859334135,,,,,,,,,
6a7d9fab7bffe6ebe23a4021,,1.0,2000.0,10.0,,,,,,0.015,0.15,1:10,0.165,0.0,3,100.0,500,,6a7d9fa17bffe6ebe23a3f54,10.1016/j.jre.2021.11.002,True,True,500.0,,73.59012935446847,,,,1277.7408693750895,,,,,,,,,
6a7d9fab7bffe6ebe23a4021,,1.0,2000.0,10.0,,,,,,0.015,0.15,1:10,0.165,0.0,3,100.0,500,,6a7d9fa17bffe6ebe23a3f54,10.1016/j.jre.2021.11.002,True,True,525.0,,95.06777925985668,,,,691.3037262536478,,,,,,,,,
6a7d9fab7bffe6ebe23a4021,,1.0,2000.0,10.0,,,,,,0.015,0.15,1:10,0.165,0.0,3,100.0,500,,6a7d9fa17bffe6ebe23a3f54,10.1016/j.jre.2021.11.002,True,True,550.0,,99.92632689146012,,,,0.0,,,,,,,,,
6a7d9fab7bffe6ebe23a4022,,1.0,2000.0,10.0,,,,,,0.015,0.15,1:10,0.165,0.0,3,100.0,500,,6a7d9fa17bffe6ebe23a3f55,10.1016/j.jre.2021.11.002,True,True,300.0,,0.0007755064056829108,,,,0.5466181157653074,,,,,,,,,
6a7d9fab7bffe6ebe23a4022,,1.0,2000.0,10.0,,,,,,0.015,0.15,1:10,0.165,0.0,3,100.0,500,,6a7d9fa17bffe6ebe23a3f55,10.1016/j.jre.2021.11.002,True,True,325.0,,0.32959022241523706,,,,14.968926862496108,,,,,,,,,
6a7d9fab7bffe6ebe23a4022,,1.0,2000.0,10.0,,,,,,0.015,0.15,1:10,0.165,0.0,3,100.0,500,,6a7d9fa17bffe6ebe23a3f55,10.1016/j.jre.2021.11.002,True,True,350.0,,0.659955951236157,,,,29.83273485657581,,,,,,,,,
6a7d9fab7bffe6ebe23a4022,,1.0,2000.0,10.0,,,,,,0.015,0.15,1:10,0.165,0.0,3,100.0,500,,6a7d9fa17bffe6ebe23a3f55,10.1016/j.jre.2021.11.002,True,True,375.0,,1.1671371405527806,,,,47.28246701369908,,,,,,,,,
6a7d9fab7bffe6ebe23a4022,,1.0,2000.0,10.0,,,,,,0.015,0.15,1:10,0.165,0.0,3,100.0,500,,6a7d9fa17bffe6ebe23a3f55,10.1016/j.jre.2021.11.002,True,True,400.0,,3.640227068275583,,,,269.2514695617804,,,,,,,,,
6a7d9fab7bffe6ebe23a4022,,1.0,2000.0,10.0,,,,,,0.015,0.15,1:10,0.165,0.0,3,100.0,500,,6a7d9fa17bffe6ebe23a3f55,10.1016/j.jre.2021.11.002,True,True,425.0,,10.742314731519679,,,,604.8119213206295,,,,,,,,,
6a7d9fab7bffe6ebe23a4022,,1.0,2000.0,10.0,,,,,,0.015,0.15,1:10,0.165,0.0,3,100.0,500,,6a7d9fa17bffe6ebe23a3f55,10.1016/j.jre.2021.11.002,True,True,450.0,,24.606818252318757,,,,1165.873369606351,,,,,,,,,
6a7d9fab7bffe6ebe23a4022,,1.0,2000.0,10.0,,,,,,0.015,0.15,1:10,0.165,0.0,3,100.0,500,,6a7d9fa17bffe6ebe23a3f55,10.1016/j.jre.2021.11.002,True,True,475.0,,48.52421130998542,,,,1733.7885681128223,,,,,,,,,
6a7d9fab7bffe6ebe23a4022,,1.0,2000.0,10.0,,,,,,0.015,0.15,1:10,0.165,0.0,3,100.0,500,,6a7d9fa17bffe6ebe23a3f55,10.1016/j.jre.2021.11.002,True,True,500.0,,77.58166082451841,,,,1649.6093782849648,,,,,,,,,
6a7d9fab7bffe6ebe23a4022,,1.0,2000.0,10.0,,,,,,0.015,0.15,1:10,0.165,0.0,3,100.0,500,,6a7d9fa17bffe6ebe23a3f55,10.1016/j.jre.2021.11.002,True,True,525.0,,96.82042373670006,,,,624.4060783934475,,,,,,,,,
6a7d9fab7bffe6ebe23a4022,,1.0,2000.0,10.0,,,,,,0.015,0.15,1:10,0.165,0.0,3,100.0,500,,6a7d9fa17bffe6ebe23a3f55,10.1016/j.jre.2021.11.002,True,True,550.0,,99.96897974377268,,,,0.5676418894485884,,,,,,,,,
6a7d9fab7bffe6ebe23a4023,NO oxidation,,1000.0,5.0,,,,,,,0.05,,0.05,0.0,4,25.0,100,,6a7d9fa17bffe6ebe23a3f56,10.1016/j.jcis.2017.07.114,True,False,100.0,,,,15.891656752476111,,,,,,,,,,,
6a7d9fab7bffe6ebe23a4023,NO oxidation,,1000.0,5.0,,,,,,,0.05,,0.05,0.0,4,25.0,100,,6a7d9fa17bffe6ebe23a3f56,10.1016/j.jcis.2017.07.114,True,False,125.0,,,,17.255070834762677,,,,,,,,,,,
6a7d9fab7bffe6ebe23a4023,NO oxidation,,1000.0,5.0,,,,,,,0.05,,0.05,0.0,4,25.0,100,,6a7d9fa17bffe6ebe23a3f56,10.1016/j.jcis.2017.07.114,True,False,150.0,,,,16.5149734688962,,,,,,,,,,,
6a7d9fab7bffe6ebe23a4023,NO oxidation,,1000.0,5.0,,,,,,,0.05,,0.05,0.0,4,25.0,100,,6a7d9fa17bffe6ebe23a3f56,10.1016/j.jcis.2017.07.114,True,False,175.0,,,,16.120838777014644,,,,,,,,,,,
6a7d9fab7bffe6ebe23a4023,NO oxidation,,1000.0,5.0,,,,,,,0.05,,0.05,0.0,4,25.0,100,,6a7d9fa17bffe6ebe23a3f56,10.1016/j.jcis.2017.07.114,True,False,200.0,,,,16.34053237378566,,,,,,,,,,,
6a7d9fab7bffe6ebe23a4023,NO oxidation,,1000.0,5.0,,,,,,,0.05,,0.05,0.0,4,25.0,100,,6a7d9fa17bffe6ebe23a3f56,10.1016/j.jcis.2017.07.114,True,False,225.0,,,,17.39301797692122,,,,,,,,,,,
6a7d9fab7bffe6ebe23a4023,NO oxidation,,1000.0,5.0,,,,,,,0.05,,0.05,0.0,4,25.0,100,,6a7d9fa17bffe6ebe23a3f56,10.1016/j.jcis.2017.07.114,True,False,250.0,,,,20.707398784021482,,,,,,,,,,,
6a7d9fab7bffe6ebe23a4023,NO oxidation,,1000.0,5.0,,,,,,,0.05,,0.05,0.0,4,25.0,100,,6a7d9fa17bffe6ebe23a3f56,10.1016/j.jcis.2017.07.114,True,False,275.0,,,,26.61285025071345,,,,,,,,,,,
6a7d9fab7bffe6ebe23a4023,NO oxidation,,1000.0,5.0,,,,,,,0.05,,0.05,0.0,4,25.0,100,,6a7d9fa17bffe6ebe23a3f56,10.1016/j.jcis.2017.07.114,True,False,300.0,,,,33.497799414636994,,,,,,,,,,,
6a7d9fab7bffe6ebe23a4023,NO oxidation,,1000.0,5.0,,,,,,,0.05,,0.05,0.0,4,25.0,100,,6a7d9fa17bffe6ebe23a3f56,10.1016/j.jcis.2017.07.114,True,False,325.0,,,,40.980519527914225,,,,,,,,,,,
6a7d9fab7bffe6ebe23a4023,NO oxidation,,1000.0,5.0,,,,,,,0.05,,0.05,0.0,4,25.0,100,,6a7d9fa17bffe6ebe23a3f56,10.1016/j.jcis.2017.07.114,True,False,350.0,,,,48.60556605770424,,,,,,,,,,,
6a7d9fab7bffe6ebe23a4023,NO oxidation,,1000.0,5.0,,,,,,,0.05,,0.05,0.0,4,25.0,100,,6a7d9fa17bffe6ebe23a3f56,10.1016/j.jcis.2017.07.114,True,False,375.0,,,,52.504579991095476,,,,,,,,,,,
6a7d9fab7bffe6ebe23a4023,NO oxidation,,1000.0,5.0,,,,,,,0.05,,0.05,0.0,4,25.0,100,,6a7d9fa17bffe6ebe23a3f56,10.1016/j.jcis.2017.07.114,True,False,400.0,,,,49.785050617112745,,,,,,,,,,,
6a7d9fab7bffe6ebe23a4023,NO oxidation,,1000.0,5.0,,,,,,,0.05,,0.05,0.0,4,25.0,100,,6a7d9fa17bffe6ebe23a3f56,10.1016/j.jcis.2017.07.114,True,False,425.0,,,,43.937989475143965,,,,,,,,,,,
6a7d9fab7bffe6ebe23a4023,NO oxidation,,1000.0,5.0,,,,,,,0.05,,0.05,0.0,4,25.0,100,,6a7d9fa17bffe6ebe23a3f56,10.1016/j.jcis.2017.07.114,True,False,450.0,,,,37.5004561744119,,,,,,,,,,,
6a7d9fab7bffe6ebe23a4023,NO oxidation,,1000.0,5.0,,,,,,,0.05,,0.05,0.0,4,25.0,100,,6a7d9fa17bffe6ebe23a3f56,10.1016/j.jcis.2017.07.114,True,False,475.0,,,,32.17525855965667,,,,,,,,,,,
6a7d9fab7bffe6ebe23a4023,NO oxidation,,1000.0,5.0,,,,,,,0.05,,0.05,0.0,4,25.0,100,,6a7d9fa17bffe6ebe23a3f56,10.1016/j.jcis.2017.07.114,True,False,500.0,,,,27.718617025158924,,,,,,,,,,,
6a7d9fab7bffe6ebe23a4023,NO oxidation,,1000.0,5.0,,,,,,,0.05,,0.05,0.0,4,25.0,100,,6a7d9fa17bffe6ebe23a3f56,10.1016/j.jcis.2017.07.114,True,False,525.0,,,,24.41299476676714,,,,,,,,,,,
6a7d9fab7bffe6ebe23a4023,NO oxidation,,1000.0,5.0,,,,,,,0.05,,0.05,0.0,4,25.0,100,,6a7d9fa17bffe6ebe23a3f56,10.1016/j.jcis.2017.07.114,True,False,550.0,,,,21.86425709259975,,,,,,,,,,,
6a7d9fab7bffe6ebe23a4024,soot + NOx + O2,1.0,1000.0,5.0,,,Degussa,Printex-U,93.5,0.005,0.045,1:9,0.05,0.0,4,25.0,100,,6a7d9fa17bffe6ebe23a3f56,10.1016/j.jcis.2017.07.114,True,True,200.0,,0.39660099376446717,,,,,,,,,98.0,,,,
6a7d9fab7bffe6ebe23a4024,soot + NOx + O2,1.0,1000.0,5.0,,,Degussa,Printex-U,93.5,0.005,0.045,1:9,0.05,0.0,4,25.0,100,,6a7d9fa17bffe6ebe23a3f56,10.1016/j.jcis.2017.07.114,True,True,225.0,,1.7213689520233433,,,,,,,,,98.0,,,,
6a7d9fab7bffe6ebe23a4024,soot + NOx + O2,1.0,1000.0,5.0,,,Degussa,Printex-U,93.5,0.005,0.045,1:9,0.05,0.0,4,25.0,100,,6a7d9fa17bffe6ebe23a3f56,10.1016/j.jcis.2017.07.114,True,True,250.0,,3.3266227841992952,,,,,,,,,98.0,,,,
6a7d9fab7bffe6ebe23a4024,soot + NOx + O2,1.0,1000.0,5.0,,,Degussa,Printex-U,93.5,0.005,0.045,1:9,0.05,0.0,4,25.0,100,,6a7d9fa17bffe6ebe23a3f56,10.1016/j.jcis.2017.07.114,True,True,275.0,,5.767302283848688,,,,,,,,,98.0,,,,
6a7d9fab7bffe6ebe23a4024,soot + NOx + O2,1.0,1000.0,5.0,,,Degussa,Printex-U,93.5,0.005,0.045,1:9,0.05,0.0,4,25.0,100,,6a7d9fa17bffe6ebe23a3f56,10.1016/j.jcis.2017.07.114,True,True,300.0,,9.520685833201382,,,,,,,,,98.0,,,,
6a7d9fab7bffe6ebe23a4024,soot + NOx + O2,1.0,1000.0,5.0,,,Degussa,Printex-U,93.5,0.005,0.045,1:9,0.05,0.0,4,25.0,100,,6a7d9fa17bffe6ebe23a3f56,10.1016/j.jcis.2017.07.114,True,True,325.0,,18.65683458119387,,,,,,,,,98.0,,,,
6a7d9fab7bffe6ebe23a4024,soot + NOx + O2,1.0,1000.0,5.0,,,Degussa,Printex-U,93.5,0.005,0.045,1:9,0.05,0.0,4,25.0,100,,6a7d9fa17bffe6ebe23a3f56,10.1016/j.jcis.2017.07.114,True,True,350.0,,42.64893272108998,,,,,,,,,98.0,,,,
6a7d9fab7bffe6ebe23a4024,soot + NOx + O2,1.0,1000.0,5.0,,,Degussa,Printex-U,93.5,0.005,0.045,1:9,0.05,0.0,4,25.0,100,,6a7d9fa17bffe6ebe23a3f56,10.1016/j.jcis.2017.07.114,True,True,375.0,,75.48538382079064,,,,,,,,,98.0,,,,
6a7d9fab7bffe6ebe23a4024,soot + NOx + O2,1.0,1000.0,5.0,,,Degussa,Printex-U,93.5,0.005,0.045,1:9,0.05,0.0,4,25.0,100,,6a7d9fa17bffe6ebe23a3f56,10.1016/j.jcis.2017.07.114,True,True,400.0,,95.02288372654135,,,,,,,,,98.0,,,,
6a7d9fab7bffe6ebe23a4024,soot + NOx + O2,1.0,1000.0,5.0,,,Degussa,Printex-U,93.5,0.005,0.045,1:9,0.05,0.0,4,25.0,100,,6a7d9fa17bffe6ebe23a3f56,10.1016/j.jcis.2017.07.114,True,True,425.0,,99.26636356096421,,,,,,,,,98.0,,,,
6a7d9fab7bffe6ebe23a4024,soot + NOx + O2,1.0,1000.0,5.0,,,Degussa,Printex-U,93.5,0.005,0.045,1:9,0.05,0.0,4,25.0,100,,6a7d9fa17bffe6ebe23a3f56,10.1016/j.jcis.2017.07.114,True,True,450.0,,99.69840228611066,,,,,,,,,98.0,,,,
6a7d9fab7bffe6ebe23a4024,soot + NOx + O2,1.0,1000.0,5.0,,,Degussa,Printex-U,93.5,0.005,0.045,1:9,0.05,0.0,4,25.0,100,,6a7d9fa17bffe6ebe23a3f56,10.1016/j.jcis.2017.07.114,True,True,475.0,,99.79038958884692,,,,,,,,,98.0,,,,
6a7d9fab7bffe6ebe23a4024,soot + NOx + O2,1.0,1000.0,5.0,,,Degussa,Printex-U,93.5,0.005,0.045,1:9,0.05,0.0,4,25.0,100,,6a7d9fa17bffe6ebe23a3f56,10.1016/j.jcis.2017.07.114,True,True,500.0,,99.98567410859026,,,,,,,,,98.0,,,,
6a7d9fab7bffe6ebe23a4025,soot + O2,1.0,1000.0,5.0,,,Degussa,Printex-U,93.5,0.005,0.045,1:9,0.05,0.0,4,25.0,100,,6a7d9fa17bffe6ebe23a3f56,10.1016/j.jcis.2017.07.114,True,True,200.0,,0.39660099376446717,,,,,,,,,100.0,,,,
6a7d9fab7bffe6ebe23a4025,soot + O2,1.0,1000.0,5.0,,,Degussa,Printex-U,93.5,0.005,0.045,1:9,0.05,0.0,4,25.0,100,,6a7d9fa17bffe6ebe23a3f56,10.1016/j.jcis.2017.07.114,True,True,225.0,,1.7213689520233433,,,,,,,,,100.0,,,,
6a7d9fab7bffe6ebe23a4025,soot + O2,1.0,1000.0,5.0,,,Degussa,Printex-U,93.5,0.005,0.045,1:9,0.05,0.0,4,25.0,100,,6a7d9fa17bffe6ebe23a3f56,10.1016/j.jcis.2017.07.114,True,True,250.0,,3.3266227841992952,,,,,,,,,100.0,,,,
6a7d9fab7bffe6ebe23a4025,soot + O2,1.0,1000.0,5.0,,,Degussa,Printex-U,93.5,0.005,0.045,1:9,0.05,0.0,4,25.0,100,,6a7d9fa17bffe6ebe23a3f56,10.1016/j.jcis.2017.07.114,True,True,275.0,,5.767302283848688,,,,,,,,,100.0,,,,
6a7d9fab7bffe6ebe23a4025,soot + O2,1.0,1000.0,5.0,,,Degussa,Printex-U,93.5,0.005,0.045,1:9,0.05,0.0,4,25.0,100,,6a7d9fa17bffe6ebe23a3f56,10.1016/j.jcis.2017.07.114,True,True,300.0,,9.520685833201382,,,,,,,,,100.0,,,,
6a7d9fab7bffe6ebe23a4025,soot + O2,1.0,1000.0,5.0,,,Degussa,Printex-U,93.5,0.005,0.045,1:9,0.05,0.0,4,25.0,100,,6a7d9fa17bffe6ebe23a3f56,10.1016/j.jcis.2017.07.114,True,True,325.0,,18.65683458119387,,,,,,,,,100.0,,,,
6a7d9fab7bffe6ebe23a4025,soot + O2,1.0,1000.0,5.0,,,Degussa,Printex-U,93.5,0.005,0.045,1:9,0.05,0.0,4,25.0,100,,6a7d9fa17bffe6ebe23a3f56,10.1016/j.jcis.2017.07.114,True,True,350.0,,42.64893272108998,,,,,,,,,100.0,,,,
6a7d9fab7bffe6ebe23a4025,soot + O2,1.0,1000.0,5.0,,,Degussa,Printex-U,93.5,0.005,0.045,1:9,0.05,0.0,4,25.0,100,,6a7d9fa17bffe6ebe23a3f56,10.1016/j.jcis.2017.07.114,True,True,375.0,,75.48538382079064,,,,,,,,,100.0,,,,
6a7d9fab7bffe6ebe23a4025,soot + O2,1.0,1000.0,5.0,,,Degussa,Printex-U,93.5,0.005,0.045,1:9,0.05,0.0,4,25.0,100,,6a7d9fa17bffe6ebe23a3f56,10.1016/j.jcis.2017.07.114,True,True,400.0,,95.02288372654135,,,,,,,,,100.0,,,,
6a7d9fab7bffe6ebe23a4025,soot + O2,1.0,1000.0,5.0,,,Degussa,Printex-U,93.5,0.005,0.045,1:9,0.05,0.0,4,25.0,100,,6a7d9fa17bffe6ebe23a3f56,10.1016/j.jcis.2017.07.114,True,True,425.0,,99.26636356096421,,,,,,,,,100.0,,,,
6a7d9fab7bffe6ebe23a4025,soot + O2,1.0,1000.0,5.0,,,Degussa,Printex-U,93.5,0.005,0.045,1:9,0.05,0.0,4,25.0,100,,6a7d9fa17bffe6ebe23a3f56,10.1016/j.jcis.2017.07.114,True,True,450.0,,99.69840228611066,,,,,,,,,100.0,,,,
6a7d9fab7bffe6ebe23a4025,soot + O2,1.0,1000.0,5.0,,,Degussa,Printex-U,93.5,0.005,0.045,1:9,0.05,0.0,4,25.0,100,,6a7d9fa17bffe6ebe23a3f56,10.1016/j.jcis.2017.07.114,True,True,475.0,,99.79038958884692,,,,,,,,,100.0,,,,
6a7d9fab7bffe6ebe23a4025,soot + O2,1.0,1000.0,5.0,,,Degussa,Printex-U,93.5,0.005,0.045,1:9,0.05,0.0,4,25.0,100,,6a7d9fa17bffe6ebe23a3f56,10.1016/j.jcis.2017.07.114,True,True,500.0,,99.98567410859026,,,,,,,,,100.0,,,,
6a7d9fab7bffe6ebe23a4026,NO oxidation,,1000.0,5.0,,,,,,,0.05,,0.05,0.0,4,25.0,100,,6a7d9fa17bffe6ebe23a3f57,10.1016/j.jcis.2017.07.114,True,False,100.0,,,,13.599836507090773,,,,,,,,,,,
6a7d9fab7bffe6ebe23a4026,NO oxidation,,1000.0,5.0,,,,,,,0.05,,0.05,0.0,4,25.0,100,,6a7d9fa17bffe6ebe23a3f57,10.1016/j.jcis.2017.07.114,True,False,125.0,,,,14.562546985964422,,,,,,,,,,,
6a7d9fab7bffe6ebe23a4026,NO oxidation,,1000.0,5.0,,,,,,,0.05,,0.05,0.0,4,25.0,100,,6a7d9fa17bffe6ebe23a3f57,10.1016/j.jcis.2017.07.114,True,False,150.0,,,,15.399718266683207,,,,,,,,,,,
6a7d9fab7bffe6ebe23a4026,NO oxidation,,1000.0,5.0,,,,,,,0.05,,0.05,0.0,4,25.0,100,,6a7d9fa17bffe6ebe23a3f57,10.1016/j.jcis.2017.07.114,True,False,175.0,,,,16.34710128531702,,,,,,,,,,,
6a7d9fab7bffe6ebe23a4026,NO oxidation,,1000.0,5.0,,,,,,,0.05,,0.05,0.0,4,25.0,100,,6a7d9fa17bffe6ebe23a3f57,10.1016/j.jcis.2017.07.114,True,False,200.0,,,,16.749264646848015,,,,,,,,,,,
6a7d9fab7bffe6ebe23a4026,NO oxidation,,1000.0,5.0,,,,,,,0.05,,0.05,0.0,4,25.0,100,,6a7d9fa17bffe6ebe23a3f57,10.1016/j.jcis.2017.07.114,True,False,225.0,,,,16.08288506594457,,,,,,,,,,,
6a7d9fab7bffe6ebe23a4026,NO oxidation,,1000.0,5.0,,,,,,,0.05,,0.05,0.0,4,25.0,100,,6a7d9fa17bffe6ebe23a3f57,10.1016/j.jcis.2017.07.114,True,False,250.0,,,,14.57422505090906,,,,,,,,,,,
6a7d9fab7bffe6ebe23a4026,NO oxidation,,1000.0,5.0,,,,,,,0.05,,0.05,0.0,4,25.0,100,,6a7d9fa17bffe6ebe23a3f57,10.1016/j.jcis.2017.07.114,True,False,275.0,,,,14.422410206628758,,,,,,,,,,,
6a7d9fab7bffe6ebe23a4026,NO oxidation,,1000.0,5.0,,,,,,,0.05,,0.05,0.0,4,25.0,100,,6a7d9fa17bffe6ebe23a3f57,10.1016/j.jcis.2017.07.114,True,False,300.0,,,,17.151428008379007,,,,,,,,,,,
6a7d9fab7bffe6ebe23a4026,NO oxidation,,1000.0,5.0,,,,,,,0.05,,0.05,0.0,4,25.0,100,,6a7d9fa17bffe6ebe23a3f57,10.1016/j.jcis.2017.07.114,True,False,325.0,,,,20.66068652424293,,,,,,,,,,,
6a7d9fab7bffe6ebe23a4026,NO oxidation,,1000.0,5.0,,,,,,,0.05,,0.05,0.0,4,25.0,100,,6a7d9fa17bffe6ebe23a3f57,10.1016/j.jcis.2017.07.114,True,False,350.0,,,,24.824646556065655,,,,,,,,,,,
6a7d9fab7bffe6ebe23a4026,NO oxidation,,1000.0,5.0,,,,,,,0.05,,0.05,0.0,4,25.0,100,,6a7d9fa17bffe6ebe23a3f57,10.1016/j.jcis.2017.07.114,True,False,375.0,,,,28.64775306731674,,,,,,,,,,,
6a7d9fab7bffe6ebe23a4026,NO oxidation,,1000.0,5.0,,,,,,,0.05,,0.05,0.0,4,25.0,100,,6a7d9fa17bffe6ebe23a3f57,10.1016/j.jcis.2017.07.114,True,False,400.0,,,,32.66208789203629,,,,,,,,,,,
6a7d9fab7bffe6ebe23a4026,NO oxidation,,1000.0,5.0,,,,,,,0.05,,0.05,0.0,4,25.0,100,,6a7d9fa17bffe6ebe23a3f57,10.1016/j.jcis.2017.07.114,True,False,425.0,,,,34.80793232561365,,,,,,,,,,,
6a7d9fab7bffe6ebe23a4026,NO oxidation,,1000.0,5.0,,,,,,,0.05,,0.05,0.0,4,25.0,100,,6a7d9fa17bffe6ebe23a3f57,10.1016/j.jcis.2017.07.114,True,False,450.0,,,,33.80799801472896,,,,,,,,,,,
6a7d9fab7bffe6ebe23a4026,NO oxidation,,1000.0,5.0,,,,,,,0.05,,0.05,0.0,4,25.0,100,,6a7d9fa17bffe6ebe23a3f57,10.1016/j.jcis.2017.07.114,True,False,475.0,,,,31.232254815377086,,,,,,,,,,,
6a7d9fab7bffe6ebe23a4026,NO oxidation,,1000.0,5.0,,,,,,,0.05,,0.05,0.0,4,25.0,100,,6a7d9fa17bffe6ebe23a3f57,10.1016/j.jcis.2017.07.114,True,False,500.0,,,,27.968965542409617,,,,,,,,,,,
6a7d9fab7bffe6ebe23a4026,NO oxidation,,1000.0,5.0,,,,,,,0.05,,0.05,0.0,4,25.0,100,,6a7d9fa17bffe6ebe23a3f57,10.1016/j.jcis.2017.07.114,True,False,525.0,,,,25.336291776452637,,,,,,,,,,,
6a7d9fab7bffe6ebe23a4026,NO oxidation,,1000.0,5.0,,,,,,,0.05,,0.05,0.0,4,25.0,100,,6a7d9fa17bffe6ebe23a3f57,10.1016/j.jcis.2017.07.114,True,False,550.0,,,,22.802151683466043,,,,,,,,,,,
6a7d9fab7bffe6ebe23a4026,NO oxidation,,1000.0,5.0,,,,,,,0.05,,0.05,0.0,4,25.0,100,,6a7d9fa17bffe6ebe23a3f57,10.1016/j.jcis.2017.07.114,True,False,575.0,,,,20.770168383098916,,,,,,,,,,,
6a7d9fab7bffe6ebe23a4027,soot + NOx + O2,1.0,1000.0,5.0,,,Degussa,Printex-U,93.5,0.005,0.045,1:9,0.05,0.0,4,25.0,100,,6a7d9fa17bffe6ebe23a3f57,10.1016/j.jcis.2017.07.114,True,True,200.0,,0.07539942847233216,,,,,,,,,98.0,,,,
6a7d9fab7bffe6ebe23a4027,soot + NOx + O2,1.0,1000.0,5.0,,,Degussa,Printex-U,93.5,0.005,0.045,1:9,0.05,0.0,4,25.0,100,,6a7d9fa17bffe6ebe23a3f57,10.1016/j.jcis.2017.07.114,True,True,225.0,,0.6785948562509895,,,,,,,,,98.0,,,,
6a7d9fab7bffe6ebe23a4027,soot + NOx + O2,1.0,1000.0,5.0,,,Degussa,Printex-U,93.5,0.005,0.045,1:9,0.05,0.0,4,25.0,100,,6a7d9fa17bffe6ebe23a3f57,10.1016/j.jcis.2017.07.114,True,True,250.0,,1.4921546894674536,,,,,,,,,98.0,,,,
6a7d9fab7bffe6ebe23a4027,soot + NOx + O2,1.0,1000.0,5.0,,,Degussa,Printex-U,93.5,0.005,0.045,1:9,0.05,0.0,4,25.0,100,,6a7d9fa17bffe6ebe23a3f57,10.1016/j.jcis.2017.07.114,True,True,275.0,,2.9028779961847886,,,,,,,,,98.0,,,,
6a7d9fab7bffe6ebe23a4027,soot + NOx + O2,1.0,1000.0,5.0,,,Degussa,Printex-U,93.5,0.005,0.045,1:9,0.05,0.0,4,25.0,100,,6a7d9fa17bffe6ebe23a3f57,10.1016/j.jcis.2017.07.114,True,True,300.0,,5.079659496181018,,,,,,,,,98.0,,,,
6a7d9fab7bffe6ebe23a4027,soot + NOx + O2,1.0,1000.0,5.0,,,Degussa,Printex-U,93.5,0.005,0.045,1:9,0.05,0.0,4,25.0,100,,6a7d9fa17bffe6ebe23a3f57,10.1016/j.jcis.2017.07.114,True,True,325.0,,8.290921154817646,,,,,,,,,98.0,,,,
6a7d9fab7bffe6ebe23a4027,soot + NOx + O2,1.0,1000.0,5.0,,,Degussa,Printex-U,93.5,0.005,0.045,1:9,0.05,0.0,4,25.0,100,,6a7d9fa17bffe6ebe23a3f57,10.1016/j.jcis.2017.07.114,True,True,350.0,,15.48779660250175,,,,,,,,,98.0,,,,
6a7d9fab7bffe6ebe23a4027,soot + NOx + O2,1.0,1000.0,5.0,,,Degussa,Printex-U,93.5,0.005,0.045,1:9,0.05,0.0,4,25.0,100,,6a7d9fa17bffe6ebe23a3f57,10.1016/j.jcis.2017.07.114,True,True,375.0,,28.951118550521382,,,,,,,,,98.0,,,,
6a7d9fab7bffe6ebe23a4027,soot + NOx + O2,1.0,1000.0,5.0,,,Degussa,Printex-U,93.5,0.005,0.045,1:9,0.05,0.0,4,25.0,100,,6a7d9fa17bffe6ebe23a3f57,10.1016/j.jcis.2017.07.114,True,True,400.0,,51.55586720652657,,,,,,,,,98.0,,,,
6a7d9fab7bffe6ebe23a4027,soot + NOx + O2,1.0,1000.0,5.0,,,Degussa,Printex-U,93.5,0.005,0.045,1:9,0.05,0.0,4,25.0,100,,6a7d9fa17bffe6ebe23a3f57,10.1016/j.jcis.2017.07.114,True,True,425.0,,79.29984090720593,,,,,,,,,98.0,,,,
6a7d9fab7bffe6ebe23a4027,soot + NOx + O2,1.0,1000.0,5.0,,,Degussa,Printex-U,93.5,0.005,0.045,1:9,0.05,0.0,4,25.0,100,,6a7d9fa17bffe6ebe23a3f57,10.1016/j.jcis.2017.07.114,True,True,450.0,,96.25868035920287,,,,,,,,,98.0,,,,
6a7d9fab7bffe6ebe23a4027,soot + NOx + O2,1.0,1000.0,5.0,,,Degussa,Printex-U,93.5,0.005,0.045,1:9,0.05,0.0,4,25.0,100,,6a7d9fa17bffe6ebe23a3f57,10.1016/j.jcis.2017.07.114,True,True,475.0,,99.23921976671417,,,,,,,,,98.0,,,,
6a7d9fab7bffe6ebe23a4027,soot + NOx + O2,1.0,1000.0,5.0,,,Degussa,Printex-U,93.5,0.005,0.045,1:9,0.05,0.0,4,25.0,100,,6a7d9fa17bffe6ebe23a3f57,10.1016/j.jcis.2017.07.114,True,True,500.0,,99.87785292587482,,,,,,,,,98.0,,,,
6a7d9fab7bffe6ebe23a4028,soot + O2,1.0,1000.0,5.0,,,Degussa,Printex-U,93.5,0.005,0.045,1:9,0.05,0.0,4,25.0,100,,6a7d9fa17bffe6ebe23a3f57,10.1016/j.jcis.2017.07.114,True,True,200.0,,0.03683381116027107,,,,,,,,,100.0,,,,
6a7d9fab7bffe6ebe23a4028,soot + O2,1.0,1000.0,5.0,,,Degussa,Printex-U,93.5,0.005,0.045,1:9,0.05,0.0,4,25.0,100,,6a7d9fa17bffe6ebe23a3f57,10.1016/j.jcis.2017.07.114,True,True,225.0,,0.13176631415064577,,,,,,,,,100.0,,,,
6a7d9fab7bffe6ebe23a4028,soot + O2,1.0,1000.0,5.0,,,Degussa,Printex-U,93.5,0.005,0.045,1:9,0.05,0.0,4,25.0,100,,6a7d9fa17bffe6ebe23a3f57,10.1016/j.jcis.2017.07.114,True,True,250.0,,0.7195883726670402,,,,,,,,,100.0,,,,
6a7d9fab7bffe6ebe23a4028,soot + O2,1.0,1000.0,5.0,,,Degussa,Printex-U,93.5,0.005,0.045,1:9,0.05,0.0,4,25.0,100,,6a7d9fa17bffe6ebe23a3f57,10.1016/j.jcis.2017.07.114,True,True,275.0,,1.6886593631927767,,,,,,,,,100.0,,,,
6a7d9fab7bffe6ebe23a4028,soot + O2,1.0,1000.0,5.0,,,Degussa,Printex-U,93.5,0.005,0.045,1:9,0.05,0.0,4,25.0,100,,6a7d9fa17bffe6ebe23a3f57,10.1016/j.jcis.2017.07.114,True,True,300.0,,2.7875980178093407,,,,,,,,,100.0,,,,
6a7d9fab7bffe6ebe23a4028,soot + O2,1.0,1000.0,5.0,,,Degussa,Printex-U,93.5,0.005,0.045,1:9,0.05,0.0,4,25.0,100,,6a7d9fa17bffe6ebe23a3f57,10.1016/j.jcis.2017.07.114,True,True,325.0,,4.627769655774749,,,,,,,,,100.0,,,,
6a7d9fab7bffe6ebe23a4028,soot + O2,1.0,1000.0,5.0,,,Degussa,Printex-U,93.5,0.005,0.045,1:9,0.05,0.0,4,25.0,100,,6a7d9fa17bffe6ebe23a3f57,10.1016/j.jcis.2017.07.114,True,True,350.0,,8.444815736011698,,,,,,,,,100.0,,,,
6a7d9fab7bffe6ebe23a4028,soot + O2,1.0,1000.0,5.0,,,Degussa,Printex-U,93.5,0.005,0.045,1:9,0.05,0.0,4,25.0,100,,6a7d9fa17bffe6ebe23a3f57,10.1016/j.jcis.2017.07.114,True,True,375.0,,16.234597201389814,,,,,,,,,100.0,,,,
6a7d9fab7bffe6ebe23a4028,soot + O2,1.0,1000.0,5.0,,,Degussa,Printex-U,93.5,0.005,0.045,1:9,0.05,0.0,4,25.0,100,,6a7d9fa17bffe6ebe23a3f57,10.1016/j.jcis.2017.07.114,True,True,400.0,,31.591638345136616,,,,,,,,,100.0,,,,
6a7d9fab7bffe6ebe23a4028,soot + O2,1.0,1000.0,5.0,,,Degussa,Printex-U,93.5,0.005,0.045,1:9,0.05,0.0,4,25.0,100,,6a7d9fa17bffe6ebe23a3f57,10.1016/j.jcis.2017.07.114,True,True,425.0,,53.886346807419926,,,,,,,,,100.0,,,,
6a7d9fab7bffe6ebe23a4028,soot + O2,1.0,1000.0,5.0,,,Degussa,Printex-U,93.5,0.005,0.045,1:9,0.05,0.0,4,25.0,100,,6a7d9fa17bffe6ebe23a3f57,10.1016/j.jcis.2017.07.114,True,True,450.0,,78.33108659742922,,,,,,,,,100.0,,,,
6a7d9fab7bffe6ebe23a4028,soot + O2,1.0,1000.0,5.0,,,Degussa,Printex-U,93.5,0.005,0.045,1:9,0.05,0.0,4,25.0,100,,6a7d9fa17bffe6ebe23a3f57,10.1016/j.jcis.2017.07.114,True,True,475.0,,95.46298581708405,,,,,,,,,100.0,,,,
6a7d9fab7bffe6ebe23a4028,soot + O2,1.0,1000.0,5.0,,,Degussa,Printex-U,93.5,0.005,0.045,1:9,0.05,0.0,4,25.0,100,,6a7d9fa17bffe6ebe23a3f57,10.1016/j.jcis.2017.07.114,True,True,500.0,,99.65064838899542,,,,,,,,,100.0,,,,
6a7d9fab7bffe6ebe23a4028,soot + O2,1.0,1000.0,5.0,,,Degussa,Printex-U,93.5,0.005,0.045,1:9,0.05,0.0,4,25.0,100,,6a7d9fa17bffe6ebe23a3f57,10.1016/j.jcis.2017.07.114,True,True,525.0,,99.96962159904308,,,,,,,,,100.0,,,,
6a7d9fab7bffe6ebe23a4029,NO oxidation,,1000.0,5.0,,,,,,,0.05,,0.05,0.0,4,25.0,100,,6a7d9fa17bffe6ebe23a3f58,10.1016/j.jcis.2017.07.114,True,False,100.0,,,,13.458239969637027,,,,,,,,,,,
6a7d9fab7bffe6ebe23a4029,NO oxidation,,1000.0,5.0,,,,,,,0.05,,0.05,0.0,4,25.0,100,,6a7d9fa17bffe6ebe23a3f58,10.1016/j.jcis.2017.07.114,True,False,125.0,,,,14.893182199709505,,,,,,,,,,,
6a7d9fab7bffe6ebe23a4029,NO oxidation,,1000.0,5.0,,,,,,,0.05,,0.05,0.0,4,25.0,100,,6a7d9fa17bffe6ebe23a3f58,10.1016/j.jcis.2017.07.114,True,False,150.0,,,,15.398258508565128,,,,,,,,,,,
6a7d9fab7bffe6ebe23a4029,NO oxidation,,1000.0,5.0,,,,,,,0.05,,0.05,0.0,4,25.0,100,,6a7d9fa17bffe6ebe23a3f58,10.1016/j.jcis.2017.07.114,True,False,175.0,,,,13.726835463363718,,,,,,,,,,,
6a7d9fab7bffe6ebe23a4029,NO oxidation,,1000.0,5.0,,,,,,,0.05,,0.05,0.0,4,25.0,100,,6a7d9fa17bffe6ebe23a3f58,10.1016/j.jcis.2017.07.114,True,False,200.0,,,,13.469918034581667,,,,,,,,,,,
6a7d9fab7bffe6ebe23a4029,NO oxidation,,1000.0,5.0,,,,,,,0.05,,0.05,0.0,4,25.0,100,,6a7d9fa17bffe6ebe23a3f58,10.1016/j.jcis.2017.07.114,True,False,225.0,,,,15.006313453860692,,,,,,,,,,,
6a7d9fab7bffe6ebe23a4029,NO oxidation,,1000.0,5.0,,,,,,,0.05,,0.05,0.0,4,25.0,100,,6a7d9fa17bffe6ebe23a3f58,10.1016/j.jcis.2017.07.114,True,False,250.0,,,,17.227335430519158,,,,,,,,,,,
6a7d9fab7bffe6ebe23a4029,NO oxidation,,1000.0,5.0,,,,,,,0.05,,0.05,0.0,4,25.0,100,,6a7d9fa17bffe6ebe23a3f58,10.1016/j.jcis.2017.07.114,True,False,275.0,,,,21.304439854316136,,,,,,,,,,,
6a7d9fab7bffe6ebe23a4029,NO oxidation,,1000.0,5.0,,,,,,,0.05,,0.05,0.0,4,25.0,100,,6a7d9fa17bffe6ebe23a3f58,10.1016/j.jcis.2017.07.114,True,False,300.0,,,,26.648614324606406,,,,,,,,,,,
6a7d9fab7bffe6ebe23a4029,NO oxidation,,1000.0,5.0,,,,,,,0.05,,0.05,0.0,4,25.0,100,,6a7d9fa17bffe6ebe23a3f58,10.1016/j.jcis.2017.07.114,True,False,325.0,,,,33.062791495449204,,,,,,,,,,,
6a7d9fab7bffe6ebe23a4029,NO oxidation,,1000.0,5.0,,,,,,,0.05,,0.05,0.0,4,25.0,100,,6a7d9fa17bffe6ebe23a3f58,10.1016/j.jcis.2017.07.114,True,False,350.0,,,,38.11501434212351,,,,,,,,,,,
6a7d9fab7bffe6ebe23a4029,NO oxidation,,1000.0,5.0,,,,,,,0.05,,0.05,0.0,4,25.0,100,,6a7d9fa17bffe6ebe23a3f58,10.1016/j.jcis.2017.07.114,True,False,375.0,,,,40.198089176623434,,,,,,,,,,,
6a7d9fab7bffe6ebe23a4029,NO oxidation,,1000.0,5.0,,,,,,,0.05,,0.05,0.0,4,25.0,100,,6a7d9fa17bffe6ebe23a3f58,10.1016/j.jcis.2017.07.114,True,False,400.0,,,,38.77847440679079,,,,,,,,,,,
6a7d9fab7bffe6ebe23a4029,NO oxidation,,1000.0,5.0,,,,,,,0.05,,0.05,0.0,4,25.0,100,,6a7d9fa17bffe6ebe23a3f58,10.1016/j.jcis.2017.07.114,True,False,425.0,,,,35.472852148399014,,,,,,,,,,,
6a7d9fab7bffe6ebe23a4029,NO oxidation,,1000.0,5.0,,,,,,,0.05,,0.05,0.0,4,25.0,100,,6a7d9fa17bffe6ebe23a3f58,10.1016/j.jcis.2017.07.114,True,False,450.0,,,,31.62565962819961,,,,,,,,,,,
6a7d9fab7bffe6ebe23a4029,NO oxidation,,1000.0,5.0,,,,,,,0.05,,0.05,0.0,4,25.0,100,,6a7d9fa17bffe6ebe23a3f58,10.1016/j.jcis.2017.07.114,True,False,475.0,,,,27.66752549102613,,,,,,,,,,,
6a7d9fab7bffe6ebe23a4029,NO oxidation,,1000.0,5.0,,,,,,,0.05,,0.05,0.0,4,25.0,100,,6a7d9fa17bffe6ebe23a3f58,10.1016/j.jcis.2017.07.114,True,False,500.0,,,,24.769905626637662,,,,,,,,,,,
6a7d9fab7bffe6ebe23a4029,NO oxidation,,1000.0,5.0,,,,,,,0.05,,0.05,0.0,4,25.0,100,,6a7d9fa17bffe6ebe23a3f58,10.1016/j.jcis.2017.07.114,True,False,525.0,,,,22.085410447488847,,,,,,,,,,,
6a7d9fab7bffe6ebe23a4029,NO oxidation,,1000.0,5.0,,,,,,,0.05,,0.05,0.0,4,25.0,100,,6a7d9fa17bffe6ebe23a3f58,10.1016/j.jcis.2017.07.114,True,False,550.0,,,,20.0293411381734,,,,,,,,,,,
6a7d9fab7bffe6ebe23a4029,NO oxidation,,1000.0,5.0,,,,,,,0.05,,0.05,0.0,4,25.0,100,,6a7d9fa17bffe6ebe23a3f58,10.1016/j.jcis.2017.07.114,True,False,575.0,,,,18.52141100219693,,,,,,,,,,,
6a7d9fab7bffe6ebe23a402a,soot + NOx + O2,1.0,1000.0,5.0,,,Degussa,Printex-U,93.5,0.005,0.045,1:9,0.05,0.0,4,25.0,100,,6a7d9fa17bffe6ebe23a3f58,10.1016/j.jcis.2017.07.114,True,True,200.0,,0.02638979996531626,,,,,,,,,100.0,,,,
6a7d9fab7bffe6ebe23a402a,soot + NOx + O2,1.0,1000.0,5.0,,,Degussa,Printex-U,93.5,0.005,0.045,1:9,0.05,0.0,4,25.0,100,,6a7d9fa17bffe6ebe23a3f58,10.1016/j.jcis.2017.07.114,True,True,225.0,,0.9153490616541125,,,,,,,,,100.0,,,,
6a7d9fab7bffe6ebe23a402a,soot + NOx + O2,1.0,1000.0,5.0,,,Degussa,Printex-U,93.5,0.005,0.045,1:9,0.05,0.0,4,25.0,100,,6a7d9fa17bffe6ebe23a3f58,10.1016/j.jcis.2017.07.114,True,True,250.0,,2.203925294246269,,,,,,,,,100.0,,,,
6a7d9fab7bffe6ebe23a402a,soot + NOx + O2,1.0,1000.0,5.0,,,Degussa,Printex-U,93.5,0.005,0.045,1:9,0.05,0.0,4,25.0,100,,6a7d9fa17bffe6ebe23a3f58,10.1016/j.jcis.2017.07.114,True,True,275.0,,3.4955175039773194,,,,,,,,,100.0,,,,
6a7d9fab7bffe6ebe23a402a,soot + NOx + O2,1.0,1000.0,5.0,,,Degussa,Printex-U,93.5,0.005,0.045,1:9,0.05,0.0,4,25.0,100,,6a7d9fa17bffe6ebe23a3f58,10.1016/j.jcis.2017.07.114,True,True,300.0,,6.22874678609936,,,,,,,,,100.0,,,,
6a7d9fab7bffe6ebe23a402a,soot + NOx + O2,1.0,1000.0,5.0,,,Degussa,Printex-U,93.5,0.005,0.045,1:9,0.05,0.0,4,25.0,100,,6a7d9fa17bffe6ebe23a3f58,10.1016/j.jcis.2017.07.114,True,True,325.0,,11.524048647711249,,,,,,,,,100.0,,,,
6a7d9fab7bffe6ebe23a402a,soot + NOx + O2,1.0,1000.0,5.0,,,Degussa,Printex-U,93.5,0.005,0.045,1:9,0.05,0.0,4,25.0,100,,6a7d9fa17bffe6ebe23a3f58,10.1016/j.jcis.2017.07.114,True,True,350.0,,21.837936468441566,,,,,,,,,100.0,,,,
6a7d9fab7bffe6ebe23a402a,soot + NOx + O2,1.0,1000.0,5.0,,,Degussa,Printex-U,93.5,0.005,0.045,1:9,0.05,0.0,4,25.0,100,,6a7d9fa17bffe6ebe23a3f58,10.1016/j.jcis.2017.07.114,True,True,375.0,,39.53041235947432,,,,,,,,,100.0,,,,
6a7d9fab7bffe6ebe23a402a,soot + NOx + O2,1.0,1000.0,5.0,,,Degussa,Printex-U,93.5,0.005,0.045,1:9,0.05,0.0,4,25.0,100,,6a7d9fa17bffe6ebe23a3f58,10.1016/j.jcis.2017.07.114,True,True,400.0,,64.83672253764315,,,,,,,,,100.0,,,,
6a7d9fab7bffe6ebe23a402a,soot + NOx + O2,1.0,1000.0,5.0,,,Degussa,Printex-U,93.5,0.005,0.045,1:9,0.05,0.0,4,25.0,100,,6a7d9fa17bffe6ebe23a3f58,10.1016/j.jcis.2017.07.114,True,True,425.0,,88.97132559735198,,,,,,,,,100.0,,,,
6a7d9fab7bffe6ebe23a402a,soot + NOx + O2,1.0,1000.0,5.0,,,Degussa,Printex-U,93.5,0.005,0.045,1:9,0.05,0.0,4,25.0,100,,6a7d9fa17bffe6ebe23a3f58,10.1016/j.jcis.2017.07.114,True,True,450.0,,98.13235615674033,,,,,,,,,100.0,,,,
6a7d9fab7bffe6ebe23a402a,soot + NOx + O2,1.0,1000.0,5.0,,,Degussa,Printex-U,93.5,0.005,0.045,1:9,0.05,0.0,4,25.0,100,,6a7d9fa17bffe6ebe23a3f58,10.1016/j.jcis.2017.07.114,True,True,475.0,,99.42093238933249,,,,,,,,,100.0,,,,
6a7d9fab7bffe6ebe23a402a,soot + NOx + O2,1.0,1000.0,5.0,,,Degussa,Printex-U,93.5,0.005,0.045,1:9,0.05,0.0,4,25.0,100,,6a7d9fa17bffe6ebe23a3f58,10.1016/j.jcis.2017.07.114,True,True,500.0,,99.8220573488053,,,,,,,,,100.0,,,,
6a7d9fab7bffe6ebe23a402b,soot + O2,1.0,1000.0,5.0,,,Degussa,Printex-U,93.5,0.005,0.045,1:9,0.05,0.0,4,25.0,100,,6a7d9fa17bffe6ebe23a3f58,10.1016/j.jcis.2017.07.114,True,True,200.0,,0.15834741498795069,,,,,,,,,100.0,,,,
6a7d9fab7bffe6ebe23a402b,soot + O2,1.0,1000.0,5.0,,,Degussa,Printex-U,93.5,0.005,0.045,1:9,0.05,0.0,4,25.0,100,,6a7d9fa17bffe6ebe23a3f58,10.1016/j.jcis.2017.07.114,True,True,225.0,,0.6299720898441272,,,,,,,,,100.0,,,,
6a7d9fab7bffe6ebe23a402b,soot + O2,1.0,1000.0,5.0,,,Degussa,Printex-U,93.5,0.005,0.045,1:9,0.05,0.0,4,25.0,100,,6a7d9fa17bffe6ebe23a3f58,10.1016/j.jcis.2017.07.114,True,True,250.0,,1.2147563082648283,,,,,,,,,100.0,,,,
6a7d9fab7bffe6ebe23a402b,soot + O2,1.0,1000.0,5.0,,,Degussa,Printex-U,93.5,0.005,0.045,1:9,0.05,0.0,4,25.0,100,,6a7d9fa17bffe6ebe23a3f58,10.1016/j.jcis.2017.07.114,True,True,275.0,,2.1185137367331883,,,,,,,,,100.0,,,,
6a7d9fab7bffe6ebe23a402b,soot + O2,1.0,1000.0,5.0,,,Degussa,Printex-U,93.5,0.005,0.045,1:9,0.05,0.0,4,25.0,100,,6a7d9fa17bffe6ebe23a3f58,10.1016/j.jcis.2017.07.114,True,True,300.0,,3.332130854962127,,,,,,,,,100.0,,,,
6a7d9fab7bffe6ebe23a402b,soot + O2,1.0,1000.0,5.0,,,Degussa,Printex-U,93.5,0.005,0.045,1:9,0.05,0.0,4,25.0,100,,6a7d9fa17bffe6ebe23a3f58,10.1016/j.jcis.2017.07.114,True,True,325.0,,5.15407545235338,,,,,,,,,100.0,,,,
6a7d9fab7bffe6ebe23a402b,soot + O2,1.0,1000.0,5.0,,,Degussa,Printex-U,93.5,0.005,0.045,1:9,0.05,0.0,4,25.0,100,,6a7d9fa17bffe6ebe23a3f58,10.1016/j.jcis.2017.07.114,True,True,350.0,,8.612656401298679,,,,,,,,,100.0,,,,
6a7d9fab7bffe6ebe23a402b,soot + O2,1.0,1000.0,5.0,,,Degussa,Printex-U,93.5,0.005,0.045,1:9,0.05,0.0,4,25.0,100,,6a7d9fa17bffe6ebe23a3f58,10.1016/j.jcis.2017.07.114,True,True,375.0,,14.746815014524675,,,,,,,,,100.0,,,,
6a7d9fab7bffe6ebe23a402b,soot + O2,1.0,1000.0,5.0,,,Degussa,Printex-U,93.5,0.005,0.045,1:9,0.05,0.0,4,25.0,100,,6a7d9fa17bffe6ebe23a3f58,10.1016/j.jcis.2017.07.114,True,True,400.0,,24.50283848183941,,,,,,,,,100.0,,,,
6a7d9fab7bffe6ebe23a402b,soot + O2,1.0,1000.0,5.0,,,Degussa,Printex-U,93.5,0.005,0.045,1:9,0.05,0.0,4,25.0,100,,6a7d9fa17bffe6ebe23a3f58,10.1016/j.jcis.2017.07.114,True,True,425.0,,38.164764852190096,,,,,,,,,100.0,,,,
6a7d9fab7bffe6ebe23a402b,soot + O2,1.0,1000.0,5.0,,,Degussa,Printex-U,93.5,0.005,0.045,1:9,0.05,0.0,4,25.0,100,,6a7d9fa17bffe6ebe23a3f58,10.1016/j.jcis.2017.07.114,True,True,450.0,,57.07835728796825,,,,,,,,,100.0,,,,
6a7d9fab7bffe6ebe23a402b,soot + O2,1.0,1000.0,5.0,,,Degussa,Printex-U,93.5,0.005,0.045,1:9,0.05,0.0,4,25.0,100,,6a7d9fa17bffe6ebe23a3f58,10.1016/j.jcis.2017.07.114,True,True,475.0,,79.4930604340314,,,,,,,,,100.0,,,,
6a7d9fab7bffe6ebe23a402b,soot + O2,1.0,1000.0,5.0,,,Degussa,Printex-U,93.5,0.005,0.045,1:9,0.05,0.0,4,25.0,100,,6a7d9fa17bffe6ebe23a3f58,10.1016/j.jcis.2017.07.114,True,True,500.0,,95.51614801875866,,,,,,,,,100.0,,,,
6a7d9fab7bffe6ebe23a402b,soot + O2,1.0,1000.0,5.0,,,Degussa,Printex-U,93.5,0.005,0.045,1:9,0.05,0.0,4,25.0,100,,6a7d9fa17bffe6ebe23a3f58,10.1016/j.jcis.2017.07.114,True,True,525.0,,99.86937287588525,,,,,,,,,100.0,,,,
6a7d9fab7bffe6ebe23a402c,NO oxidation,,1000.0,5.0,,,,,,,0.05,,0.05,0.0,4,25.0,100,,6a7d9fa17bffe6ebe23a3f59,10.1016/j.jcis.2017.07.114,True,False,100.0,,,,16.62664496492931,,,,,,,,,,,
6a7d9fab7bffe6ebe23a402c,NO oxidation,,1000.0,5.0,,,,,,,0.05,,0.05,0.0,4,25.0,100,,6a7d9fa17bffe6ebe23a3f59,10.1016/j.jcis.2017.07.114,True,False,125.0,,,,18.236028290112323,,,,,,,,,,,
6a7d9fab7bffe6ebe23a402c,NO oxidation,,1000.0,5.0,,,,,,,0.05,,0.05,0.0,4,25.0,100,,6a7d9fa17bffe6ebe23a3f59,10.1016/j.jcis.2017.07.114,True,False,150.0,,,,18.017794451459388,,,,,,,,,,,
6a7d9fab7bffe6ebe23a402c,NO oxidation,,1000.0,5.0,,,,,,,0.05,,0.05,0.0,4,25.0,100,,6a7d9fa17bffe6ebe23a3f59,10.1016/j.jcis.2017.07.114,True,False,175.0,,,,15.520148311424794,,,,,,,,,,,
6a7d9fab7bffe6ebe23a402c,NO oxidation,,1000.0,5.0,,,,,,,0.05,,0.05,0.0,4,25.0,100,,6a7d9fa17bffe6ebe23a3f59,10.1016/j.jcis.2017.07.114,True,False,200.0,,,,14.790269252384876,,,,,,,,,,,
6a7d9fab7bffe6ebe23a402c,NO oxidation,,1000.0,5.0,,,,,,,0.05,,0.05,0.0,4,25.0,100,,6a7d9fa17bffe6ebe23a3f59,10.1016/j.jcis.2017.07.114,True,False,225.0,,,,19.49433978789714,,,,,,,,,,,
6a7d9fab7bffe6ebe23a402c,NO oxidation,,1000.0,5.0,,,,,,,0.05,,0.05,0.0,4,25.0,100,,6a7d9fa17bffe6ebe23a3f59,10.1016/j.jcis.2017.07.114,True,False,250.0,,,,23.47583005495989,,,,,,,,,,,
6a7d9fab7bffe6ebe23a402c,NO oxidation,,1000.0,5.0,,,,,,,0.05,,0.05,0.0,4,25.0,100,,6a7d9fa17bffe6ebe23a3f59,10.1016/j.jcis.2017.07.114,True,False,275.0,,,,27.59161806888598,,,,,,,,,,,
6a7d9fab7bffe6ebe23a402c,NO oxidation,,1000.0,5.0,,,,,,,0.05,,0.05,0.0,4,25.0,100,,6a7d9fa17bffe6ebe23a3f59,10.1016/j.jcis.2017.07.114,True,False,300.0,,,,36.50709077505857,,,,,,,,,,,
6a7d9fab7bffe6ebe23a402c,NO oxidation,,1000.0,5.0,,,,,,,0.05,,0.05,0.0,4,25.0,100,,6a7d9fa17bffe6ebe23a3f59,10.1016/j.jcis.2017.07.114,True,False,325.0,,,,48.53987694239064,,,,,,,,,,,
6a7d9fab7bffe6ebe23a402c,NO oxidation,,1000.0,5.0,,,,,,,0.05,,0.05,0.0,4,25.0,100,,6a7d9fa17bffe6ebe23a3f59,10.1016/j.jcis.2017.07.114,True,False,350.0,,,,54.90442233721872,,,,,,,,,,,
6a7d9fab7bffe6ebe23a402c,NO oxidation,,1000.0,5.0,,,,,,,0.05,,0.05,0.0,4,25.0,100,,6a7d9fa17bffe6ebe23a3f59,10.1016/j.jcis.2017.07.114,True,False,375.0,,,,52.14255997781167,,,,,,,,,,,
6a7d9fab7bffe6ebe23a402c,NO oxidation,,1000.0,5.0,,,,,,,0.05,,0.05,0.0,4,25.0,100,,6a7d9fa17bffe6ebe23a3f59,10.1016/j.jcis.2017.07.114,True,False,400.0,,,,45.77728470392456,,,,,,,,,,,
6a7d9fab7bffe6ebe23a402c,NO oxidation,,1000.0,5.0,,,,,,,0.05,,0.05,0.0,4,25.0,100,,6a7d9fa17bffe6ebe23a3f59,10.1016/j.jcis.2017.07.114,True,False,425.0,,,,39.02444364968725,,,,,,,,,,,
6a7d9fab7bffe6ebe23a402c,NO oxidation,,1000.0,5.0,,,,,,,0.05,,0.05,0.0,4,25.0,100,,6a7d9fa17bffe6ebe23a3f59,10.1016/j.jcis.2017.07.114,True,False,450.0,,,,33.46714449415732,,,,,,,,,,,
6a7d9fab7bffe6ebe23a402c,NO oxidation,,1000.0,5.0,,,,,,,0.05,,0.05,0.0,4,25.0,100,,6a7d9fa17bffe6ebe23a3f59,10.1016/j.jcis.2017.07.114,True,False,475.0,,,,28.604690202833385,,,,,,,,,,,
6a7d9fab7bffe6ebe23a402c,NO oxidation,,1000.0,5.0,,,,,,,0.05,,0.05,0.0,4,25.0,100,,6a7d9fa17bffe6ebe23a3f59,10.1016/j.jcis.2017.07.114,True,False,500.0,,,,25.077184710493466,,,,,,,,,,,
6a7d9fab7bffe6ebe23a402c,NO oxidation,,1000.0,5.0,,,,,,,0.05,,0.05,0.0,4,25.0,100,,6a7d9fa17bffe6ebe23a3f59,10.1016/j.jcis.2017.07.114,True,False,525.0,,,,22.15620871621572,,,,,,,,,,,
6a7d9fab7bffe6ebe23a402c,NO oxidation,,1000.0,5.0,,,,,,,0.05,,0.05,0.0,4,25.0,100,,6a7d9fa17bffe6ebe23a3f59,10.1016/j.jcis.2017.07.114,True,False,550.0,,,,20.176046829040423,,,,,,,,,,,
6a7d9fab7bffe6ebe23a402c,NO oxidation,,1000.0,5.0,,,,,,,0.05,,0.05,0.0,4,25.0,100,,6a7d9fa17bffe6ebe23a3f59,10.1016/j.jcis.2017.07.114,True,False,575.0,,,,18.558634834207968,,,,,,,,,,,
6a7d9fab7bffe6ebe23a402d,soot + NOx + O2,1.0,1000.0,5.0,,,Degussa,Printex-U,93.5,0.005,0.045,1:9,0.05,0.0,4,25.0,100,,6a7d9fa17bffe6ebe23a3f59,10.1016/j.jcis.2017.07.114,True,True,200.0,,0.29360656719995204,,,,,,,,,100.0,,,,
6a7d9fab7bffe6ebe23a402d,soot + NOx + O2,1.0,1000.0,5.0,,,Degussa,Printex-U,93.5,0.005,0.045,1:9,0.05,0.0,4,25.0,100,,6a7d9fa17bffe6ebe23a3f59,10.1016/j.jcis.2017.07.114,True,True,225.0,,1.5301995326262807,,,,,,,,,100.0,,,,
6a7d9fab7bffe6ebe23a402d,soot + NOx + O2,1.0,1000.0,5.0,,,Degussa,Printex-U,93.5,0.005,0.045,1:9,0.05,0.0,4,25.0,100,,6a7d9fa17bffe6ebe23a3f59,10.1016/j.jcis.2017.07.114,True,True,250.0,,3.055905087183174,,,,,,,,,100.0,,,,
6a7d9fab7bffe6ebe23a402d,soot + NOx + O2,1.0,1000.0,5.0,,,Degussa,Printex-U,93.5,0.005,0.045,1:9,0.05,0.0,4,25.0,100,,6a7d9fa17bffe6ebe23a3f59,10.1016/j.jcis.2017.07.114,True,True,275.0,,5.356821858709329,,,,,,,,,100.0,,,,
6a7d9fab7bffe6ebe23a402d,soot + NOx + O2,1.0,1000.0,5.0,,,Degussa,Printex-U,93.5,0.005,0.045,1:9,0.05,0.0,4,25.0,100,,6a7d9fa17bffe6ebe23a3f59,10.1016/j.jcis.2017.07.114,True,True,300.0,,9.18569117382707,,,,,,,,,100.0,,,,
6a7d9fab7bffe6ebe23a402d,soot + NOx + O2,1.0,1000.0,5.0,,,Degussa,Printex-U,93.5,0.005,0.045,1:9,0.05,0.0,4,25.0,100,,6a7d9fa17bffe6ebe23a3f59,10.1016/j.jcis.2017.07.114,True,True,325.0,,17.498052609503265,,,,,,,,,100.0,,,,
6a7d9fab7bffe6ebe23a402d,soot + NOx + O2,1.0,1000.0,5.0,,,Degussa,Printex-U,93.5,0.005,0.045,1:9,0.05,0.0,4,25.0,100,,6a7d9fa17bffe6ebe23a3f59,10.1016/j.jcis.2017.07.114,True,True,350.0,,35.548115525196245,,,,,,,,,100.0,,,,
6a7d9fab7bffe6ebe23a402d,soot + NOx + O2,1.0,1000.0,5.0,,,Degussa,Printex-U,93.5,0.005,0.045,1:9,0.05,0.0,4,25.0,100,,6a7d9fa17bffe6ebe23a3f59,10.1016/j.jcis.2017.07.114,True,True,375.0,,61.532296722392,,,,,,,,,100.0,,,,
6a7d9fab7bffe6ebe23a402d,soot + NOx + O2,1.0,1000.0,5.0,,,Degussa,Printex-U,93.5,0.005,0.045,1:9,0.05,0.0,4,25.0,100,,6a7d9fa17bffe6ebe23a3f59,10.1016/j.jcis.2017.07.114,True,True,400.0,,86.41994727065733,,,,,,,,,100.0,,,,
6a7d9fab7bffe6ebe23a402d,soot + NOx + O2,1.0,1000.0,5.0,,,Degussa,Printex-U,93.5,0.005,0.045,1:9,0.05,0.0,4,25.0,100,,6a7d9fa17bffe6ebe23a3f59,10.1016/j.jcis.2017.07.114,True,True,425.0,,97.85187848283302,,,,,,,,,100.0,,,,
6a7d9fab7bffe6ebe23a402d,soot + NOx + O2,1.0,1000.0,5.0,,,Degussa,Printex-U,93.5,0.005,0.045,1:9,0.05,0.0,4,25.0,100,,6a7d9fa17bffe6ebe23a3f59,10.1016/j.jcis.2017.07.114,True,True,450.0,,99.42926478518785,,,,,,,,,100.0,,,,
6a7d9fab7bffe6ebe23a402d,soot + NOx + O2,1.0,1000.0,5.0,,,Degussa,Printex-U,93.5,0.005,0.045,1:9,0.05,0.0,4,25.0,100,,6a7d9fa17bffe6ebe23a3f59,10.1016/j.jcis.2017.07.114,True,True,475.0,,99.897387500749,,,,,,,,,100.0,,,,
6a7d9fab7bffe6ebe23a402e,soot + O2,1.0,1000.0,5.0,,,Degussa,Printex-U,93.5,0.005,0.045,1:9,0.05,0.0,4,25.0,100,,6a7d9fa17bffe6ebe23a3f59,10.1016/j.jcis.2017.07.114,True,True,200.0,,0.08240141259565092,,,,,,,,,100.0,,,,
6a7d9fab7bffe6ebe23a402e,soot + O2,1.0,1000.0,5.0,,,Degussa,Printex-U,93.5,0.005,0.045,1:9,0.05,0.0,4,25.0,100,,6a7d9fa17bffe6ebe23a3f59,10.1016/j.jcis.2017.07.114,True,True,225.0,,1.0985589246046104,,,,,,,,,100.0,,,,
6a7d9fab7bffe6ebe23a402e,soot + O2,1.0,1000.0,5.0,,,Degussa,Printex-U,93.5,0.005,0.045,1:9,0.05,0.0,4,25.0,100,,6a7d9fa17bffe6ebe23a3f59,10.1016/j.jcis.2017.07.114,True,True,250.0,,2.683551994531893,,,,,,,,,100.0,,,,
6a7d9fab7bffe6ebe23a402e,soot + O2,1.0,1000.0,5.0,,,Degussa,Printex-U,93.5,0.005,0.045,1:9,0.05,0.0,4,25.0,100,,6a7d9fa17bffe6ebe23a3f59,10.1016/j.jcis.2017.07.114,True,True,275.0,,4.7447264994588885,,,,,,,,,100.0,,,,
6a7d9fab7bffe6ebe23a402e,soot + O2,1.0,1000.0,5.0,,,Degussa,Printex-U,93.5,0.005,0.045,1:9,0.05,0.0,4,25.0,100,,6a7d9fa17bffe6ebe23a3f59,10.1016/j.jcis.2017.07.114,True,True,300.0,,7.377014942375974,,,,,,,,,100.0,,,,
6a7d9fab7bffe6ebe23a402e,soot + O2,1.0,1000.0,5.0,,,Degussa,Printex-U,93.5,0.005,0.045,1:9,0.05,0.0,4,25.0,100,,6a7d9fa17bffe6ebe23a3f59,10.1016/j.jcis.2017.07.114,True,True,325.0,,12.377299739884943,,,,,,,,,100.0,,,,
6a7d9fab7bffe6ebe23a402e,soot + O2,1.0,1000.0,5.0,,,Degussa,Printex-U,93.5,0.005,0.045,1:9,0.05,0.0,4,25.0,100,,6a7d9fa17bffe6ebe23a3f59,10.1016/j.jcis.2017.07.114,True,True,350.0,,22.98695627408912,,,,,,,,,100.0,,,,
6a7d9fab7bffe6ebe23a402e,soot + O2,1.0,1000.0,5.0,,,Degussa,Printex-U,93.5,0.005,0.045,1:9,0.05,0.0,4,25.0,100,,6a7d9fa17bffe6ebe23a3f59,10.1016/j.jcis.2017.07.114,True,True,375.0,,42.4891302284076,,,,,,,,,100.0,,,,
6a7d9fab7bffe6ebe23a402e,soot + O2,1.0,1000.0,5.0,,,Degussa,Printex-U,93.5,0.005,0.045,1:9,0.05,0.0,4,25.0,100,,6a7d9fa17bffe6ebe23a3f59,10.1016/j.jcis.2017.07.114,True,True,400.0,,68.30925212174145,,,,,,,,,100.0,,,,
6a7d9fab7bffe6ebe23a402e,soot + O2,1.0,1000.0,5.0,,,Degussa,Printex-U,93.5,0.005,0.045,1:9,0.05,0.0,4,25.0,100,,6a7d9fa17bffe6ebe23a3f59,10.1016/j.jcis.2017.07.114,True,True,425.0,,90.29410089426418,,,,,,,,,100.0,,,,
6a7d9fab7bffe6ebe23a402e,soot + O2,1.0,1000.0,5.0,,,Degussa,Printex-U,93.5,0.005,0.045,1:9,0.05,0.0,4,25.0,100,,6a7d9fa17bffe6ebe23a3f59,10.1016/j.jcis.2017.07.114,True,True,450.0,,98.63297195693862,,,,,,,,,100.0,,,,
6a7d9fab7bffe6ebe23a402e,soot + O2,1.0,1000.0,5.0,,,Degussa,Printex-U,93.5,0.005,0.045,1:9,0.05,0.0,4,25.0,100,,6a7d9fa17bffe6ebe23a3f59,10.1016/j.jcis.2017.07.114,True,True,475.0,,99.74482143196187,,,,,,,,,100.0,,,,
6a7d9fab7bffe6ebe23a402e,soot + O2,1.0,1000.0,5.0,,,Degussa,Printex-U,93.5,0.005,0.045,1:9,0.05,0.0,4,25.0,100,,6a7d9fa17bffe6ebe23a3f59,10.1016/j.jcis.2017.07.114,True,True,500.0,,99.9635459188517,,,,,,,,,100.0,,,,
6a7d9fab7bffe6ebe23a4032,NO oxidation,,1000.0,5.0,,,,,,,0.05,,0.05,0.0,5,25.0,100,,6a7d9fa27bffe6ebe23a3f5b,10.1016/j.jece.2022.109152,True,False,205.315629241096,,,,15.834750261729566,,,,,,,,,,,
6a7d9fab7bffe6ebe23a4032,NO oxidation,,1000.0,5.0,,,,,,,0.05,,0.05,0.0,5,25.0,100,,6a7d9fa27bffe6ebe23a3f5b,10.1016/j.jece.2022.109152,True,False,229.98202692293586,,,,15.945827548058002,,,,,,,,,,,
6a7d9fab7bffe6ebe23a4032,NO oxidation,,1000.0,5.0,,,,,,,0.05,,0.05,0.0,5,25.0,100,,6a7d9fa27bffe6ebe23a3f5b,10.1016/j.jece.2022.109152,True,False,254.86190074459893,,,,16.359248891825867,,,,,,,,,,,
6a7d9fab7bffe6ebe23a4032,NO oxidation,,1000.0,5.0,,,,,,,0.05,,0.05,0.0,5,25.0,100,,6a7d9fa27bffe6ebe23a3f5b,10.1016/j.jece.2022.109152,True,False,279.83200674907386,,,,17.293010892405015,,,,,,,,,,,
6a7d9fab7bffe6ebe23a4032,NO oxidation,,1000.0,5.0,,,,,,,0.05,,0.05,0.0,5,25.0,100,,6a7d9fa27bffe6ebe23a3f5b,10.1016/j.jece.2022.109152,True,False,299.9339764516011,,,,17.875127152308043,,,,,,,,,,,
6a7d9fab7bffe6ebe23a4032,NO oxidation,,1000.0,5.0,,,,,,,0.05,,0.05,0.0,5,25.0,100,,6a7d9fa27bffe6ebe23a3f5b,10.1016/j.jece.2022.109152,True,False,320.29783956277737,,,,19.091037340085087,,,,,,,,,,,
6a7d9fab7bffe6ebe23a4032,NO oxidation,,1000.0,5.0,,,,,,,0.05,,0.05,0.0,5,25.0,100,,6a7d9fa27bffe6ebe23a3f5b,10.1016/j.jece.2022.109152,True,False,340.06308916847007,,,,24.005167766797094,,,,,,,,,,,
6a7d9fab7bffe6ebe23a4032,NO oxidation,,1000.0,5.0,,,,,,,0.05,,0.05,0.0,5,25.0,100,,6a7d9fa27bffe6ebe23a3f5b,10.1016/j.jece.2022.109152,True,False,355.13406448299895,,,,30.251631633266758,,,,,,,,,,,
6a7d9fab7bffe6ebe23a4032,NO oxidation,,1000.0,5.0,,,,,,,0.05,,0.05,0.0,5,25.0,100,,6a7d9fa27bffe6ebe23a3f5b,10.1016/j.jece.2022.109152,True,False,369.86831970069323,,,,38.12920901983205,,,,,,,,,,,
6a7d9fab7bffe6ebe23a4032,NO oxidation,,1000.0,5.0,,,,,,,0.05,,0.05,0.0,5,25.0,100,,6a7d9fa27bffe6ebe23a3f5b,10.1016/j.jece.2022.109152,True,False,384.97450757436815,,,,44.858591783547794,,,,,,,,,,,
6a7d9fab7bffe6ebe23a4032,NO oxidation,,1000.0,5.0,,,,,,,0.05,,0.05,0.0,5,25.0,100,,6a7d9fa27bffe6ebe23a3f5b,10.1016/j.jece.2022.109152,True,False,400.2633605986135,,,,47.374165620985885,,,,,,,,,,,
6a7d9fab7bffe6ebe23a4032,NO oxidation,,1000.0,5.0,,,,,,,0.05,,0.05,0.0,5,25.0,100,,6a7d9fa27bffe6ebe23a3f5b,10.1016/j.jece.2022.109152,True,False,419.94057880644095,,,,45.52683749006913,,,,,,,,,,,
6a7d9fab7bffe6ebe23a4032,NO oxidation,,1000.0,5.0,,,,,,,0.05,,0.05,0.0,5,25.0,100,,6a7d9fa27bffe6ebe23a3f5b,10.1016/j.jece.2022.109152,True,False,434.9279242929978,,,,42.575270453887335,,,,,,,,,,,
6a7d9fab7bffe6ebe23a4032,NO oxidation,,1000.0,5.0,,,,,,,0.05,,0.05,0.0,5,25.0,100,,6a7d9fa27bffe6ebe23a3f5b,10.1016/j.jece.2022.109152,True,False,459.83860910391365,,,,37.54352878282757,,,,,,,,,,,
6a7d9fab7bffe6ebe23a4032,NO oxidation,,1000.0,5.0,,,,,,,0.05,,0.05,0.0,5,25.0,100,,6a7d9fa27bffe6ebe23a3f5b,10.1016/j.jece.2022.109152,True,False,485.03539595789164,,,,32.86046287152605,,,,,,,,,,,
6a7d9fab7bffe6ebe23a4032,NO oxidation,,1000.0,5.0,,,,,,,0.05,,0.05,0.0,5,25.0,100,,6a7d9fa27bffe6ebe23a3f5b,10.1016/j.jece.2022.109152,True,False,519.9442467813519,,,,27.87208292186723,,,,,,,,,,,
6a7d9fab7bffe6ebe23a4032,NO oxidation,,1000.0,5.0,,,,,,,0.05,,0.05,0.0,5,25.0,100,,6a7d9fa27bffe6ebe23a3f5b,10.1016/j.jece.2022.109152,True,False,554.9851447016101,,,,24.426905057135013,,,,,,,,,,,
6a7d9fab7bffe6ebe23a4032,NO oxidation,,1000.0,5.0,,,,,,,0.05,,0.05,0.0,5,25.0,100,,6a7d9fa27bffe6ebe23a3f5b,10.1016/j.jece.2022.109152,True,False,594.6432894399002,,,,21.814509841774264,,,,,,,,,,,
6a7d9fab7bffe6ebe23a4033,tight soot + O2,1.0,,5.0,,,Degussa,Printex-U,,0.005,0.045,1:9,0.05,0.05,4,25.0,100,,6a7d9fa27bffe6ebe23a3f5b,10.1016/j.jece.2022.109152,False,True,200.0,,0.31564629873297945,,,,5.019106346006224,,,,,92.3,,,,
6a7d9fab7bffe6ebe23a4033,tight soot + O2,1.0,,5.0,,,Degussa,Printex-U,,0.005,0.045,1:9,0.05,0.05,4,25.0,100,,6a7d9fa27bffe6ebe23a3f5b,10.1016/j.jece.2022.109152,False,True,250.0,,0.7990951965581986,,,,127.95768766818222,,,,,92.3,,,,
6a7d9fab7bffe6ebe23a4033,tight soot + O2,1.0,,5.0,,,Degussa,Printex-U,,0.005,0.045,1:9,0.05,0.05,4,25.0,100,,6a7d9fa27bffe6ebe23a3f5b,10.1016/j.jece.2022.109152,False,True,300.0,,3.317612619938201,,,,343.95640547630893,,,,,92.3,,,,
6a7d9fab7bffe6ebe23a4033,tight soot + O2,1.0,,5.0,,,Degussa,Printex-U,,0.005,0.045,1:9,0.05,0.05,4,25.0,100,,6a7d9fa27bffe6ebe23a3f5b,10.1016/j.jece.2022.109152,False,True,325.0,,5.801386773902629,,,,586.29066952348,,,,,92.3,,,,
6a7d9fab7bffe6ebe23a4033,tight soot + O2,1.0,,5.0,,,Degussa,Printex-U,,0.005,0.045,1:9,0.05,0.05,4,25.0,100,,6a7d9fa27bffe6ebe23a3f5b,10.1016/j.jece.2022.109152,False,True,350.0,,10.869468797587189,,,,1226.9648325136864,,,,,92.3,,,,
6a7d9fab7bffe6ebe23a4033,tight soot + O2,1.0,,5.0,,,Degussa,Printex-U,,0.005,0.045,1:9,0.05,0.05,4,25.0,100,,6a7d9fa27bffe6ebe23a3f5b,10.1016/j.jece.2022.109152,False,True,375.0,,22.899510637354187,,,,3330.206584730107,,,,,92.3,,,,
6a7d9fab7bffe6ebe23a4033,tight soot + O2,1.0,,5.0,,,Degussa,Printex-U,,0.005,0.045,1:9,0.05,0.05,4,25.0,100,,6a7d9fa27bffe6ebe23a3f5b,10.1016/j.jece.2022.109152,False,True,400.0,,51.41190733156907,,,,6362.927783916927,,,,,92.3,,,,
6a7d9fab7bffe6ebe23a4033,tight soot + O2,1.0,,5.0,,,Degussa,Printex-U,,0.005,0.045,1:9,0.05,0.05,4,25.0,100,,6a7d9fa27bffe6ebe23a3f5b,10.1016/j.jece.2022.109152,False,True,425.0,,81.8728839870489,,,,3132.9261811770857,,,,,92.3,,,,
6a7d9fab7bffe6ebe23a4033,tight soot + O2,1.0,,5.0,,,Degussa,Printex-U,,0.005,0.045,1:9,0.05,0.05,4,25.0,100,,6a7d9fa27bffe6ebe23a3f5b,10.1016/j.jece.2022.109152,False,True,450.0,,90.1277369564896,,,,565.3285194901599,,,,,92.3,,,,
6a7d9fab7bffe6ebe23a4033,tight soot + O2,1.0,,5.0,,,Degussa,Printex-U,,0.005,0.045,1:9,0.05,0.05,4,25.0,100,,6a7d9fa27bffe6ebe23a3f5b,10.1016/j.jece.2022.109152,False,True,500.0,,93.605759990538,,,,226.74551021957532,,,,,92.3,,,,
6a7d9fab7bffe6ebe23a4033,tight soot + O2,1.0,,5.0,,,Degussa,Printex-U,,0.005,0.045,1:9,0.05,0.05,4,25.0,100,,6a7d9fa27bffe6ebe23a3f5b,10.1016/j.jece.2022.109152,False,True,550.0,,96.19598160824377,,,,266.24882957814197,,,,,92.3,,,,
6a7d9fab7bffe6ebe23a4034,loose soot + O2,0.0,,5.0,,,Degussa,Printex-U,,0.005,0.045,1:9,0.05,0.05,4,25.0,100,,6a7d9fa27bffe6ebe23a3f5b,10.1016/j.jece.2022.109152,False,True,200.0,,0.048861453535000265,,,,16.95933364035011,,,,,99.2,,,,
6a7d9fab7bffe6ebe23a4034,loose soot + O2,0.0,,5.0,,,Degussa,Printex-U,,0.005,0.045,1:9,0.05,0.05,4,25.0,100,,6a7d9fa27bffe6ebe23a3f5b,10.1016/j.jece.2022.109152,False,True,250.0,,0.8537699781801962,,,,143.25330877200014,,,,,99.2,,,,
6a7d9fab7bffe6ebe23a4034,loose soot + O2,0.0,,5.0,,,Degussa,Printex-U,,0.005,0.045,1:9,0.05,0.05,4,25.0,100,,6a7d9fa27bffe6ebe23a3f5b,10.1016/j.jece.2022.109152,False,True,300.0,,3.2998265604893646,,,,314.95905332078576,,,,,99.2,,,,
6a7d9fab7bffe6ebe23a4034,loose soot + O2,0.0,,5.0,,,Degussa,Printex-U,,0.005,0.045,1:9,0.05,0.05,4,25.0,100,,6a7d9fa27bffe6ebe23a3f5b,10.1016/j.jece.2022.109152,False,True,325.0,,4.851457451371667,,,,306.24912400136157,,,,,99.2,,,,
6a7d9fab7bffe6ebe23a4034,loose soot + O2,0.0,,5.0,,,Degussa,Printex-U,,0.005,0.045,1:9,0.05,0.05,4,25.0,100,,6a7d9fa27bffe6ebe23a3f5b,10.1016/j.jece.2022.109152,False,True,350.0,,6.379963074168707,,,,271.19916705043755,,,,,99.2,,,,
6a7d9fab7bffe6ebe23a4034,loose soot + O2,0.0,,5.0,,,Degussa,Printex-U,,0.005,0.045,1:9,0.05,0.05,4,25.0,100,,6a7d9fa27bffe6ebe23a3f5b,10.1016/j.jece.2022.109152,False,True,375.0,,7.660804535536453,,,,298.0497767454899,,,,,99.2,,,,
6a7d9fab7bffe6ebe23a4034,loose soot + O2,0.0,,5.0,,,Degussa,Printex-U,,0.005,0.045,1:9,0.05,0.05,4,25.0,100,,6a7d9fa27bffe6ebe23a3f5b,10.1016/j.jece.2022.109152,False,True,400.0,,9.593629361630708,,,,418.06659591934806,,,,,99.2,,,,
6a7d9fab7bffe6ebe23a4034,loose soot + O2,0.0,,5.0,,,Degussa,Printex-U,,0.005,0.045,1:9,0.05,0.05,4,25.0,100,,6a7d9fa27bffe6ebe23a3f5b,10.1016/j.jece.2022.109152,False,True,425.0,,11.865127468715617,,,,578.0289530064273,,,,,99.2,,,,
6a7d9fab7bffe6ebe23a4034,loose soot + O2,0.0,,5.0,,,Degussa,Printex-U,,0.005,0.045,1:9,0.05,0.05,4,25.0,100,,6a7d9fa27bffe6ebe23a3f5b,10.1016/j.jece.2022.109152,False,True,450.0,,15.867290800246174,,,,838.4558396572091,,,,,99.2,,,,
6a7d9fab7bffe6ebe23a4034,loose soot + O2,0.0,,5.0,,,Degussa,Printex-U,,0.005,0.045,1:9,0.05,0.05,4,25.0,100,,6a7d9fa27bffe6ebe23a3f5b,10.1016/j.jece.2022.109152,False,True,475.0,,20.772085563491917,,,,1273.501792042929,,,,,99.2,,,,
6a7d9fab7bffe6ebe23a4034,loose soot + O2,0.0,,5.0,,,Degussa,Printex-U,,0.005,0.045,1:9,0.05,0.05,4,25.0,100,,6a7d9fa27bffe6ebe23a3f5b,10.1016/j.jece.2022.109152,False,True,500.0,,29.534324238637844,,,,2095.9894279478603,,,,,99.2,,,,
6a7d9fab7bffe6ebe23a4034,loose soot + O2,0.0,,5.0,,,Degussa,Printex-U,,0.005,0.045,1:9,0.05,0.05,4,25.0,100,,6a7d9fa27bffe6ebe23a3f5b,10.1016/j.jece.2022.109152,False,True,525.0,,42.720948881967885,,,,3341.4192179084157,,,,,99.2,,,,
6a7d9fab7bffe6ebe23a4034,loose soot + O2,0.0,,5.0,,,Degussa,Printex-U,,0.005,0.045,1:9,0.05,0.05,4,25.0,100,,6a7d9fa27bffe6ebe23a3f5b,10.1016/j.jece.2022.109152,False,True,550.0,,61.20773577516272,,,,3631.6701039184672,,,,,99.2,,,,
6a7d9fab7bffe6ebe23a4034,loose soot + O2,0.0,,5.0,,,Degussa,Printex-U,,0.005,0.045,1:9,0.05,0.05,4,25.0,100,,6a7d9fa27bffe6ebe23a3f5b,10.1016/j.jece.2022.109152,False,True,575.0,,77.201469573488,,,,3028.672686863024,,,,,99.2,,,,
6a7d9fab7bffe6ebe23a4034,loose soot + O2,0.0,,5.0,,,Degussa,Printex-U,,0.005,0.045,1:9,0.05,0.05,4,25.0,100,,6a7d9fa27bffe6ebe23a3f5b,10.1016/j.jece.2022.109152,False,True,600.0,,90.86924898826952,,,,2186.7528983040665,,,,,99.2,,,,
6a7d9fab7bffe6ebe23a4034,loose soot + O2,0.0,,5.0,,,Degussa,Printex-U,,0.005,0.045,1:9,0.05,0.05,4,25.0,100,,6a7d9fa27bffe6ebe23a3f5b,10.1016/j.jece.2022.109152,False,True,625.0,,97.40922399806045,,,,705.6744688945397,,,,,99.2,,,,
6a7d9fab7bffe6ebe23a4034,loose soot + O2,0.0,,5.0,,,Degussa,Printex-U,,0.005,0.045,1:9,0.05,0.05,4,25.0,100,,6a7d9fa27bffe6ebe23a3f5b,10.1016/j.jece.2022.109152,False,True,650.0,,99.51586132298912,,,,131.6901267444888,,,,,99.2,,,,
6a7d9fab7bffe6ebe23a4035,loose soot + O2 + NO,0.0,1000.0,5.0,,,Degussa,Printex-U,,0.005,0.045,1:9,0.05,0.05,4,25.0,100,,6a7d9fa27bffe6ebe23a3f5b,10.1016/j.jece.2022.109152,True,True,200.0,,1.0861481251936782,,,,42.47549637506779,,,,,88.6,,,,
6a7d9fab7bffe6ebe23a4035,loose soot + O2 + NO,0.0,1000.0,5.0,,,Degussa,Printex-U,,0.005,0.045,1:9,0.05,0.05,4,25.0,100,,6a7d9fa27bffe6ebe23a3f5b,10.1016/j.jece.2022.109152,True,True,250.0,,2.012705299039355,,,,135.37154600111532,,,,,88.6,,,,
6a7d9fab7bffe6ebe23a4035,loose soot + O2 + NO,0.0,1000.0,5.0,,,Degussa,Printex-U,,0.005,0.045,1:9,0.05,0.05,4,25.0,100,,6a7d9fa27bffe6ebe23a3f5b,10.1016/j.jece.2022.109152,True,True,300.0,,4.006042764177254,,,,315.84656872856164,,,,,88.6,,,,
6a7d9fab7bffe6ebe23a4035,loose soot + O2 + NO,0.0,1000.0,5.0,,,Degussa,Printex-U,,0.005,0.045,1:9,0.05,0.05,4,25.0,100,,6a7d9fa27bffe6ebe23a3f5b,10.1016/j.jece.2022.109152,True,True,350.0,,8.411837620080568,,,,552.5175898975544,,,,,88.6,,,,
6a7d9fab7bffe6ebe23a4035,loose soot + O2 + NO,0.0,1000.0,5.0,,,Degussa,Printex-U,,0.005,0.045,1:9,0.05,0.05,4,25.0,100,,6a7d9fa27bffe6ebe23a3f5b,10.1016/j.jece.2022.109152,True,True,375.0,,13.32119615742175,,,,1068.2740127884856,,,,,88.6,,,,
6a7d9fab7bffe6ebe23a4035,loose soot + O2 + NO,0.0,1000.0,5.0,,,Degussa,Printex-U,,0.005,0.045,1:9,0.05,0.05,4,25.0,100,,6a7d9fa27bffe6ebe23a3f5b,10.1016/j.jece.2022.109152,True,True,400.0,,22.86256585063526,,,,2033.6595390339116,,,,,88.6,,,,
6a7d9fab7bffe6ebe23a4035,loose soot + O2 + NO,0.0,1000.0,5.0,,,Degussa,Printex-U,,0.005,0.045,1:9,0.05,0.05,4,25.0,100,,6a7d9fa27bffe6ebe23a3f5b,10.1016/j.jece.2022.109152,True,True,425.0,,37.9973659745894,,,,3078.7706552380077,,,,,88.6,,,,
6a7d9fab7bffe6ebe23a4035,loose soot + O2 + NO,0.0,1000.0,5.0,,,Degussa,Printex-U,,0.005,0.045,1:9,0.05,0.05,4,25.0,100,,6a7d9fa27bffe6ebe23a3f5b,10.1016/j.jece.2022.109152,True,True,450.0,,57.25751471955376,,,,3505.5118832076637,,,,,88.6,,,,
6a7d9fab7bffe6ebe23a4035,loose soot + O2 + NO,0.0,1000.0,5.0,,,Degussa,Printex-U,,0.005,0.045,1:9,0.05,0.05,4,25.0,100,,6a7d9fa27bffe6ebe23a3f5b,10.1016/j.jece.2022.109152,True,True,475.0,,75.77316392934614,,,,3100.1611929808478,,,,,88.6,,,,
6a7d9fab7bffe6ebe23a4035,loose soot + O2 + NO,0.0,1000.0,5.0,,,Degussa,Printex-U,,0.005,0.045,1:9,0.05,0.05,4,25.0,100,,6a7d9fa27bffe6ebe23a3f5b,10.1016/j.jece.2022.109152,True,True,500.0,,87.89045553145336,,,,1557.0783581234386,,,,,88.6,,,,
6a7d9fab7bffe6ebe23a4035,loose soot + O2 + NO,0.0,1000.0,5.0,,,Degussa,Printex-U,,0.005,0.045,1:9,0.05,0.05,4,25.0,100,,6a7d9fa27bffe6ebe23a3f5b,10.1016/j.jece.2022.109152,True,True,525.0,,92.75720483421134,,,,508.1169451256311,,,,,88.6,,,,
6a7d9fab7bffe6ebe23a4035,loose soot + O2 + NO,0.0,1000.0,5.0,,,Degussa,Printex-U,,0.005,0.045,1:9,0.05,0.05,4,25.0,100,,6a7d9fa27bffe6ebe23a3f5b,10.1016/j.jece.2022.109152,True,True,550.0,,94.82568949488689,,,,362.9057517628094,,,,,88.6,,,,
6a7d9fab7bffe6ebe23a4035,loose soot + O2 + NO,0.0,1000.0,5.0,,,Degussa,Printex-U,,0.005,0.045,1:9,0.05,0.05,4,25.0,100,,6a7d9fa27bffe6ebe23a3f5b,10.1016/j.jece.2022.109152,True,True,575.0,,96.50526805082119,,,,336.90096944972834,,,,,88.6,,,,
6a7d9fab7bffe6ebe23a4035,loose soot + O2 + NO,0.0,1000.0,5.0,,,Degussa,Printex-U,,0.005,0.045,1:9,0.05,0.05,4,25.0,100,,6a7d9fa27bffe6ebe23a3f5b,10.1016/j.jece.2022.109152,True,True,600.0,,98.13758909203594,,,,206.84649997326179,,,,,88.6,,,,
6a7d9fab7bffe6ebe23a4035,loose soot + O2 + NO,0.0,1000.0,5.0,,,Degussa,Printex-U,,0.005,0.045,1:9,0.05,0.05,4,25.0,100,,6a7d9fa27bffe6ebe23a3f5b,10.1016/j.jece.2022.109152,True,True,625.0,,98.7488379299659,,,,124.2790242858998,,,,,88.6,,,,
6a7d9fab7bffe6ebe23a4035,loose soot + O2 + NO,0.0,1000.0,5.0,,,Degussa,Printex-U,,0.005,0.045,1:9,0.05,0.05,4,25.0,100,,6a7d9fa27bffe6ebe23a3f5b,10.1016/j.jece.2022.109152,True,True,650.0,,99.31050511310815,,,,87.57897310139877,,,,,88.6,,,,
6a7d9fab7bffe6ebe23a4036,NO oxidation,,1000.0,5.0,,,,,,,0.05,,0.05,0.0,5,25.0,100,,6a7d9fa27bffe6ebe23a3f5c,10.1016/j.jece.2022.109152,True,False,200.16579246597956,,,,15.264513925498028,,,,,,,,,,,
6a7d9fab7bffe6ebe23a4036,NO oxidation,,1000.0,5.0,,,,,,,0.05,,0.05,0.0,5,25.0,100,,6a7d9fa27bffe6ebe23a3f5c,10.1016/j.jece.2022.109152,True,False,247.561897076624,,,,15.91672173506285,,,,,,,,,,,
6a7d9fab7bffe6ebe23a4036,NO oxidation,,1000.0,5.0,,,,,,,0.05,,0.05,0.0,5,25.0,100,,6a7d9fa27bffe6ebe23a3f5c,10.1016/j.jece.2022.109152,True,False,281.6982723838169,,,,18.366361996124173,,,,,,,,,,,
6a7d9fab7bffe6ebe23a4036,NO oxidation,,1000.0,5.0,,,,,,,0.05,,0.05,0.0,5,25.0,100,,6a7d9fa27bffe6ebe23a3f5c,10.1016/j.jece.2022.109152,True,False,311.0963577009133,,,,19.81927666114745,,,,,,,,,,,
6a7d9fab7bffe6ebe23a4036,NO oxidation,,1000.0,5.0,,,,,,,0.05,,0.05,0.0,5,25.0,100,,6a7d9fa27bffe6ebe23a3f5c,10.1016/j.jece.2022.109152,True,False,335.012287715952,,,,28.31758005954812,,,,,,,,,,,
6a7d9fab7bffe6ebe23a4036,NO oxidation,,1000.0,5.0,,,,,,,0.05,,0.05,0.0,5,25.0,100,,6a7d9fa27bffe6ebe23a3f5c,10.1016/j.jece.2022.109152,True,False,350.0700583208011,,,,37.190101053600735,,,,,,,,,,,
6a7d9fab7bffe6ebe23a4036,NO oxidation,,1000.0,5.0,,,,,,,0.05,,0.05,0.0,5,25.0,100,,6a7d9fa27bffe6ebe23a3f5c,10.1016/j.jece.2022.109152,True,False,364.973773979386,,,,47.74125526243494,,,,,,,,,,,
6a7d9fab7bffe6ebe23a4036,NO oxidation,,1000.0,5.0,,,,,,,0.05,,0.05,0.0,5,25.0,100,,6a7d9fa27bffe6ebe23a3f5c,10.1016/j.jece.2022.109152,True,False,384.9899130689946,,,,55.57725291615002,,,,,,,,,,,
6a7d9fab7bffe6ebe23a4036,NO oxidation,,1000.0,5.0,,,,,,,0.05,,0.05,0.0,5,25.0,100,,6a7d9fa27bffe6ebe23a3f5c,10.1016/j.jece.2022.109152,True,False,410.0744598906943,,,,50.580557019921145,,,,,,,,,,,
6a7d9fab7bffe6ebe23a4036,NO oxidation,,1000.0,5.0,,,,,,,0.05,,0.05,0.0,5,25.0,100,,6a7d9fa27bffe6ebe23a3f5c,10.1016/j.jece.2022.109152,True,False,429.9849613028647,,,,44.98986494011776,,,,,,,,,,,
6a7d9fab7bffe6ebe23a4036,NO oxidation,,1000.0,5.0,,,,,,,0.05,,0.05,0.0,5,25.0,100,,6a7d9fa27bffe6ebe23a3f5c,10.1016/j.jece.2022.109152,True,False,450.04511609140593,,,,39.76566850557985,,,,,,,,,,,
6a7d9fab7bffe6ebe23a4036,NO oxidation,,1000.0,5.0,,,,,,,0.05,,0.05,0.0,5,25.0,100,,6a7d9fa27bffe6ebe23a3f5c,10.1016/j.jece.2022.109152,True,False,475.14946997762524,,,,34.613345609254466,,,,,,,,,,,
6a7d9fab7bffe6ebe23a4036,NO oxidation,,1000.0,5.0,,,,,,,0.05,,0.05,0.0,5,25.0,100,,6a7d9fa27bffe6ebe23a3f5c,10.1016/j.jece.2022.109152,True,False,500.0821626380075,,,,30.683466858725435,,,,,,,,,,,
6a7d9fab7bffe6ebe23a4036,NO oxidation,,1000.0,5.0,,,,,,,0.05,,0.05,0.0,5,25.0,100,,6a7d9fa27bffe6ebe23a3f5c,10.1016/j.jece.2022.109152,True,False,530.2175109122253,,,,26.76428003950075,,,,,,,,,,,
6a7d9fab7bffe6ebe23a4036,NO oxidation,,1000.0,5.0,,,,,,,0.05,,0.05,0.0,5,25.0,100,,6a7d9fa27bffe6ebe23a3f5c,10.1016/j.jece.2022.109152,True,False,560.3220481971903,,,,24.172080694381535,,,,,,,,,,,
6a7d9fab7bffe6ebe23a4036,NO oxidation,,1000.0,5.0,,,,,,,0.05,,0.05,0.0,5,25.0,100,,6a7d9fa27bffe6ebe23a3f5c,10.1016/j.jece.2022.109152,True,False,590.0194402670286,,,,22.16912556336825,,,,,,,,,,,
6a7d9fab7bffe6ebe23a4037,tight soot + O2,1.0,,5.0,,,Degussa,Printex-U,,0.005,0.045,1:9,0.05,0.05,4,25.0,100,,6a7d9fa27bffe6ebe23a3f5c,10.1016/j.jece.2022.109152,False,True,199.78664441260293,,0.0014784369964073979,,,,0.059048309953014404,,,,,92.6,,,,
6a7d9fab7bffe6ebe23a4037,tight soot + O2,1.0,,5.0,,,Degussa,Printex-U,,0.005,0.045,1:9,0.05,0.05,4,25.0,100,,6a7d9fa27bffe6ebe23a3f5c,10.1016/j.jece.2022.109152,False,True,216.12842274323322,,0.8330992474755687,,,,50.25011177001526,,,,,92.6,,,,
6a7d9fab7bffe6ebe23a4037,tight soot + O2,1.0,,5.0,,,Degussa,Printex-U,,0.005,0.045,1:9,0.05,0.05,4,25.0,100,,6a7d9fa27bffe6ebe23a3f5c,10.1016/j.jece.2022.109152,False,True,232.67804563132785,,0.8700601723857536,,,,71.09416518342934,,,,,92.6,,,,
6a7d9fab7bffe6ebe23a4037,tight soot + O2,1.0,,5.0,,,Degussa,Printex-U,,0.005,0.045,1:9,0.05,0.05,4,25.0,100,,6a7d9fa27bffe6ebe23a3f5c,10.1016/j.jece.2022.109152,False,True,245.7297390920972,,1.2699773799139549,,,,114.19943144912986,,,,,92.6,,,,
6a7d9fab7bffe6ebe23a4037,tight soot + O2,1.0,,5.0,,,Degussa,Printex-U,,0.005,0.045,1:9,0.05,0.05,4,25.0,100,,6a7d9fa27bffe6ebe23a3f5c,10.1016/j.jece.2022.109152,False,True,263.10601647010657,,1.7563831517319888,,,,183.52214733396877,,,,,92.6,,,,
6a7d9fab7bffe6ebe23a4037,tight soot + O2,1.0,,5.0,,,Degussa,Printex-U,,0.005,0.045,1:9,0.05,0.05,4,25.0,100,,6a7d9fa27bffe6ebe23a3f5c,10.1016/j.jece.2022.109152,False,True,280.13982270229417,,2.7099750144147605,,,,241.3894910879229,,,,,92.6,,,,
6a7d9fab7bffe6ebe23a4037,tight soot + O2,1.0,,5.0,,,Degussa,Printex-U,,0.005,0.045,1:9,0.05,0.05,4,25.0,100,,6a7d9fa27bffe6ebe23a3f5c,10.1016/j.jece.2022.109152,False,True,295.65022280306727,,3.6923963985274764,,,,307.0512117556749,,,,,92.6,,,,
6a7d9fab7bffe6ebe23a4037,tight soot + O2,1.0,,5.0,,,Degussa,Printex-U,,0.005,0.045,1:9,0.05,0.05,4,25.0,100,,6a7d9fa27bffe6ebe23a3f5c,10.1016/j.jece.2022.109152,False,True,312.8989592026327,,5.139786218010319,,,,466.3635520089078,,,,,92.6,,,,
6a7d9fab7bffe6ebe23a4037,tight soot + O2,1.0,,5.0,,,Degussa,Printex-U,,0.005,0.045,1:9,0.05,0.05,4,25.0,100,,6a7d9fa27bffe6ebe23a3f5c,10.1016/j.jece.2022.109152,False,True,329.1935001338393,,7.464628394860952,,,,672.619298674787,,,,,92.6,,,,
6a7d9fab7bffe6ebe23a4037,tight soot + O2,1.0,,5.0,,,Degussa,Printex-U,,0.005,0.045,1:9,0.05,0.05,4,25.0,100,,6a7d9fa27bffe6ebe23a3f5c,10.1016/j.jece.2022.109152,False,True,346.2769056354217,,11.145936515915373,,,,1127.7046234826691,,,,,92.6,,,,
6a7d9fab7bffe6ebe23a4037,tight soot + O2,1.0,,5.0,,,Degussa,Printex-U,,0.005,0.045,1:9,0.05,0.05,4,25.0,100,,6a7d9fa27bffe6ebe23a3f5c,10.1016/j.jece.2022.109152,False,True,360.8000440882394,,16.62945933559041,,,,1916.1176579753173,,,,,92.6,,,,
6a7d9fab7bffe6ebe23a4037,tight soot + O2,1.0,,5.0,,,Degussa,Printex-U,,0.005,0.045,1:9,0.05,0.05,4,25.0,100,,6a7d9fa27bffe6ebe23a3f5c,10.1016/j.jece.2022.109152,False,True,376.9883008707427,,27.731781960111768,,,,3687.035521776173,,,,,92.6,,,,
6a7d9fab7bffe6ebe23a4037,tight soot + O2,1.0,,5.0,,,Degussa,Printex-U,,0.005,0.045,1:9,0.05,0.05,4,25.0,100,,6a7d9fa27bffe6ebe23a3f5c,10.1016/j.jece.2022.109152,False,True,392.9261994363004,,47.171010807374444,,,,6210.2288543784325,,,,,92.6,,,,
6a7d9fab7bffe6ebe23a4037,tight soot + O2,1.0,,5.0,,,Degussa,Printex-U,,0.005,0.045,1:9,0.05,0.05,4,25.0,100,,6a7d9fa27bffe6ebe23a3f5c,10.1016/j.jece.2022.109152,False,True,408.875907351714,,70.0416919232987,,,,5458.839110226324,,,,,92.6,,,,
6a7d9fab7bffe6ebe23a4037,tight soot + O2,1.0,,5.0,,,Degussa,Printex-U,,0.005,0.045,1:9,0.05,0.05,4,25.0,100,,6a7d9fa27bffe6ebe23a3f5c,10.1016/j.jece.2022.109152,False,True,425.5932230077627,,86.99345052410592,,,,2866.382110049179,,,,,92.6,,,,
6a7d9fab7bffe6ebe23a4037,tight soot + O2,1.0,,5.0,,,Degussa,Printex-U,,0.005,0.045,1:9,0.05,0.05,4,25.0,100,,6a7d9fa27bffe6ebe23a3f5c,10.1016/j.jece.2022.109152,False,True,441.9420869483066,,93.83713538047577,,,,844.627025567918,,,,,92.6,,,,
6a7d9fab7bffe6ebe23a4037,tight soot + O2,1.0,,5.0,,,Degussa,Printex-U,,0.005,0.045,1:9,0.05,0.05,4,25.0,100,,6a7d9fa27bffe6ebe23a3f5c,10.1016/j.jece.2022.109152,False,True,458.98770253035,,96.23663862564497,,,,397.572270913646,,,,,92.6,,,,
6a7d9fab7bffe6ebe23a4037,tight soot + O2,1.0,,5.0,,,Degussa,Printex-U,,0.005,0.045,1:9,0.05,0.05,4,25.0,100,,6a7d9fa27bffe6ebe23a3f5c,10.1016/j.jece.2022.109152,False,True,474.87127808657044,,97.31663685152057,,,,206.66908483555042,,,,,92.6,,,,
6a7d9fab7bffe6ebe23a4037,tight soot + O2,1.0,,5.0,,,Degussa,Printex-U,,0.005,0.045,1:9,0.05,0.05,4,25.0,100,,6a7d9fa27bffe6ebe23a3f5c,10.1016/j.jece.2022.109152,False,True,490.9603363302839,,97.96714912993983,,,,148.3884029119252,,,,,92.6,,,,
6a7d9fab7bffe6ebe23a4037,tight soot + O2,1.0,,5.0,,,Degussa,Printex-U,,0.005,0.045,1:9,0.05,0.05,4,25.0,100,,6a7d9fa27bffe6ebe23a3f5c,10.1016/j.jece.2022.109152,False,True,506.49199326079764,,98.43655287629917,,,,129.72913696677264,,,,,92.6,,,,
6a7d9fab7bffe6ebe23a4037,tight soot + O2,1.0,,5.0,,,Degussa,Printex-U,,0.005,0.045,1:9,0.05,0.05,4,25.0,100,,6a7d9fa27bffe6ebe23a3f5c,10.1016/j.jece.2022.109152,False,True,523.917869908202,,98.83647008382738,,,,110.59748454199598,,,,,92.6,,,,
6a7d9fab7bffe6ebe23a4037,tight soot + O2,1.0,,5.0,,,Degussa,Printex-U,,0.005,0.045,1:9,0.05,0.05,4,25.0,100,,6a7d9fa27bffe6ebe23a3f5c,10.1016/j.jece.2022.109152,False,True,538.8189075564094,,99.16763997102264,,,,95.65826212388333,,,,,92.6,,,,
6a7d9fab7bffe6ebe23a4037,tight soot + O2,1.0,,5.0,,,Degussa,Printex-U,,0.005,0.045,1:9,0.05,0.05,4,25.0,100,,6a7d9fa27bffe6ebe23a3f5c,10.1016/j.jece.2022.109152,False,True,555.5669275220835,,99.46998033678796,,,,76.2904164592946,,,,,92.6,,,,
6a7d9fab7bffe6ebe23a4037,tight soot + O2,1.0,,5.0,,,Degussa,Printex-U,,0.005,0.045,1:9,0.05,0.05,4,25.0,100,,6a7d9fa27bffe6ebe23a3f5c,10.1016/j.jece.2022.109152,False,True,571.835487883607,,99.80188944248141,,,,57.86734375395412,,,,,92.6,,,,
6a7d9fab7bffe6ebe23a4038,loose soot + O2,0.0,,5.0,,,Degussa,Printex-U,,0.005,0.045,1:9,0.05,0.05,4,25.0,100,,6a7d9fa27bffe6ebe23a3f5c,10.1016/j.jece.2022.109152,False,True,214.2211661356231,,0.44795882210328486,,,,49.065935166089446,,,,,99.2,,,,
6a7d9fab7bffe6ebe23a4038,loose soot + O2,0.0,,5.0,,,Degussa,Printex-U,,0.005,0.045,1:9,0.05,0.05,4,25.0,100,,6a7d9fa27bffe6ebe23a3f5c,10.1016/j.jece.2022.109152,False,True,230.50050104108533,,0.5330001305458723,,,,73.06329215305459,,,,,99.2,,,,
6a7d9fab7bffe6ebe23a4038,loose soot + O2,0.0,,5.0,,,Degussa,Printex-U,,0.005,0.045,1:9,0.05,0.05,4,25.0,100,,6a7d9fa27bffe6ebe23a3f5c,10.1016/j.jece.2022.109152,False,True,247.40688736476392,,1.099942186829793,,,,120.6975952585949,,,,,99.2,,,,
6a7d9fab7bffe6ebe23a4038,loose soot + O2,0.0,,5.0,,,Degussa,Printex-U,,0.005,0.045,1:9,0.05,0.05,4,25.0,100,,6a7d9fa27bffe6ebe23a3f5c,10.1016/j.jece.2022.109152,False,True,263.2481863512808,,1.7422278584882847,,,,203.56206074925421,,,,,99.2,,,,
6a7d9fab7bffe6ebe23a4038,loose soot + O2,0.0,,5.0,,,Degussa,Printex-U,,0.005,0.045,1:9,0.05,0.05,4,25.0,100,,6a7d9fa27bffe6ebe23a3f5c,10.1016/j.jece.2022.109152,False,True,278.65744991089264,,2.678428227746597,,,,284.38419798570374,,,,,99.2,,,,
6a7d9fab7bffe6ebe23a4038,loose soot + O2,0.0,,5.0,,,Degussa,Printex-U,,0.005,0.045,1:9,0.05,0.05,4,25.0,100,,6a7d9fa27bffe6ebe23a3f5c,10.1016/j.jece.2022.109152,False,True,294.87978014197165,,3.7548721582961946,,,,347.8165108223375,,,,,99.2,,,,
6a7d9fab7bffe6ebe23a4038,loose soot + O2,0.0,,5.0,,,Degussa,Printex-U,,0.005,0.045,1:9,0.05,0.05,4,25.0,100,,6a7d9fa27bffe6ebe23a3f5c,10.1016/j.jece.2022.109152,False,True,313.1722801269704,,5.181924992074004,,,,364.48551348537336,,,,,99.2,,,,
6a7d9fab7bffe6ebe23a4038,loose soot + O2,0.0,,5.0,,,Degussa,Printex-U,,0.005,0.045,1:9,0.05,0.05,4,25.0,100,,6a7d9fa27bffe6ebe23a3f5c,10.1016/j.jece.2022.109152,False,True,328.4765350758762,,6.332220585218481,,,,276.27495344692954,,,,,99.2,,,,
6a7d9fab7bffe6ebe23a4038,loose soot + O2,0.0,,5.0,,,Degussa,Printex-U,,0.005,0.045,1:9,0.05,0.05,4,25.0,100,,6a7d9fa27bffe6ebe23a3f5c,10.1016/j.jece.2022.109152,False,True,343.64577895387424,,7.244549710001682,,,,252.12742526480193,,,,,99.2,,,,
6a7d9fab7bffe6ebe23a4038,loose soot + O2,0.0,,5.0,,,Degussa,Printex-U,,0.005,0.045,1:9,0.05,0.05,4,25.0,100,,6a7d9fa27bffe6ebe23a3f5c,10.1016/j.jece.2022.109152,False,True,360.88819283181226,,8.256839671024414,,,,236.02907314338353,,,,,99.2,,,,
6a7d9fab7bffe6ebe23a4038,loose soot + O2,0.0,,5.0,,,Degussa,Printex-U,,0.005,0.045,1:9,0.05,0.05,4,25.0,100,,6a7d9fa27bffe6ebe23a3f5c,10.1016/j.jece.2022.109152,False,True,376.3964645100898,,9.151265362451282,,,,252.81821276254936,,,,,99.2,,,,
6a7d9fab7bffe6ebe23a4038,loose soot + O2,0.0,,5.0,,,Degussa,Printex-U,,0.005,0.045,1:9,0.05,0.05,4,25.0,100,,6a7d9fa27bffe6ebe23a3f5c,10.1016/j.jece.2022.109152,False,True,393.31785206386917,,10.206075977695308,,,,286.7268686302385,,,,,99.2,,,,
6a7d9fab7bffe6ebe23a4038,loose soot + O2,0.0,,5.0,,,Degussa,Printex-U,,0.005,0.045,1:9,0.05,0.05,4,25.0,100,,6a7d9fa27bffe6ebe23a3f5c,10.1016/j.jece.2022.109152,False,True,408.99713776529677,,11.275060144346433,,,,313.0368620227059,,,,,99.2,,,,
6a7d9fab7bffe6ebe23a4038,loose soot + O2,0.0,,5.0,,,Degussa,Printex-U,,0.005,0.045,1:9,0.05,0.05,4,25.0,100,,6a7d9fa27bffe6ebe23a3f5c,10.1016/j.jece.2022.109152,False,True,425.85552015265256,,12.396262658286867,,,,372.2343471557576,,,,,99.2,,,,
6a7d9fab7bffe6ebe23a4038,loose soot + O2,0.0,,5.0,,,Degussa,Printex-U,,0.005,0.045,1:9,0.05,0.05,4,25.0,100,,6a7d9fa27bffe6ebe23a3f5c,10.1016/j.jece.2022.109152,False,True,443.0859330465098,,13.943417690830087,,,,460.83535230162386,,,,,99.2,,,,
6a7d9fab7bffe6ebe23a4038,loose soot + O2,0.0,,5.0,,,Degussa,Printex-U,,0.005,0.045,1:9,0.05,0.05,4,25.0,100,,6a7d9fa27bffe6ebe23a3f5c,10.1016/j.jece.2022.109152,False,True,457.89814764810706,,15.81358050017717,,,,558.3865606791743,,,,,99.2,,,,
6a7d9fab7bffe6ebe23a4038,loose soot + O2,0.0,,5.0,,,Degussa,Printex-U,,0.005,0.045,1:9,0.05,0.05,4,25.0,100,,6a7d9fa27bffe6ebe23a3f5c,10.1016/j.jece.2022.109152,False,True,473.859456475431,,18.152216482348333,,,,705.2840237871172,,,,,99.2,,,,
6a7d9fab7bffe6ebe23a4038,loose soot + O2,0.0,,5.0,,,Degussa,Printex-U,,0.005,0.045,1:9,0.05,0.05,4,25.0,100,,6a7d9fa27bffe6ebe23a3f5c,10.1016/j.jece.2022.109152,False,True,490.70883812472624,,21.532981481136122,,,,1054.3119155837653,,,,,99.2,,,,
6a7d9fab7bffe6ebe23a4038,loose soot + O2,0.0,,5.0,,,Degussa,Printex-U,,0.005,0.045,1:9,0.05,0.05,4,25.0,100,,6a7d9fa27bffe6ebe23a3f5c,10.1016/j.jece.2022.109152,False,True,506.93116835580514,,26.131925924544486,,,,1556.3642552509862,,,,,99.2,,,,
6a7d9fab7bffe6ebe23a4038,loose soot + O2,0.0,,5.0,,,Degussa,Printex-U,,0.005,0.045,1:9,0.05,0.05,4,25.0,100,,6a7d9fa27bffe6ebe23a3f5c,10.1016/j.jece.2022.109152,False,True,523.978566242432,,33.48725312843849,,,,2406.483391065815,,,,,99.2,,,,
6a7d9fab7bffe6ebe23a4038,loose soot + O2,0.0,,5.0,,,Degussa,Printex-U,,0.005,0.045,1:9,0.05,0.05,4,25.0,100,,6a7d9fa27bffe6ebe23a3f5c,10.1016/j.jece.2022.109152,False,True,539.9878790060785,,43.92793868074076,,,,3284.264061029574,,,,,99.2,,,,
6a7d9fab7bffe6ebe23a4038,loose soot + O2,0.0,,5.0,,,Degussa,Printex-U,,0.005,0.045,1:9,0.05,0.05,4,25.0,100,,6a7d9fa27bffe6ebe23a3f5c,10.1016/j.jece.2022.109152,False,True,556.2822151416417,,55.9814251878928,,,,3523.4567406843803,,,,,99.2,,,,
6a7d9fab7bffe6ebe23a4038,loose soot + O2,0.0,,5.0,,,Degussa,Printex-U,,0.005,0.045,1:9,0.05,0.05,4,25.0,100,,6a7d9fa27bffe6ebe23a3f5c,10.1016/j.jece.2022.109152,False,True,572.0005040413314,,68.06848063258798,,,,3231.884348156899,,,,,99.2,,,,
6a7d9fab7bffe6ebe23a4038,loose soot + O2,0.0,,5.0,,,Degussa,Printex-U,,0.005,0.045,1:9,0.05,0.05,4,25.0,100,,6a7d9fa27bffe6ebe23a3f5c,10.1016/j.jece.2022.109152,False,True,588.9878970075547,,79.97948564927921,,,,3033.628336303386,,,,,99.2,,,,
6a7d9fab7bffe6ebe23a4038,loose soot + O2,0.0,,5.0,,,Degussa,Printex-U,,0.005,0.045,1:9,0.05,0.05,4,25.0,100,,6a7d9fa27bffe6ebe23a3f5c,10.1016/j.jece.2022.109152,False,True,605.3032348652589,,89.60183510191902,,,,2379.60274713173,,,,,99.2,,,,
6a7d9fab7bffe6ebe23a4038,loose soot + O2,0.0,,5.0,,,Degussa,Printex-U,,0.005,0.045,1:9,0.05,0.05,4,25.0,100,,6a7d9fa27bffe6ebe23a3f5c,10.1016/j.jece.2022.109152,False,True,622.3116295536233,,96.25519852296675,,,,1184.930821136095,,,,,99.2,,,,
6a7d9fab7bffe6ebe23a4038,loose soot + O2,0.0,,5.0,,,Degussa,Printex-U,,0.005,0.045,1:9,0.05,0.05,4,25.0,100,,6a7d9fa27bffe6ebe23a3f5c,10.1016/j.jece.2022.109152,False,True,637.0938416950189,,98.78331250815911,,,,293.9951544761028,,,,,99.2,,,,
6a7d9fab7bffe6ebe23a4038,loose soot + O2,0.0,,5.0,,,Degussa,Printex-U,,0.005,0.045,1:9,0.05,0.05,4,25.0,100,,6a7d9fa27bffe6ebe23a3f5c,10.1016/j.jece.2022.109152,False,True,652.4611018103485,,99.46737285764905,,,,102.40674368780418,,,,,99.2,,,,
6a7d9fab7bffe6ebe23a4038,loose soot + O2,0.0,,5.0,,,Degussa,Printex-U,,0.005,0.045,1:9,0.05,0.05,4,25.0,100,,6a7d9fa27bffe6ebe23a3f5c,10.1016/j.jece.2022.109152,False,True,668.608425890923,,99.62626582868651,,,,53.12055743547654,,,,,99.2,,,,
6a7d9fab7bffe6ebe23a4039,loose soot + O2 + NO,0.0,1000.0,5.0,,,Degussa,Printex-U,,0.005,0.045,1:9,0.05,0.05,4,25.0,100,,6a7d9fa27bffe6ebe23a3f5c,10.1016/j.jece.2022.109152,True,True,199.8866956070658,,1.13418035326929,,,,68.66362615451607,,,,,84.1,,,,
6a7d9fab7bffe6ebe23a4039,loose soot + O2 + NO,0.0,1000.0,5.0,,,Degussa,Printex-U,,0.005,0.045,1:9,0.05,0.05,4,25.0,100,,6a7d9fa27bffe6ebe23a3f5c,10.1016/j.jece.2022.109152,True,True,215.04491222322326,,1.7717694453052366,,,,85.40936141605359,,,,,84.1,,,,
6a7d9fab7bffe6ebe23a4039,loose soot + O2 + NO,0.0,1000.0,5.0,,,Degussa,Printex-U,,0.005,0.045,1:9,0.05,0.05,4,25.0,100,,6a7d9fa27bffe6ebe23a3f5c,10.1016/j.jece.2022.109152,True,True,230.85019248095665,,2.094050201425472,,,,117.40349429712982,,,,,84.1,,,,
6a7d9fab7bffe6ebe23a4039,loose soot + O2 + NO,0.0,1000.0,5.0,,,Degussa,Printex-U,,0.005,0.045,1:9,0.05,0.05,4,25.0,100,,6a7d9fa27bffe6ebe23a3f5c,10.1016/j.jece.2022.109152,True,True,247.1032298577552,,2.502324140068174,,,,175.24961993598114,,,,,84.1,,,,
6a7d9fab7bffe6ebe23a4039,loose soot + O2 + NO,0.0,1000.0,5.0,,,Degussa,Printex-U,,0.005,0.045,1:9,0.05,0.05,4,25.0,100,,6a7d9fa27bffe6ebe23a3f5c,10.1016/j.jece.2022.109152,True,True,263.80675457995466,,3.161605206073752,,,,211.58297618774776,,,,,84.1,,,,
6a7d9fab7bffe6ebe23a4039,loose soot + O2 + NO,0.0,1000.0,5.0,,,Degussa,Printex-U,,0.005,0.045,1:9,0.05,0.05,4,25.0,100,,6a7d9fa27bffe6ebe23a3f5c,10.1016/j.jece.2022.109152,True,True,277.9711688098944,,3.9076541679578547,,,,284.5247098908318,,,,,84.1,,,,
6a7d9fab7bffe6ebe23a4039,loose soot + O2 + NO,0.0,1000.0,5.0,,,Degussa,Printex-U,,0.005,0.045,1:9,0.05,0.05,4,25.0,100,,6a7d9fa27bffe6ebe23a3f5c,10.1016/j.jece.2022.109152,True,True,296.3537827285882,,5.1456461109389515,,,,342.8903200177235,,,,,84.1,,,,
6a7d9fab7bffe6ebe23a4039,loose soot + O2 + NO,0.0,1000.0,5.0,,,Degussa,Printex-U,,0.005,0.045,1:9,0.05,0.05,4,25.0,100,,6a7d9fa27bffe6ebe23a3f5c,10.1016/j.jece.2022.109152,True,True,312.03893302754796,,6.398357607685155,,,,405.07566902726523,,,,,84.1,,,,
6a7d9fab7bffe6ebe23a4039,loose soot + O2 + NO,0.0,1000.0,5.0,,,Degussa,Printex-U,,0.005,0.045,1:9,0.05,0.05,4,25.0,100,,6a7d9fa27bffe6ebe23a3f5c,10.1016/j.jece.2022.109152,True,True,327.8797062276463,,7.861016423923147,,,,420.66020366847715,,,,,84.1,,,,
6a7d9fab7bffe6ebe23a4039,loose soot + O2 + NO,0.0,1000.0,5.0,,,Degussa,Printex-U,,0.005,0.045,1:9,0.05,0.05,4,25.0,100,,6a7d9fa27bffe6ebe23a3f5c,10.1016/j.jece.2022.109152,True,True,344.9436208261665,,9.58088007437248,,,,466.5887439934605,,,,,84.1,,,,
6a7d9fab7bffe6ebe23a4039,loose soot + O2 + NO,0.0,1000.0,5.0,,,Degussa,Printex-U,,0.005,0.045,1:9,0.05,0.05,4,25.0,100,,6a7d9fa27bffe6ebe23a3f5c,10.1016/j.jece.2022.109152,True,True,360.95366805908213,,11.633870467926865,,,,546.1004285747025,,,,,84.1,,,,
6a7d9fab7bffe6ebe23a4039,loose soot + O2 + NO,0.0,1000.0,5.0,,,Degussa,Printex-U,,0.005,0.045,1:9,0.05,0.05,4,25.0,100,,6a7d9fa27bffe6ebe23a3f5c,10.1016/j.jece.2022.109152,True,True,376.960985065662,,14.517353579175701,,,,836.0950045454891,,,,,84.1,,,,
6a7d9fab7bffe6ebe23a4039,loose soot + O2 + NO,0.0,1000.0,5.0,,,Degussa,Printex-U,,0.005,0.045,1:9,0.05,0.05,4,25.0,100,,6a7d9fa27bffe6ebe23a3f5c,10.1016/j.jece.2022.109152,True,True,392.63248423294294,,19.040130151843815,,,,1256.6024186586606,,,,,84.1,,,,
6a7d9fab7bffe6ebe23a4039,loose soot + O2 + NO,0.0,1000.0,5.0,,,Degussa,Printex-U,,0.005,0.045,1:9,0.05,0.05,4,25.0,100,,6a7d9fa27bffe6ebe23a3f5c,10.1016/j.jece.2022.109152,True,True,409.77284516886454,,25.93662844747443,,,,1779.8760876706467,,,,,84.1,,,,
6a7d9fab7bffe6ebe23a4039,loose soot + O2 + NO,0.0,1000.0,5.0,,,Degussa,Printex-U,,0.005,0.045,1:9,0.05,0.05,4,25.0,100,,6a7d9fa27bffe6ebe23a3f5c,10.1016/j.jece.2022.109152,True,True,424.9774756327299,,33.96265881623799,,,,2335.6328161406886,,,,,84.1,,,,
6a7d9fab7bffe6ebe23a4039,loose soot + O2 + NO,0.0,1000.0,5.0,,,Degussa,Printex-U,,0.005,0.045,1:9,0.05,0.05,4,25.0,100,,6a7d9fa27bffe6ebe23a3f5c,10.1016/j.jece.2022.109152,True,True,443.5266333579053,,45.99938022931515,,,,2927.1423005523343,,,,,84.1,,,,
6a7d9fab7bffe6ebe23a4039,loose soot + O2 + NO,0.0,1000.0,5.0,,,Degussa,Printex-U,,0.005,0.045,1:9,0.05,0.05,4,25.0,100,,6a7d9fa27bffe6ebe23a3f5c,10.1016/j.jece.2022.109152,True,True,458.9223796652743,,58.4854353889061,,,,3365.3427451699404,,,,,84.1,,,,
6a7d9fab7bffe6ebe23a4039,loose soot + O2 + NO,0.0,1000.0,5.0,,,Degussa,Printex-U,,0.005,0.045,1:9,0.05,0.05,4,25.0,100,,6a7d9fa27bffe6ebe23a3f5c,10.1016/j.jece.2022.109152,True,True,474.4874000054605,,71.26355748373102,,,,3312.416443211942,,,,,84.1,,,,
6a7d9fab7bffe6ebe23a4039,loose soot + O2 + NO,0.0,1000.0,5.0,,,Degussa,Printex-U,,0.005,0.045,1:9,0.05,0.05,4,25.0,100,,6a7d9fa27bffe6ebe23a3f5c,10.1016/j.jece.2022.109152,True,True,490.8387255303465,,82.8656647040595,,,,2837.9132002536307,,,,,84.1,,,,
6a7d9fab7bffe6ebe23a4039,loose soot + O2 + NO,0.0,1000.0,5.0,,,Degussa,Printex-U,,0.005,0.045,1:9,0.05,0.05,4,25.0,100,,6a7d9fa27bffe6ebe23a3f5c,10.1016/j.jece.2022.109152,True,True,506.54298741365665,,91.54477843198016,,,,1845.1477856973697,,,,,84.1,,,,
6a7d9fab7bffe6ebe23a4039,loose soot + O2 + NO,0.0,1000.0,5.0,,,Degussa,Printex-U,,0.005,0.045,1:9,0.05,0.05,4,25.0,100,,6a7d9fa27bffe6ebe23a3f5c,10.1016/j.jece.2022.109152,True,True,523.5959811068337,,96.55872327238922,,,,789.9525588430773,,,,,84.1,,,,
6a7d9fab7bffe6ebe23a4039,loose soot + O2 + NO,0.0,1000.0,5.0,,,Degussa,Printex-U,,0.005,0.045,1:9,0.05,0.05,4,25.0,100,,6a7d9fa27bffe6ebe23a3f5c,10.1016/j.jece.2022.109152,True,True,538.5439702951375,,98.28943290982336,,,,286.84711113148296,,,,,84.1,,,,
6a7d9fab7bffe6ebe23a4039,loose soot + O2 + NO,0.0,1000.0,5.0,,,Degussa,Printex-U,,0.005,0.045,1:9,0.05,0.05,4,25.0,100,,6a7d9fa27bffe6ebe23a3f5c,10.1016/j.jece.2022.109152,True,True,556.0447211073798,,99.0013944840409,,,,139.3440744390713,,,,,84.1,,,,
6a7d9fab7bffe6ebe23a4039,loose soot + O2 + NO,0.0,1000.0,5.0,,,Degussa,Printex-U,,0.005,0.045,1:9,0.05,0.05,4,25.0,100,,6a7d9fa27bffe6ebe23a3f5c,10.1016/j.jece.2022.109152,True,True,574.0560242444099,,99.52742485280446,,,,100.1993903696743,,,,,84.1,,,,
6a7d9fab7bffe6ebe23a4039,loose soot + O2 + NO,0.0,1000.0,5.0,,,Degussa,Printex-U,,0.005,0.045,1:9,0.05,0.05,4,25.0,100,,6a7d9fa27bffe6ebe23a3f5c,10.1016/j.jece.2022.109152,True,True,587.5296912114014,,99.73039975209173,,,,79.7561478697316,,,,,84.1,,,,
6a7d9fab7bffe6ebe23a4039,loose soot + O2 + NO,0.0,1000.0,5.0,,,Degussa,Printex-U,,0.005,0.045,1:9,0.05,0.05,4,25.0,100,,6a7d9fa27bffe6ebe23a3f5c,10.1016/j.jece.2022.109152,True,True,605.5328036694243,,99.98295630616671,,,,68.14414166647566,,,,,84.1,,,,
6a7d9fab7bffe6ebe23a403a,NO oxidation,,1000.0,5.0,,,,,,,0.05,,0.05,0.0,5,25.0,100,,6a7d9fa27bffe6ebe23a3f5d,10.1016/j.jece.2022.109152,True,False,201.23977551993545,,,,15.686251215835936,,,,,,,,,,,
6a7d9fab7bffe6ebe23a403a,NO oxidation,,1000.0,5.0,,,,,,,0.05,,0.05,0.0,5,25.0,100,,6a7d9fa27bffe6ebe23a3f5d,10.1016/j.jece.2022.109152,True,False,233.26999963320253,,,,16.007009154966177,,,,,,,,,,,
6a7d9fab7bffe6ebe23a403a,NO oxidation,,1000.0,5.0,,,,,,,0.05,,0.05,0.0,5,25.0,100,,6a7d9fa27bffe6ebe23a3f5d,10.1016/j.jece.2022.109152,True,False,260.7467996918901,,,,16.248765601681008,,,,,,,,,,,
6a7d9fab7bffe6ebe23a403a,NO oxidation,,1000.0,5.0,,,,,,,0.05,,0.05,0.0,5,25.0,100,,6a7d9fa27bffe6ebe23a3f5d,10.1016/j.jece.2022.109152,True,False,284.9048160510582,,,,17.64346864071398,,,,,,,,,,,
6a7d9fab7bffe6ebe23a403a,NO oxidation,,1000.0,5.0,,,,,,,0.05,,0.05,0.0,5,25.0,100,,6a7d9fa27bffe6ebe23a3f5d,10.1016/j.jece.2022.109152,True,False,305.2752815170744,,,,19.15934690119616,,,,,,,,,,,
6a7d9fab7bffe6ebe23a403a,NO oxidation,,1000.0,5.0,,,,,,,0.05,,0.05,0.0,5,25.0,100,,6a7d9fa27bffe6ebe23a3f5d,10.1016/j.jece.2022.109152,True,False,324.88207460660965,,,,21.647002918006248,,,,,,,,,,,
6a7d9fab7bffe6ebe23a403a,NO oxidation,,1000.0,5.0,,,,,,,0.05,,0.05,0.0,5,25.0,100,,6a7d9fa27bffe6ebe23a3f5d,10.1016/j.jece.2022.109152,True,False,345.0742764919488,,,,29.5816039381947,,,,,,,,,,,
6a7d9fab7bffe6ebe23a403a,NO oxidation,,1000.0,5.0,,,,,,,0.05,,0.05,0.0,5,25.0,100,,6a7d9fa27bffe6ebe23a3f5d,10.1016/j.jece.2022.109152,True,False,360.53038917213803,,,,36.68223431664452,,,,,,,,,,,
6a7d9fab7bffe6ebe23a403a,NO oxidation,,1000.0,5.0,,,,,,,0.05,,0.05,0.0,5,25.0,100,,6a7d9fa27bffe6ebe23a3f5d,10.1016/j.jece.2022.109152,True,False,380.20540659501887,,,,44.66197904678462,,,,,,,,,,,
6a7d9fab7bffe6ebe23a403a,NO oxidation,,1000.0,5.0,,,,,,,0.05,,0.05,0.0,5,25.0,100,,6a7d9fa27bffe6ebe23a3f5d,10.1016/j.jece.2022.109152,True,False,400.5780728459817,,,,50.63223468789213,,,,,,,,,,,
6a7d9fab7bffe6ebe23a403a,NO oxidation,,1000.0,5.0,,,,,,,0.05,,0.05,0.0,5,25.0,100,,6a7d9fa27bffe6ebe23a3f5d,10.1016/j.jece.2022.109152,True,False,419.9295748817078,,,,47.99667362137198,,,,,,,,,,,
6a7d9fab7bffe6ebe23a403a,NO oxidation,,1000.0,5.0,,,,,,,0.05,,0.05,0.0,5,25.0,100,,6a7d9fa27bffe6ebe23a3f5d,10.1016/j.jece.2022.109152,True,False,440.3858709606426,,,,42.81405691968429,,,,,,,,,,,
6a7d9fab7bffe6ebe23a403a,NO oxidation,,1000.0,5.0,,,,,,,0.05,,0.05,0.0,5,25.0,100,,6a7d9fa27bffe6ebe23a3f5d,10.1016/j.jece.2022.109152,True,False,460.0388805340571,,,,38.32700974896237,,,,,,,,,,,
6a7d9fab7bffe6ebe23a403a,NO oxidation,,1000.0,5.0,,,,,,,0.05,,0.05,0.0,5,25.0,100,,6a7d9fa27bffe6ebe23a3f5d,10.1016/j.jece.2022.109152,True,False,481.04537284964965,,,,34.18982633036583,,,,,,,,,,,
6a7d9fab7bffe6ebe23a403a,NO oxidation,,1000.0,5.0,,,,,,,0.05,,0.05,0.0,5,25.0,100,,6a7d9fa27bffe6ebe23a3f5d,10.1016/j.jece.2022.109152,True,False,501.63371602538234,,,,30.818897988580428,,,,,,,,,,,
6a7d9fab7bffe6ebe23a403a,NO oxidation,,1000.0,5.0,,,,,,,0.05,,0.05,0.0,5,25.0,100,,6a7d9fa27bffe6ebe23a3f5d,10.1016/j.jece.2022.109152,True,False,529.0334886109379,,,,27.37550211239893,,,,,,,,,,,
6a7d9fab7bffe6ebe23a403a,NO oxidation,,1000.0,5.0,,,,,,,0.05,,0.05,0.0,5,25.0,100,,6a7d9fa27bffe6ebe23a3f5d,10.1016/j.jece.2022.109152,True,False,552.958221765763,,,,25.08267684380128,,,,,,,,,,,
6a7d9fab7bffe6ebe23a403a,NO oxidation,,1000.0,5.0,,,,,,,0.05,,0.05,0.0,5,25.0,100,,6a7d9fa27bffe6ebe23a3f5d,10.1016/j.jece.2022.109152,True,False,577.7720720390272,,,,23.099917583029526,,,,,,,,,,,
6a7d9fab7bffe6ebe23a403a,NO oxidation,,1000.0,5.0,,,,,,,0.05,,0.05,0.0,5,25.0,100,,6a7d9fa27bffe6ebe23a3f5d,10.1016/j.jece.2022.109152,True,False,598.8908043868978,,,,21.79015599824771,,,,,,,,,,,
6a7d9fab7bffe6ebe23a403b,tight soot + O2,1.0,,5.0,,,Degussa,Printex-U,,0.005,0.045,1:9,0.05,0.05,4,25.0,100,,6a7d9fa27bffe6ebe23a3f5d,10.1016/j.jece.2022.109152,False,True,214.38536270449853,,0.655686807906681,,,,54.67873501649134,,,,,91.9,,,,
6a7d9fab7bffe6ebe23a403b,tight soot + O2,1.0,,5.0,,,Degussa,Printex-U,,0.005,0.045,1:9,0.05,0.05,4,25.0,100,,6a7d9fa27bffe6ebe23a3f5d,10.1016/j.jece.2022.109152,False,True,230.17682533184274,,0.9328937447330681,,,,80.18760491619356,,,,,91.9,,,,
6a7d9fab7bffe6ebe23a403b,tight soot + O2,1.0,,5.0,,,Degussa,Printex-U,,0.005,0.045,1:9,0.05,0.05,4,25.0,100,,6a7d9fa27bffe6ebe23a3f5d,10.1016/j.jece.2022.109152,False,True,247.32872506258954,,1.3867739026301393,,,,128.2529292179473,,,,,91.9,,,,
6a7d9fab7bffe6ebe23a403b,tight soot + O2,1.0,,5.0,,,Degussa,Printex-U,,0.005,0.045,1:9,0.05,0.05,4,25.0,100,,6a7d9fa27bffe6ebe23a3f5d,10.1016/j.jece.2022.109152,False,True,263.29024232785906,,1.88057185943021,,,,183.46309902401575,,,,,91.9,,,,
6a7d9fab7bffe6ebe23a403b,tight soot + O2,1.0,,5.0,,,Degussa,Printex-U,,0.005,0.045,1:9,0.05,0.05,4,25.0,100,,6a7d9fa27bffe6ebe23a3f5d,10.1016/j.jece.2022.109152,False,True,280.1610795320348,,2.997531010215999,,,,229.69792571722604,,,,,91.9,,,,
6a7d9fab7bffe6ebe23a403b,tight soot + O2,1.0,,5.0,,,Degussa,Printex-U,,0.005,0.045,1:9,0.05,0.05,4,25.0,100,,6a7d9fa27bffe6ebe23a3f5d,10.1016/j.jece.2022.109152,False,True,296.3328032247398,,4.016174100740696,,,,290.10434679915977,,,,,91.9,,,,
6a7d9fab7bffe6ebe23a403b,tight soot + O2,1.0,,5.0,,,Degussa,Printex-U,,0.005,0.045,1:9,0.05,0.05,4,25.0,100,,6a7d9fa27bffe6ebe23a3f5d,10.1016/j.jece.2022.109152,False,True,311.97546804389924,,5.399991129378021,,,,374.5434300319704,,,,,91.9,,,,
6a7d9fab7bffe6ebe23a403b,tight soot + O2,1.0,,5.0,,,Degussa,Printex-U,,0.005,0.045,1:9,0.05,0.05,4,25.0,100,,6a7d9fa27bffe6ebe23a3f5d,10.1016/j.jece.2022.109152,False,True,328.03618384795857,,6.9893109005159735,,,,472.2093346942562,,,,,91.9,,,,
6a7d9fab7bffe6ebe23a403b,tight soot + O2,1.0,,5.0,,,Degussa,Printex-U,,0.005,0.045,1:9,0.05,0.05,4,25.0,100,,6a7d9fa27bffe6ebe23a3f5d,10.1016/j.jece.2022.109152,False,True,346.11393660741,,9.802776504679251,,,,779.8510295494613,,,,,91.9,,,,
6a7d9fab7bffe6ebe23a403b,tight soot + O2,1.0,,5.0,,,Degussa,Printex-U,,0.005,0.045,1:9,0.05,0.05,4,25.0,100,,6a7d9fa27bffe6ebe23a3f5d,10.1016/j.jece.2022.109152,False,True,360.9819080760208,,14.168600955070298,,,,1444.7940479303563,,,,,91.9,,,,
6a7d9fab7bffe6ebe23a403b,tight soot + O2,1.0,,5.0,,,Degussa,Printex-U,,0.005,0.045,1:9,0.05,0.05,4,25.0,100,,6a7d9fa27bffe6ebe23a3f5d,10.1016/j.jece.2022.109152,False,True,377.06151883984944,,23.085054480403315,,,,2955.781251318043,,,,,91.9,,,,
6a7d9fab7bffe6ebe23a403b,tight soot + O2,1.0,,5.0,,,Degussa,Printex-U,,0.005,0.045,1:9,0.05,0.05,4,25.0,100,,6a7d9fa27bffe6ebe23a3f5d,10.1016/j.jece.2022.109152,False,True,393.71978774661864,,42.33726104762046,,,,5938.724725214472,,,,,91.9,,,,
6a7d9fab7bffe6ebe23a403b,tight soot + O2,1.0,,5.0,,,Degussa,Printex-U,,0.005,0.045,1:9,0.05,0.05,4,25.0,100,,6a7d9fa27bffe6ebe23a3f5d,10.1016/j.jece.2022.109152,False,True,409.9293013588625,,69.24924969322433,,,,7369.05193720634,,,,,91.9,,,,
6a7d9fab7bffe6ebe23a403b,tight soot + O2,1.0,,5.0,,,Degussa,Printex-U,,0.005,0.045,1:9,0.05,0.05,4,25.0,100,,6a7d9fa27bffe6ebe23a3f5d,10.1016/j.jece.2022.109152,False,True,425.8624761844777,,90.60305445083458,,,,3258.8762263068656,,,,,91.9,,,,
6a7d9fab7bffe6ebe23a403b,tight soot + O2,1.0,,5.0,,,Degussa,Printex-U,,0.005,0.045,1:9,0.05,0.05,4,25.0,100,,6a7d9fa27bffe6ebe23a3f5d,10.1016/j.jece.2022.109152,False,True,441.8405265395455,,97.6603734531853,,,,462.17112200224375,,,,,91.9,,,,
6a7d9fab7bffe6ebe23a403b,tight soot + O2,1.0,,5.0,,,Degussa,Printex-U,,0.005,0.045,1:9,0.05,0.05,4,25.0,100,,6a7d9fa27bffe6ebe23a3f5d,10.1016/j.jece.2022.109152,False,True,458.92629391109926,,99.00944721240705,,,,151.57701164938797,,,,,91.9,,,,
6a7d9fab7bffe6ebe23a403b,tight soot + O2,1.0,,5.0,,,Degussa,Printex-U,,0.005,0.045,1:9,0.05,0.05,4,25.0,100,,6a7d9fa27bffe6ebe23a3f5d,10.1016/j.jece.2022.109152,False,True,474.9444960556771,,99.29552477121187,,,,72.62942124220771,,,,,91.9,,,,
6a7d9fab7bffe6ebe23a403b,tight soot + O2,1.0,,5.0,,,Degussa,Printex-U,,0.005,0.045,1:9,0.05,0.05,4,25.0,100,,6a7d9fa27bffe6ebe23a3f5d,10.1016/j.jece.2022.109152,False,True,491.51065203357007,,99.47589408477359,,,,60.583566011792776,,,,,91.9,,,,
6a7d9fab7bffe6ebe23a403b,tight soot + O2,1.0,,5.0,,,Degussa,Printex-U,,0.005,0.045,1:9,0.05,0.05,4,25.0,100,,6a7d9fa27bffe6ebe23a3f5d,10.1016/j.jece.2022.109152,False,True,506.8817018060433,,99.7789736690371,,,,50.07296684015621,,,,,91.9,,,,
6a7d9fab7bffe6ebe23a403b,tight soot + O2,1.0,,5.0,,,Degussa,Printex-U,,0.005,0.045,1:9,0.05,0.05,4,25.0,100,,6a7d9fa27bffe6ebe23a3f5d,10.1016/j.jece.2022.109152,False,True,523.738367790392,,99.86546223332694,,,,43.754797675183674,,,,,91.9,,,,
6a7d9fab7bffe6ebe23a403b,tight soot + O2,1.0,,5.0,,,Degussa,Printex-U,,0.005,0.045,1:9,0.05,0.05,4,25.0,100,,6a7d9fa27bffe6ebe23a3f5d,10.1016/j.jece.2022.109152,False,True,540.8595632115134,,99.91351143571018,,,,43.754797675183674,,,,,91.9,,,,
6a7d9fab7bffe6ebe23a403c,loose soot + O2,0.0,,5.0,,,Degussa,Printex-U,,0.005,0.045,1:9,0.05,0.05,4,25.0,100,,6a7d9fa27bffe6ebe23a3f5d,10.1016/j.jece.2022.109152,False,True,214.63520008640708,,0.45840249156114865,,,,30.9853232685262,,,,,96.8,,,,
6a7d9fab7bffe6ebe23a403c,loose soot + O2,0.0,,5.0,,,Degussa,Printex-U,,0.005,0.045,1:9,0.05,0.05,4,25.0,100,,6a7d9fa27bffe6ebe23a3f5d,10.1016/j.jece.2022.109152,False,True,230.30248480375388,,0.6053598403610572,,,,42.27819714474509,,,,,96.8,,,,
6a7d9fab7bffe6ebe23a403c,loose soot + O2,0.0,,5.0,,,Degussa,Printex-U,,0.005,0.045,1:9,0.05,0.05,4,25.0,100,,6a7d9fa27bffe6ebe23a3f5d,10.1016/j.jece.2022.109152,False,True,246.12578231414977,,0.7970757725518034,,,,73.39366878241202,,,,,96.8,,,,
6a7d9fab7bffe6ebe23a403c,loose soot + O2,0.0,,5.0,,,Degussa,Printex-U,,0.005,0.045,1:9,0.05,0.05,4,25.0,100,,6a7d9fa27bffe6ebe23a3f5d,10.1016/j.jece.2022.109152,False,True,264.0312505625461,,1.3923649316499187,,,,119.97677352181495,,,,,96.8,,,,
6a7d9fab7bffe6ebe23a403c,loose soot + O2,0.0,,5.0,,,Degussa,Printex-U,,0.005,0.045,1:9,0.05,0.05,4,25.0,100,,6a7d9fa27bffe6ebe23a3f5d,10.1016/j.jece.2022.109152,False,True,280.2715822697461,,1.7086589209451581,,,,162.38511903570077,,,,,96.8,,,,
6a7d9fab7bffe6ebe23a403c,loose soot + O2,0.0,,5.0,,,Degussa,Printex-U,,0.005,0.045,1:9,0.05,0.05,4,25.0,100,,6a7d9fa27bffe6ebe23a3f5d,10.1016/j.jece.2022.109152,False,True,296.1158815022832,,2.316629678670676,,,,191.57839937528792,,,,,96.8,,,,
6a7d9fab7bffe6ebe23a403c,loose soot + O2,0.0,,5.0,,,Degussa,Printex-U,,0.005,0.045,1:9,0.05,0.05,4,25.0,100,,6a7d9fa27bffe6ebe23a3f5d,10.1016/j.jece.2022.109152,False,True,312.12219401990967,,3.2498461423695986,,,,216.26654386000047,,,,,96.8,,,,
6a7d9fab7bffe6ebe23a403c,loose soot + O2,0.0,,5.0,,,Degussa,Printex-U,,0.005,0.045,1:9,0.05,0.05,4,25.0,100,,6a7d9fa27bffe6ebe23a3f5d,10.1016/j.jece.2022.109152,False,True,327.6904706185907,,4.179332724119286,,,,216.26654386000047,,,,,96.8,,,,
6a7d9fab7bffe6ebe23a403c,loose soot + O2,0.0,,5.0,,,Degussa,Printex-U,,0.005,0.045,1:9,0.05,0.05,4,25.0,100,,6a7d9fa27bffe6ebe23a3f5d,10.1016/j.jece.2022.109152,False,True,345.1669036861023,,4.996922847391884,,,,195.633021644675,,,,,96.8,,,,
6a7d9fab7bffe6ebe23a403c,loose soot + O2,0.0,,5.0,,,Degussa,Printex-U,,0.005,0.045,1:9,0.05,0.05,4,25.0,100,,6a7d9fa27bffe6ebe23a3f5d,10.1016/j.jece.2022.109152,False,True,360.9902011964981,,5.75259693030716,,,,169.77354183769506,,,,,96.8,,,,
6a7d9fab7bffe6ebe23a403c,loose soot + O2,0.0,,5.0,,,Degussa,Printex-U,,0.005,0.045,1:9,0.05,0.05,4,25.0,100,,6a7d9fa27bffe6ebe23a3f5d,10.1016/j.jece.2022.109152,False,True,377.2005304434964,,6.469480240950377,,,,190.316961335923,,,,,96.8,,,,
6a7d9fab7bffe6ebe23a403c,loose soot + O2,0.0,,5.0,,,Degussa,Printex-U,,0.005,0.045,1:9,0.05,0.05,4,25.0,100,,6a7d9fa27bffe6ebe23a3f5d,10.1016/j.jece.2022.109152,False,True,394.24492808410287,,7.358684097648313,,,,251.586808962217,,,,,96.8,,,,
6a7d9fab7bffe6ebe23a403c,loose soot + O2,0.0,,5.0,,,Degussa,Printex-U,,0.005,0.045,1:9,0.05,0.05,4,25.0,100,,6a7d9fa27bffe6ebe23a3f5d,10.1016/j.jece.2022.109152,False,True,410.14923223704346,,8.561944014471944,,,,319.4341549366278,,,,,96.8,,,,
6a7d9fab7bffe6ebe23a403c,loose soot + O2,0.0,,5.0,,,Degussa,Printex-U,,0.005,0.045,1:9,0.05,0.05,4,25.0,100,,6a7d9fa27bffe6ebe23a3f5d,10.1016/j.jece.2022.109152,False,True,426.01753343774186,,10.264262136103394,,,,413.711631259636,,,,,96.8,,,,
6a7d9fab7bffe6ebe23a403c,loose soot + O2,0.0,,5.0,,,Degussa,Printex-U,,0.005,0.045,1:9,0.05,0.05,4,25.0,100,,6a7d9fa27bffe6ebe23a3f5d,10.1016/j.jece.2022.109152,False,True,441.2047787918609,,11.827828649223255,,,,530.034239032497,,,,,96.8,,,,
6a7d9fab7bffe6ebe23a403c,loose soot + O2,0.0,,5.0,,,Degussa,Printex-U,,0.005,0.045,1:9,0.05,0.05,4,25.0,100,,6a7d9fa27bffe6ebe23a3f5d,10.1016/j.jece.2022.109152,False,True,458.9632349852688,,14.496186195706908,,,,641.401197364996,,,,,96.8,,,,
6a7d9fab7bffe6ebe23a403c,loose soot + O2,0.0,,5.0,,,Degussa,Printex-U,,0.005,0.045,1:9,0.05,0.05,4,25.0,100,,6a7d9fa27bffe6ebe23a3f5d,10.1016/j.jece.2022.109152,False,True,474.9815484869759,,17.11232539490125,,,,763.8507899004865,,,,,96.8,,,,
6a7d9fab7bffe6ebe23a403c,loose soot + O2,0.0,,5.0,,,Degussa,Printex-U,,0.005,0.045,1:9,0.05,0.05,4,25.0,100,,6a7d9fa27bffe6ebe23a3f5d,10.1016/j.jece.2022.109152,False,True,492.14595596838933,,20.922026817851215,,,,1084.7666339627174,,,,,96.8,,,,
6a7d9fab7bffe6ebe23a403c,loose soot + O2,0.0,,5.0,,,Degussa,Printex-U,,0.005,0.045,1:9,0.05,0.05,4,25.0,100,,6a7d9fa27bffe6ebe23a3f5d,10.1016/j.jece.2022.109152,False,True,508.16426947009654,,26.055836332780068,,,,1608.5036942114011,,,,,96.8,,,,
6a7d9fab7bffe6ebe23a403c,loose soot + O2,0.0,,5.0,,,Degussa,Printex-U,,0.005,0.045,1:9,0.05,0.05,4,25.0,100,,6a7d9fa27bffe6ebe23a3f5d,10.1016/j.jece.2022.109152,False,True,524.0625731309967,,33.91917345816005,,,,2537.88318683299,,,,,96.8,,,,
6a7d9fab7bffe6ebe23a403c,loose soot + O2,0.0,,5.0,,,Degussa,Printex-U,,0.005,0.045,1:9,0.05,0.05,4,25.0,100,,6a7d9fa27bffe6ebe23a3f5d,10.1016/j.jece.2022.109152,False,True,539.7598603085453,,45.181924992074,,,,3514.1461265843063,,,,,96.8,,,,
6a7d9fab7bffe6ebe23a403c,loose soot + O2,0.0,,5.0,,,Degussa,Printex-U,,0.005,0.045,1:9,0.05,0.05,4,25.0,100,,6a7d9fa27bffe6ebe23a3f5d,10.1016/j.jece.2022.109152,False,True,554.7880926235952,,57.99033960575148,,,,3772.4706165028133,,,,,96.8,,,,
6a7d9fab7bffe6ebe23a403c,loose soot + O2,0.0,,5.0,,,Degussa,Printex-U,,0.005,0.045,1:9,0.05,0.05,4,25.0,100,,6a7d9fa27bffe6ebe23a3f5d,10.1016/j.jece.2022.109152,False,True,573.083592854614,,73.28061766845079,,,,3501.2614380393647,,,,,96.8,,,,
6a7d9fab7bffe6ebe23a403c,loose soot + O2,0.0,,5.0,,,Degussa,Printex-U,,0.005,0.045,1:9,0.05,0.05,4,25.0,100,,6a7d9fa27bffe6ebe23a3f5d,10.1016/j.jece.2022.109152,False,True,590.0559845907364,,85.45942820909718,,,,2799.6315800012017,,,,,96.8,,,,
6a7d9fab7bffe6ebe23a403c,loose soot + O2,0.0,,5.0,,,Degussa,Printex-U,,0.005,0.045,1:9,0.05,0.05,4,25.0,100,,6a7d9fa27bffe6ebe23a3f5d,10.1016/j.jece.2022.109152,False,True,605.1052186279275,,93.55327203893997,,,,1807.0900826942716,,,,,96.8,,,,
6a7d9fab7bffe6ebe23a403c,loose soot + O2,0.0,,5.0,,,Degussa,Printex-U,,0.005,0.045,1:9,0.05,0.05,4,25.0,100,,6a7d9fa27bffe6ebe23a3f5d,10.1016/j.jece.2022.109152,False,True,621.750583547851,,98.23800376718077,,,,644.5247582243758,,,,,96.8,,,,
6a7d9fab7bffe6ebe23a403c,loose soot + O2,0.0,,5.0,,,Degussa,Printex-U,,0.005,0.045,1:9,0.05,0.05,4,25.0,100,,6a7d9fa27bffe6ebe23a3f5d,10.1016/j.jece.2022.109152,False,True,638.8279838946794,,99.72025885380728,,,,102.3466752097392,,,,,96.8,,,,
6a7d9fab7bffe6ebe23a403c,loose soot + O2,0.0,,5.0,,,Degussa,Printex-U,,0.005,0.045,1:9,0.05,0.05,4,25.0,100,,6a7d9fa27bffe6ebe23a3f5d,10.1016/j.jece.2022.109152,False,True,655.095317816061,,99.84782081647116,,,,32.78737761047603,,,,,96.8,,,,
6a7d9fab7bffe6ebe23a403c,loose soot + O2,0.0,,5.0,,,Degussa,Printex-U,,0.005,0.045,1:9,0.05,0.05,4,25.0,100,,6a7d9fa27bffe6ebe23a3f5d,10.1016/j.jece.2022.109152,False,True,671.4916623163099,,99.92913224296451,,,,23.95731133492194,,,,,96.8,,,,
6a7d9fab7bffe6ebe23a403c,loose soot + O2,0.0,,5.0,,,Degussa,Printex-U,,0.005,0.045,1:9,0.05,0.05,4,25.0,100,,6a7d9fa27bffe6ebe23a3f5d,10.1016/j.jece.2022.109152,False,True,685.9618488716076,,99.97389082635534,,,,23.50679774943444,,,,,96.8,,,,
6a7d9fab7bffe6ebe23a403d,loose soot + O2 + NO,0.0,1000.0,5.0,,,Degussa,Printex-U,,0.005,0.045,1:9,0.05,0.05,4,25.0,100,,6a7d9fa27bffe6ebe23a3f5d,10.1016/j.jece.2022.109152,True,True,215.05037267589483,,1.1504493337465136,,,,60.9935904781549,,,,,83.7,,,,
6a7d9fab7bffe6ebe23a403d,loose soot + O2 + NO,0.0,1000.0,5.0,,,Degussa,Printex-U,,0.005,0.045,1:9,0.05,0.05,4,25.0,100,,6a7d9fa27bffe6ebe23a3f5d,10.1016/j.jece.2022.109152,True,True,230.99489447675214,,1.5083669042454289,,,,89.10686865445876,,,,,83.7,,,,
6a7d9fab7bffe6ebe23a403d,loose soot + O2 + NO,0.0,1000.0,5.0,,,Degussa,Printex-U,,0.005,0.045,1:9,0.05,0.05,4,25.0,100,,6a7d9fa27bffe6ebe23a3f5d,10.1016/j.jece.2022.109152,True,True,247.267043437901,,1.9019212891230242,,,,119.81756927096461,,,,,83.7,,,,
6a7d9fab7bffe6ebe23a403d,loose soot + O2 + NO,0.0,1000.0,5.0,,,Degussa,Printex-U,,0.005,0.045,1:9,0.05,0.05,4,25.0,100,,6a7d9fa27bffe6ebe23a3f5d,10.1016/j.jece.2022.109152,True,True,262.2396046632266,,2.384567709947319,,,,163.42370835529678,,,,,83.7,,,,
6a7d9fab7bffe6ebe23a403d,loose soot + O2 + NO,0.0,1000.0,5.0,,,Degussa,Printex-U,,0.005,0.045,1:9,0.05,0.05,4,25.0,100,,6a7d9fa27bffe6ebe23a3f5d,10.1016/j.jece.2022.109152,True,True,279.9260108663008,,2.9911682677409352,,,,213.63035622884814,,,,,83.7,,,,
6a7d9fab7bffe6ebe23a403d,loose soot + O2 + NO,0.0,1000.0,5.0,,,Degussa,Printex-U,,0.005,0.045,1:9,0.05,0.05,4,25.0,100,,6a7d9fa27bffe6ebe23a3f5d,10.1016/j.jece.2022.109152,True,True,295.687607502662,,3.7472885032537953,,,,239.299001520256,,,,,83.7,,,,
6a7d9fab7bffe6ebe23a403d,loose soot + O2 + NO,0.0,1000.0,5.0,,,Degussa,Printex-U,,0.005,0.045,1:9,0.05,0.05,4,25.0,100,,6a7d9fa27bffe6ebe23a3f5d,10.1016/j.jece.2022.109152,True,True,311.96248669014665,,4.8861171366594345,,,,387.1687331454021,,,,,83.7,,,,
6a7d9fab7bffe6ebe23a403d,loose soot + O2 + NO,0.0,1000.0,5.0,,,Degussa,Printex-U,,0.005,0.045,1:9,0.05,0.05,4,25.0,100,,6a7d9fa27bffe6ebe23a3f5d,10.1016/j.jece.2022.109152,True,True,328.4721653425069,,6.4146265881623785,,,,372.47037792496496,,,,,83.7,,,,
6a7d9fab7bffe6ebe23a403d,loose soot + O2 + NO,0.0,1000.0,5.0,,,Degussa,Printex-U,,0.005,0.045,1:9,0.05,0.05,4,25.0,100,,6a7d9fa27bffe6ebe23a3f5d,10.1016/j.jece.2022.109152,True,True,344.90812788380157,,7.827703749612642,,,,379.98762404602013,,,,,83.7,,,,
6a7d9fab7bffe6ebe23a403d,loose soot + O2 + NO,0.0,1000.0,5.0,,,Degussa,Printex-U,,0.005,0.045,1:9,0.05,0.05,4,25.0,100,,6a7d9fa27bffe6ebe23a3f5d,10.1016/j.jece.2022.109152,True,True,360.7843940262648,,9.55841338704679,,,,468.9417031451729,,,,,83.7,,,,
6a7d9fab7bffe6ebe23a403d,loose soot + O2 + NO,0.0,1000.0,5.0,,,Degussa,Printex-U,,0.005,0.045,1:9,0.05,0.05,4,25.0,100,,6a7d9fa27bffe6ebe23a3f5d,10.1016/j.jece.2022.109152,True,True,376.7889808065089,,12.095599628137586,,,,741.8238489216875,,,,,83.7,,,,
6a7d9fab7bffe6ebe23a403d,loose soot + O2 + NO,0.0,1000.0,5.0,,,Degussa,Printex-U,,0.005,0.045,1:9,0.05,0.05,4,25.0,100,,6a7d9fa27bffe6ebe23a3f5d,10.1016/j.jece.2022.109152,True,True,392.56422857454885,,16.1729160210722,,,,1150.016424877195,,,,,83.7,,,,
6a7d9fab7bffe6ebe23a403d,loose soot + O2 + NO,0.0,1000.0,5.0,,,Degussa,Printex-U,,0.005,0.045,1:9,0.05,0.05,4,25.0,100,,6a7d9fa27bffe6ebe23a3f5d,10.1016/j.jece.2022.109152,True,True,410.1578070822071,,22.988844127672756,,,,1732.7863467253378,,,,,83.7,,,,
6a7d9fab7bffe6ebe23a403d,loose soot + O2 + NO,0.0,1000.0,5.0,,,Degussa,Printex-U,,0.005,0.045,1:9,0.05,0.05,4,25.0,100,,6a7d9fa27bffe6ebe23a3f5d,10.1016/j.jece.2022.109152,True,True,426.69751822426076,,32.491478153083364,,,,2375.877585008289,,,,,83.7,,,,
6a7d9fab7bffe6ebe23a403d,loose soot + O2 + NO,0.0,1000.0,5.0,,,Degussa,Printex-U,,0.005,0.045,1:9,0.05,0.05,4,25.0,100,,6a7d9fa27bffe6ebe23a3f5d,10.1016/j.jece.2022.109152,True,True,441.7137630709585,,43.28710876975519,,,,2980.4964132651894,,,,,83.7,,,,
6a7d9fab7bffe6ebe23a403d,loose soot + O2 + NO,0.0,1000.0,5.0,,,Degussa,Printex-U,,0.005,0.045,1:9,0.05,0.05,4,25.0,100,,6a7d9fa27bffe6ebe23a3f5d,10.1016/j.jece.2022.109152,True,True,458.77767766947875,,57.563526495196776,,,,3465.93938838341,,,,,83.7,,,,
6a7d9fab7bffe6ebe23a403d,loose soot + O2 + NO,0.0,1000.0,5.0,,,Degussa,Printex-U,,0.005,0.045,1:9,0.05,0.05,4,25.0,100,,6a7d9fa27bffe6ebe23a3f5d,10.1016/j.jece.2022.109152,True,True,474.90239440849655,,71.41385187480633,,,,3457.6276365747635,,,,,83.7,,,,
6a7d9fab7bffe6ebe23a403d,loose soot + O2 + NO,0.0,1000.0,5.0,,,Degussa,Printex-U,,0.005,0.045,1:9,0.05,0.05,4,25.0,100,,6a7d9fa27bffe6ebe23a3f5d,10.1016/j.jece.2022.109152,True,True,490.9752368471347,,83.6674930275798,,,,2938.0820327122437,,,,,83.7,,,,
6a7d9fab7bffe6ebe23a403d,loose soot + O2 + NO,0.0,1000.0,5.0,,,Degussa,Printex-U,,0.005,0.045,1:9,0.05,0.05,4,25.0,100,,6a7d9fa27bffe6ebe23a3f5d,10.1016/j.jece.2022.109152,True,True,506.9115679689847,,92.47985745274248,,,,1856.4236548789524,,,,,83.7,,,,
6a7d9fab7bffe6ebe23a403d,loose soot + O2 + NO,0.0,1000.0,5.0,,,Degussa,Printex-U,,0.005,0.045,1:9,0.05,0.05,4,25.0,100,,6a7d9fa27bffe6ebe23a3f5d,10.1016/j.jece.2022.109152,True,True,524.1911704480301,,97.46436318562132,,,,700.448437344823,,,,,83.7,,,,
6a7d9fab7bffe6ebe23a403d,loose soot + O2 + NO,0.0,1000.0,5.0,,,Degussa,Printex-U,,0.005,0.045,1:9,0.05,0.05,4,25.0,100,,6a7d9fa27bffe6ebe23a3f5d,10.1016/j.jece.2022.109152,True,True,539.6824746771508,,99.21056709017662,,,,217.90846377741613,,,,,83.7,,,,
6a7d9fab7bffe6ebe23a403d,loose soot + O2 + NO,0.0,1000.0,5.0,,,Degussa,Printex-U,,0.005,0.045,1:9,0.05,0.05,4,25.0,100,,6a7d9fa27bffe6ebe23a3f5d,10.1016/j.jece.2022.109152,True,True,555.5205176509132,,99.50650759219089,,,,95.15733504457633,,,,,83.7,,,,
6a7d9fab7bffe6ebe23a403d,loose soot + O2 + NO,0.0,1000.0,5.0,,,Degussa,Printex-U,,0.005,0.045,1:9,0.05,0.05,4,25.0,100,,6a7d9fa27bffe6ebe23a3f5d,10.1016/j.jece.2022.109152,True,True,573.0130777841482,,99.86132630926556,,,,60.107411057380105,,,,,83.7,,,,
6a7d9fab7bffe6ebe23a403d,loose soot + O2 + NO,0.0,1000.0,5.0,,,Degussa,Printex-U,,0.005,0.045,1:9,0.05,0.05,4,25.0,100,,6a7d9fa27bffe6ebe23a3f5d,10.1016/j.jece.2022.109152,True,True,588.9821716220274,,99.97443445925008,,,,56.257114263668925,,,,,83.7,,,,
6a7d9fab7bffe6ebe23a403e,,,1000.0,10.0,,,,,,,0.1,,0.1,0.3,10,,500,,6a7d9fa27bffe6ebe23a3f5e,10.1016/S1001-0742(10)60533-5,True,False,50.0,,,,,,,,33.035600060477066,914.5121710105485,,,,,,
6a7d9fab7bffe6ebe23a403e,,,1000.0,10.0,,,,,,,0.1,,0.1,0.3,10,,500,,6a7d9fa27bffe6ebe23a3f5e,10.1016/S1001-0742(10)60533-5,True,False,87.0,,,,,,,,63.27413558494118,1037.5481199772048,,,,,,
6a7d9fab7bffe6ebe23a403e,,,1000.0,10.0,,,,,,,0.1,,0.1,0.3,10,,500,,6a7d9fa27bffe6ebe23a3f5e,10.1016/S1001-0742(10)60533-5,True,False,129.0,,,,,,,,80.31238733237961,989.6433015828709,,,,,,
6a7d9fab7bffe6ebe23a403e,,,1000.0,10.0,,,,,,,0.1,,0.1,0.3,10,,500,,6a7d9fa27bffe6ebe23a3f5e,10.1016/S1001-0742(10)60533-5,True,False,164.0,,,,,,,,100.88622169498615,959.9048649151575,,,,,,
6a7d9fab7bffe6ebe23a403e,,,1000.0,10.0,,,,,,,0.1,,0.1,0.3,10,,500,,6a7d9fa27bffe6ebe23a3f5e,10.1016/S1001-0742(10)60533-5,True,False,202.0,,,,,,,,196.11434818510628,968.2902434202108,,,,,,
6a7d9fab7bffe6ebe23a403e,,,1000.0,10.0,,,,,,,0.1,,0.1,0.3,10,,500,,6a7d9fa27bffe6ebe23a3f5e,10.1016/S1001-0742(10)60533-5,True,False,227.0,,,,,,,,336.6653873440098,1012.8688229068536,,,,,,
6a7d9fab7bffe6ebe23a403e,,,1000.0,10.0,,,,,,,0.1,,0.1,0.3,10,,500,,6a7d9fa27bffe6ebe23a3f5e,10.1016/S1001-0742(10)60533-5,True,False,272.0,,,,,,,,668.1960387518462,1049.5621227451938,,,,,,
6a7d9fab7bffe6ebe23a403e,,,1000.0,10.0,,,,,,,0.1,,0.1,0.3,10,,500,,6a7d9fa27bffe6ebe23a3f5e,10.1016/S1001-0742(10)60533-5,True,False,315.0,,,,,,,,779.9274275147412,1060.855052742984,,,,,,
6a7d9fab7bffe6ebe23a403e,,,1000.0,10.0,,,,,,,0.1,,0.1,0.3,10,,500,,6a7d9fa27bffe6ebe23a3f5e,10.1016/S1001-0742(10)60533-5,True,False,344.0,,,,,,,,750.0494283753765,1106.3407882953607,,,,,,
6a7d9fab7bffe6ebe23a403e,,,1000.0,10.0,,,,,,,0.1,,0.1,0.3,10,,500,,6a7d9fa27bffe6ebe23a3f5e,10.1016/S1001-0742(10)60533-5,True,False,384.0,,,,,,,,548.3700266331716,1054.2142051335727,,,,,,
6a7d9fab7bffe6ebe23a403e,,,1000.0,10.0,,,,,,,0.1,,0.1,0.3,10,,500,,6a7d9fa27bffe6ebe23a3f5e,10.1016/S1001-0742(10)60533-5,True,False,420.0,,,,,,,,417.66977193166076,1070.7407278182895,,,,,,
6a7d9fab7bffe6ebe23a403e,,,1000.0,10.0,,,,,,,0.1,,0.1,0.3,10,,500,,6a7d9fa27bffe6ebe23a3f5e,10.1016/S1001-0742(10)60533-5,True,False,451.0,,,,,,,,311.4394705930241,1028.9068769407904,,,,,,
6a7d9fab7bffe6ebe23a403e,,,1000.0,10.0,,,,,,,0.1,,0.1,0.3,10,,500,,6a7d9fa27bffe6ebe23a3f5e,10.1016/S1001-0742(10)60533-5,True,False,493.0,,,,,,,,207.40727818289656,1000.2733098403171,,,,,,
6a7d9fab7bffe6ebe23a403e,,,1000.0,10.0,,,,,,,0.1,,0.1,0.3,10,,500,,6a7d9fa27bffe6ebe23a3f5e,10.1016/S1001-0742(10)60533-5,True,False,542.0,,,,,,,,139.8008908737773,1002.51793959271,,,,,,
6a7d9fab7bffe6ebe23a403e,,,1000.0,10.0,,,,,,,0.1,,0.1,0.3,10,,500,,6a7d9fa27bffe6ebe23a3f5e,10.1016/S1001-0742(10)60533-5,True,False,589.0,,,,,,,,97.30411825593427,997.7844457625343,,,,,,
6a7d9fab7bffe6ebe23a403f,,0.0,1000.0,10.0,,,Degussa,Printex-U,,0.01,0.1,1:10,0.11,0.3,10,,500,,6a7d9fa27bffe6ebe23a3f5e,10.1016/S1001-0742(10)60533-5,True,True,250.0,,,,,,,,418.85364991688374,1011.2828701946361,,99.0,111.54621588089356,,,
6a7d9fab7bffe6ebe23a403f,,0.0,1000.0,10.0,,,Degussa,Printex-U,,0.01,0.1,1:10,0.11,0.3,10,,500,,6a7d9fa27bffe6ebe23a3f5e,10.1016/S1001-0742(10)60533-5,True,True,300.0,,,,,,,,638.5554784748491,1027.5199937171951,,99.0,271.32444168734514,,,
6a7d9fab7bffe6ebe23a403f,,0.0,1000.0,10.0,,,Degussa,Printex-U,,0.01,0.1,1:10,0.11,0.3,10,,500,,6a7d9fa27bffe6ebe23a3f5e,10.1016/S1001-0742(10)60533-5,True,True,325.0,,,,,,,,615.8588463199779,1003.0955902564169,,99.0,504.76892059553364,,,
6a7d9fab7bffe6ebe23a403f,,0.0,1000.0,10.0,,,Degussa,Printex-U,,0.01,0.1,1:10,0.11,0.3,10,,500,,6a7d9fa27bffe6ebe23a3f5e,10.1016/S1001-0742(10)60533-5,True,True,350.0,,,,,,,,570.7208209531539,1038.829042264951,,99.0,1131.2422456575682,,,
6a7d9fab7bffe6ebe23a403f,,0.0,1000.0,10.0,,,Degussa,Printex-U,,0.01,0.1,1:10,0.11,0.3,10,,500,,6a7d9fa27bffe6ebe23a3f5e,10.1016/S1001-0742(10)60533-5,True,True,375.0,,,,,,,,459.6329794892603,1045.3867197214622,,99.0,2682.227047146402,,,
6a7d9fab7bffe6ebe23a403f,,0.0,1000.0,10.0,,,Degussa,Printex-U,,0.01,0.1,1:10,0.11,0.3,10,,500,,6a7d9fa27bffe6ebe23a3f5e,10.1016/S1001-0742(10)60533-5,True,True,400.0,,,,,,,,344.3238785847983,1008.2985379389784,,99.0,4656.094913151364,,,
6a7d9fab7bffe6ebe23a403f,,0.0,1000.0,10.0,,,Degussa,Printex-U,,0.01,0.1,1:10,0.11,0.3,10,,500,,6a7d9fa27bffe6ebe23a3f5e,10.1016/S1001-0742(10)60533-5,True,True,425.0,,,,,,,,255.7363316273774,969.3058809670284,,99.0,3845.959987593052,,,
6a7d9fab7bffe6ebe23a403f,,0.0,1000.0,10.0,,,Degussa,Printex-U,,0.01,0.1,1:10,0.11,0.3,10,,500,,6a7d9fa27bffe6ebe23a3f5e,10.1016/S1001-0742(10)60533-5,True,True,450.0,,,,,,,,292.4318381130644,1006.9830756947081,,99.0,727.0471464019852,,,
6a7d9fab7bffe6ebe23a403f,,0.0,1000.0,10.0,,,Degussa,Printex-U,,0.01,0.1,1:10,0.11,0.3,10,,500,,6a7d9fa27bffe6ebe23a3f5e,10.1016/S1001-0742(10)60533-5,True,True,475.0,,,,,,,,232.17581381955273,1002.3298734276627,,99.0,338.39950372208455,,,
6a7d9fab7bffe6ebe23a403f,,0.0,1000.0,10.0,,,Degussa,Printex-U,,0.01,0.1,1:10,0.11,0.3,10,,500,,6a7d9fa27bffe6ebe23a3f5e,10.1016/S1001-0742(10)60533-5,True,True,500.0,,,,,,,,182.62019136376142,1007.5720886399038,,99.0,81.45936724565775,,,
6a7d9fab7bffe6ebe23a4040,,1.0,400.0,5.0,,,Degussa,Printex-U,,0.005,0.045,1:9,0.05,0.3,5,200.0,200,,6a7d9fa27bffe6ebe23a3f5f,10.1016/j.cej.2012.12.010,True,True,200.0,,,,,,,399.9419054996127,0.3210924524820077,,,,,,,
6a7d9fab7bffe6ebe23a4040,,1.0,400.0,5.0,,,Degussa,Printex-U,,0.005,0.045,1:9,0.05,0.3,5,200.0,200,,6a7d9fa27bffe6ebe23a3f5f,10.1016/j.cej.2012.12.010,True,True,220.0,,,,,,,399.29899302865994,0.5203912160915297,,,,,,,
6a7d9fab7bffe6ebe23a4040,,1.0,400.0,5.0,,,Degussa,Printex-U,,0.005,0.045,1:9,0.05,0.3,5,200.0,200,,6a7d9fa27bffe6ebe23a3f5f,10.1016/j.cej.2012.12.010,True,True,240.0,,,,,,,401.53369481022463,0.3727625023066986,,,,,,,
6a7d9fab7bffe6ebe23a4040,,1.0,400.0,5.0,,,Degussa,Printex-U,,0.005,0.045,1:9,0.05,0.3,5,200.0,200,,6a7d9fa27bffe6ebe23a3f5f,10.1016/j.cej.2012.12.010,True,True,260.0,,,,,,,403.52827265685517,0.25835024912345445,,,,,,,
6a7d9fab7bffe6ebe23a4040,,1.0,400.0,5.0,,,Degussa,Printex-U,,0.005,0.045,1:9,0.05,0.3,5,200.0,200,,6a7d9fa27bffe6ebe23a3f5f,10.1016/j.cej.2012.12.010,True,True,280.0,,,,,,,399.9341595662277,0.7676693116811218,,,,,,,
6a7d9fab7bffe6ebe23a4040,,1.0,400.0,5.0,,,Degussa,Printex-U,,0.005,0.045,1:9,0.05,0.3,5,200.0,200,,6a7d9fa27bffe6ebe23a3f5f,10.1016/j.cej.2012.12.010,True,True,300.0,,,,,,,391.5724244771495,2.3842037276250228,,,,,,,
6a7d9fab7bffe6ebe23a4040,,1.0,400.0,5.0,,,Degussa,Printex-U,,0.005,0.045,1:9,0.05,0.3,5,200.0,200,,6a7d9fa27bffe6ebe23a3f5f,10.1016/j.cej.2012.12.010,True,True,320.0,,,,,,,388.2029434546863,8.141723565233436,,,,,,,
6a7d9fab7bffe6ebe23a4040,,1.0,400.0,5.0,,,Degussa,Printex-U,,0.005,0.045,1:9,0.05,0.3,5,200.0,200,,6a7d9fa27bffe6ebe23a3f5f,10.1016/j.cej.2012.12.010,True,True,340.0,,,,,,,385.35243996901625,12.511533493264437,,,,,,,
6a7d9fab7bffe6ebe23a4040,,1.0,400.0,5.0,,,Degussa,Printex-U,,0.005,0.045,1:9,0.05,0.3,5,200.0,200,,6a7d9fa27bffe6ebe23a3f5f,10.1016/j.cej.2012.12.010,True,True,360.0,,,,,,,382.1998450813323,12.969182505997415,,,,,,,
6a7d9fab7bffe6ebe23a4040,,1.0,400.0,5.0,,,Degussa,Printex-U,,0.005,0.045,1:9,0.05,0.3,5,200.0,200,,6a7d9fa27bffe6ebe23a3f5f,10.1016/j.cej.2012.12.010,True,True,380.0,,,,,,,379.52362509682416,12.736667281786305,,,,,,,
6a7d9fab7bffe6ebe23a4040,,1.0,400.0,5.0,,,Degussa,Printex-U,,0.005,0.045,1:9,0.05,0.3,5,200.0,200,,6a7d9fa27bffe6ebe23a3f5f,10.1016/j.cej.2012.12.010,True,True,400.0,,,,,,,372.6917118512781,12.290090422587191,,,,,,,
6a7d9fab7bffe6ebe23a4040,,1.0,400.0,5.0,,,Degussa,Printex-U,,0.005,0.045,1:9,0.05,0.3,5,200.0,200,,6a7d9fa27bffe6ebe23a3f5f,10.1016/j.cej.2012.12.010,True,True,420.0,,,,,,,369.48102246320684,15.593282893522787,,,,,,,
6a7d9fab7bffe6ebe23a4040,,1.0,400.0,5.0,,,Degussa,Printex-U,,0.005,0.045,1:9,0.05,0.3,5,200.0,200,,6a7d9fa27bffe6ebe23a3f5f,10.1016/j.cej.2012.12.010,True,True,440.0,,,,,,,360.0503485670023,25.322015131943157,,,,,,,
6a7d9fab7bffe6ebe23a4040,,1.0,400.0,5.0,,,Degussa,Printex-U,,0.005,0.045,1:9,0.05,0.3,5,200.0,200,,6a7d9fa27bffe6ebe23a3f5f,10.1016/j.cej.2012.12.010,True,True,460.0,,,,,,,340.6584043377227,43.15556375715076,,,,,,,
6a7d9fab7bffe6ebe23a4040,,1.0,400.0,5.0,,,Degussa,Printex-U,,0.005,0.045,1:9,0.05,0.3,5,200.0,200,,6a7d9fa27bffe6ebe23a3f5f,10.1016/j.cej.2012.12.010,True,True,480.0,,,,,,,347.4903175832688,46.421849049640144,,,,,,,
6a7d9fab7bffe6ebe23a4040,,1.0,400.0,5.0,,,Degussa,Printex-U,,0.005,0.045,1:9,0.05,0.3,5,200.0,200,,6a7d9fa27bffe6ebe23a3f5f,10.1016/j.cej.2012.12.010,True,True,500.0,,,,,,,357.4554608830364,38.39453773758996,,,,,,,
6a7d9fab7bffe6ebe23a4041,,,400.0,5.0,,,,,,,0.045,,0.045,0.3,5,200.0,200,,6a7d9fa27bffe6ebe23a3f5f,10.1016/j.cej.2012.12.010,True,False,200.0,,,,,,,400.09717417499127,0.14393799594021034,,,,,,,
6a7d9fab7bffe6ebe23a4041,,,400.0,5.0,,,,,,,0.045,,0.045,0.3,5,200.0,200,,6a7d9fa27bffe6ebe23a3f5f,10.1016/j.cej.2012.12.010,True,False,220.0,,,,,,,399.9261476270067,0.21775235283262592,,,,,,,
6a7d9fab7bffe6ebe23a4041,,,400.0,5.0,,,,,,,0.045,,0.045,0.3,5,200.0,200,,6a7d9fa27bffe6ebe23a3f5f,10.1016/j.cej.2012.12.010,True,False,240.0,,,,,,,400.6568974229409,0.33585532386049083,,,,,,,
6a7d9fab7bffe6ebe23a4041,,,400.0,5.0,,,,,,,0.045,,0.045,0.3,5,200.0,200,,6a7d9fa27bffe6ebe23a3f5f,10.1016/j.cej.2012.12.010,True,False,260.0,,,,,,,403.7742449566603,0.5646798302269791,,,,,,,
6a7d9fab7bffe6ebe23a4041,,,400.0,5.0,,,,,,,0.045,,0.045,0.3,5,200.0,200,,6a7d9fa27bffe6ebe23a3f5f,10.1016/j.cej.2012.12.010,True,False,280.0,,,,,,,402.72865083375444,2.3989665990035056,,,,,,,
6a7d9fab7bffe6ebe23a4041,,,400.0,5.0,,,,,,,0.045,,0.045,0.3,5,200.0,200,,6a7d9fa27bffe6ebe23a3f5f,10.1016/j.cej.2012.12.010,True,False,300.0,,,,,,,396.3851206903253,4.36242849234176,,,,,,,
6a7d9fab7bffe6ebe23a4041,,,400.0,5.0,,,,,,,0.045,,0.045,0.3,5,200.0,200,,6a7d9fa27bffe6ebe23a3f5f,10.1016/j.cej.2012.12.010,True,False,320.0,,,,,,,387.57725346911803,14.120686473519097,,,,,,,
6a7d9fab7bffe6ebe23a4041,,,400.0,5.0,,,,,,,0.045,,0.045,0.3,5,200.0,200,,6a7d9fa27bffe6ebe23a3f5f,10.1016/j.cej.2012.12.010,True,False,340.0,,,,,,,378.38846348194505,23.561542720059048,,,,,,,
6a7d9fab7bffe6ebe23a4041,,,400.0,5.0,,,,,,,0.045,,0.045,0.3,5,200.0,200,,6a7d9fa27bffe6ebe23a3f5f,10.1016/j.cej.2012.12.010,True,False,360.0,,,,,,,364.06499008823414,35.05812880605277,,,,,,,
6a7d9fab7bffe6ebe23a4041,,,400.0,5.0,,,,,,,0.045,,0.045,0.3,5,200.0,200,,6a7d9fa27bffe6ebe23a3f5f,10.1016/j.cej.2012.12.010,True,False,380.0,,,,,,,344.37361526800635,53.020852555822096,,,,,,,
6a7d9fab7bffe6ebe23a4041,,,400.0,5.0,,,,,,,0.045,,0.045,0.3,5,200.0,200,,6a7d9fa27bffe6ebe23a3f5f,10.1016/j.cej.2012.12.010,True,False,400.0,,,,,,,328.54199867843124,66.62483853109428,,,,,,,
6a7d9fab7bffe6ebe23a4041,,,400.0,5.0,,,,,,,0.045,,0.045,0.3,5,200.0,200,,6a7d9fa27bffe6ebe23a3f5f,10.1016/j.cej.2012.12.010,True,False,420.0,,,,,,,320.1578108601858,76.49012732976563,,,,,,,
6a7d9fab7bffe6ebe23a4041,,,400.0,5.0,,,,,,,0.045,,0.045,0.3,5,200.0,200,,6a7d9fa27bffe6ebe23a3f5f,10.1016/j.cej.2012.12.010,True,False,440.0,,,,,,,325.38966844171495,71.09429784093005,,,,,,,
6a7d9fab7bffe6ebe23a4041,,,400.0,5.0,,,,,,,0.045,,0.045,0.3,5,200.0,200,,6a7d9fa27bffe6ebe23a3f5f,10.1016/j.cej.2012.12.010,True,False,460.0,,,,,,,341.1357717572978,57.86307436796456,,,,,,,
6a7d9fab7bffe6ebe23a4041,,,400.0,5.0,,,,,,,0.045,,0.045,0.3,5,200.0,200,,6a7d9fa27bffe6ebe23a3f5f,10.1016/j.cej.2012.12.010,True,False,480.0,,,,,,,353.86947564815176,44.7794796087839,,,,,,,
6a7d9fab7bffe6ebe23a4041,,,400.0,5.0,,,,,,,0.045,,0.045,0.3,5,200.0,200,,6a7d9fa27bffe6ebe23a3f5f,10.1016/j.cej.2012.12.010,True,False,500.0,,,,,,,365.2854977261243,32.53367780033216,,,,,,,
6a7d9fab7bffe6ebe23a4042,,1.0,400.0,5.0,,,Degussa,Printex-U,,0.005,0.045,1:9,0.05,0.3,5,200.0,200,,6a7d9fa27bffe6ebe23a3f60,10.1016/j.cej.2012.12.010,True,True,200.0,,,,,,,399.6744634675669,0.24572811129593225,,,,,,,
6a7d9fab7bffe6ebe23a4042,,1.0,400.0,5.0,,,Degussa,Printex-U,,0.005,0.045,1:9,0.05,0.3,5,200.0,200,,6a7d9fa27bffe6ebe23a3f60,10.1016/j.cej.2012.12.010,True,True,220.0,,,,,,,399.6744634675669,0.2003629215182217,,,,,,,
6a7d9fab7bffe6ebe23a4042,,1.0,400.0,5.0,,,Degussa,Printex-U,,0.005,0.045,1:9,0.05,0.3,5,200.0,200,,6a7d9fa27bffe6ebe23a3f60,10.1016/j.cej.2012.12.010,True,True,240.0,,,,,,,399.9156016397396,0.4309693028882504,,,,,,,
6a7d9fab7bffe6ebe23a4042,,1.0,400.0,5.0,,,Degussa,Printex-U,,0.005,0.045,1:9,0.05,0.3,5,200.0,200,,6a7d9fa27bffe6ebe23a3f60,10.1016/j.cej.2012.12.010,True,True,260.0,,,,,,,399.0675990675991,0.9866928776652049,,,,,,,
6a7d9fab7bffe6ebe23a4042,,1.0,400.0,5.0,,,Degussa,Printex-U,,0.005,0.045,1:9,0.05,0.3,5,200.0,200,,6a7d9fa27bffe6ebe23a3f60,10.1016/j.cej.2012.12.010,True,True,280.0,,,,,,,394.3252150148702,0.36292151822168456,,,,,,,
6a7d9fab7bffe6ebe23a4042,,1.0,400.0,5.0,,,Degussa,Printex-U,,0.005,0.045,1:9,0.05,0.3,5,200.0,200,,6a7d9fa27bffe6ebe23a3f60,10.1016/j.cej.2012.12.010,True,True,300.0,,,,,,,388.2204002893658,3.999697565401482,,,,,,,
6a7d9fab7bffe6ebe23a4042,,1.0,400.0,5.0,,,Degussa,Printex-U,,0.005,0.045,1:9,0.05,0.3,5,200.0,200,,6a7d9fa27bffe6ebe23a3f60,10.1016/j.cej.2012.12.010,True,True,320.0,,,,,,,382.52953942609116,7.765008316951459,,,,,,,
6a7d9fab7bffe6ebe23a4042,,1.0,400.0,5.0,,,Degussa,Printex-U,,0.005,0.045,1:9,0.05,0.3,5,200.0,200,,6a7d9fa27bffe6ebe23a3f60,10.1016/j.cej.2012.12.010,True,True,340.0,,,,,,,378.5025319508078,12.724935732647815,,,,,,,
6a7d9fab7bffe6ebe23a4042,,1.0,400.0,5.0,,,Degussa,Printex-U,,0.005,0.045,1:9,0.05,0.3,5,200.0,200,,6a7d9fa27bffe6ebe23a3f60,10.1016/j.cej.2012.12.010,True,True,360.0,,,,,,,373.50695281729764,15.594283986088008,,,,,,,
6a7d9fab7bffe6ebe23a4042,,1.0,400.0,5.0,,,Degussa,Printex-U,,0.005,0.045,1:9,0.05,0.3,5,200.0,200,,6a7d9fa27bffe6ebe23a3f60,10.1016/j.cej.2012.12.010,True,True,380.0,,,,,,,370.15111325456155,17.480719794344473,,,,,,,
6a7d9fab7bffe6ebe23a4042,,1.0,400.0,5.0,,,Degussa,Printex-U,,0.005,0.045,1:9,0.05,0.3,5,200.0,200,,6a7d9fa27bffe6ebe23a3f60,10.1016/j.cej.2012.12.010,True,True,400.0,,,,,,,366.61442006269596,20.902011190080145,,,,,,,
6a7d9fab7bffe6ebe23a4042,,1.0,400.0,5.0,,,Degussa,Printex-U,,0.005,0.045,1:9,0.05,0.3,5,200.0,200,,6a7d9fa27bffe6ebe23a3f60,10.1016/j.cej.2012.12.010,True,True,420.0,,,,,,,363.2264287436701,23.85452895811281,,,,,,,
6a7d9fab7bffe6ebe23a4042,,1.0,400.0,5.0,,,Degussa,Printex-U,,0.005,0.045,1:9,0.05,0.3,5,200.0,200,,6a7d9fa27bffe6ebe23a3f60,10.1016/j.cej.2012.12.010,True,True,440.0,,,,,,,357.8771802909734,33.97852714350522,,,,,,,
6a7d9fab7bffe6ebe23a4042,,1.0,400.0,5.0,,,Degussa,Printex-U,,0.005,0.045,1:9,0.05,0.3,5,200.0,200,,6a7d9fa27bffe6ebe23a3f60,10.1016/j.cej.2012.12.010,True,True,460.0,,,,,,,343.89518527449565,50.275971571147736,,,,,,,
6a7d9fab7bffe6ebe23a4042,,1.0,400.0,5.0,,,Degussa,Printex-U,,0.005,0.045,1:9,0.05,0.3,5,200.0,200,,6a7d9fa27bffe6ebe23a3f60,10.1016/j.cej.2012.12.010,True,True,480.0,,,,,,,344.0318302387268,50.40450627551792,,,,,,,
6a7d9fab7bffe6ebe23a4042,,1.0,400.0,5.0,,,Degussa,Printex-U,,0.005,0.045,1:9,0.05,0.3,5,200.0,200,,6a7d9fa27bffe6ebe23a3f60,10.1016/j.cej.2012.12.010,True,True,500.0,,,,,,,353.91849529780563,41.550733403901404,,,,,,,
6a7d9fab7bffe6ebe23a4043,,,400.0,5.0,,,,,,,0.045,,0.045,0.3,5,200.0,200,,6a7d9fa27bffe6ebe23a3f60,10.1016/j.cej.2012.12.010,True,False,200.0,,,,,,,399.7267100715377,0.29109330107364284,,,,,,,
6a7d9fab7bffe6ebe23a4043,,,400.0,5.0,,,,,,,0.045,,0.045,0.3,5,200.0,200,,6a7d9fa27bffe6ebe23a3f60,10.1016/j.cej.2012.12.010,True,False,220.0,,,,,,,400.4702194357367,0.824134280961742,,,,,,,
6a7d9fab7bffe6ebe23a4043,,,400.0,5.0,,,,,,,0.045,,0.045,0.3,5,200.0,200,,6a7d9fa27bffe6ebe23a3f60,10.1016/j.cej.2012.12.010,True,False,240.0,,,,,,,402.8293545534925,2.219113866626342,,,,,,,
6a7d9fab7bffe6ebe23a4043,,,400.0,5.0,,,,,,,0.045,,0.045,0.3,5,200.0,200,,6a7d9fa27bffe6ebe23a3f60,10.1016/j.cej.2012.12.010,True,False,260.0,,,,,,,399.75886182782733,5.190533797066384,,,,,,,
6a7d9fab7bffe6ebe23a4043,,,400.0,5.0,,,,,,,0.045,,0.045,0.3,5,200.0,200,,6a7d9fa27bffe6ebe23a3f60,10.1016/j.cej.2012.12.010,True,False,280.0,,,,,,,390.949280604453,10.740208679872977,,,,,,,
6a7d9fab7bffe6ebe23a4043,,,400.0,5.0,,,,,,,0.045,,0.045,0.3,5,200.0,200,,6a7d9fa27bffe6ebe23a3f60,10.1016/j.cej.2012.12.010,True,False,300.0,,,,,,,382.4652359135118,20.44835929230304,,,,,,,
6a7d9fab7bffe6ebe23a4043,,,400.0,5.0,,,,,,,0.045,,0.045,0.3,5,200.0,200,,6a7d9fa27bffe6ebe23a3f60,10.1016/j.cej.2012.12.010,True,False,320.0,,,,,,,370.47664978699464,31.078935430213214,,,,,,,
6a7d9fab7bffe6ebe23a4043,,,400.0,5.0,,,,,,,0.045,,0.045,0.3,5,200.0,200,,6a7d9fa27bffe6ebe23a3f60,10.1016/j.cej.2012.12.010,True,False,340.0,,,,,,,355.7390884977092,46.151519733857555,,,,,,,
6a7d9fab7bffe6ebe23a4043,,,400.0,5.0,,,,,,,0.045,,0.045,0.3,5,200.0,200,,6a7d9fa27bffe6ebe23a3f60,10.1016/j.cej.2012.12.010,True,False,360.0,,,,,,,337.0870508801544,62.10494480568577,,,,,,,
6a7d9fab7bffe6ebe23a4043,,,400.0,5.0,,,,,,,0.045,,0.045,0.3,5,200.0,200,,6a7d9fa27bffe6ebe23a3f60,10.1016/j.cej.2012.12.010,True,False,380.0,,,,,,,317.3699863355036,79.30213216391955,,,,,,,
6a7d9fab7bffe6ebe23a4043,,,400.0,5.0,,,,,,,0.045,,0.045,0.3,5,200.0,200,,6a7d9fa27bffe6ebe23a3f60,10.1016/j.cej.2012.12.010,True,False,400.0,,,,,,,304.86697210835143,91.94767881445637,,,,,,,
6a7d9fab7bffe6ebe23a4043,,,400.0,5.0,,,,,,,0.045,,0.045,0.3,5,200.0,200,,6a7d9fa27bffe6ebe23a3f60,10.1016/j.cej.2012.12.010,True,False,420.0,,,,,,,308.3715135439274,88.38651141690609,,,,,,,
6a7d9fab7bffe6ebe23a4043,,,400.0,5.0,,,,,,,0.045,,0.045,0.3,5,200.0,200,,6a7d9fa27bffe6ebe23a3f60,10.1016/j.cej.2012.12.010,True,False,440.0,,,,,,,322.8960694477936,77.41569635566309,,,,,,,
6a7d9fab7bffe6ebe23a4043,,,400.0,5.0,,,,,,,0.045,,0.045,0.3,5,200.0,200,,6a7d9fa27bffe6ebe23a3f60,10.1016/j.cej.2012.12.010,True,False,460.0,,,,,,,340.32634032634036,61.878118856797215,,,,,,,
6a7d9fab7bffe6ebe23a4043,,,400.0,5.0,,,,,,,0.045,,0.045,0.3,5,200.0,200,,6a7d9fa27bffe6ebe23a3f60,10.1016/j.cej.2012.12.010,True,False,480.0,,,,,,,356.0364922433888,47.10796915167095,,,,,,,
6a7d9fab7bffe6ebe23a4043,,,400.0,5.0,,,,,,,0.045,,0.045,0.3,5,200.0,200,,6a7d9fa27bffe6ebe23a3f60,10.1016/j.cej.2012.12.010,True,False,500.0,,,,,,,368.0331163089784,33.437925298654164,,,,,,,
6a7d9fab7bffe6ebe23a4044,,1.0,400.0,5.0,,,Degussa,Printex-U,,0.005,0.045,1:9,0.05,0.3,5,200.0,200,,6a7d9fa27bffe6ebe23a3f61,10.1016/j.cej.2012.12.010,True,True,200.0,,,,,,,408.8234135581203,0.11166744713807136,,,,,,,
6a7d9fab7bffe6ebe23a4044,,1.0,400.0,5.0,,,Degussa,Printex-U,,0.005,0.045,1:9,0.05,0.3,5,200.0,200,,6a7d9fa27bffe6ebe23a3f61,10.1016/j.cej.2012.12.010,True,True,220.0,,,,,,,410.23358411785557,1.7362486942113031,,,,,,,
6a7d9fab7bffe6ebe23a4044,,1.0,400.0,5.0,,,Degussa,Printex-U,,0.005,0.045,1:9,0.05,0.3,5,200.0,200,,6a7d9fa27bffe6ebe23a3f61,10.1016/j.cej.2012.12.010,True,True,240.0,,,,,,,409.6387915074645,1.7362486942113031,,,,,,,
6a7d9fab7bffe6ebe23a4044,,1.0,400.0,5.0,,,Degussa,Printex-U,,0.005,0.045,1:9,0.05,0.3,5,200.0,200,,6a7d9fa27bffe6ebe23a3f61,10.1016/j.cej.2012.12.010,True,True,260.0,,,,,,,407.2714381376295,2.647599149886531,,,,,,,
6a7d9fab7bffe6ebe23a4044,,1.0,400.0,5.0,,,Degussa,Printex-U,,0.005,0.045,1:9,0.05,0.3,5,200.0,200,,6a7d9fa27bffe6ebe23a3f61,10.1016/j.cej.2012.12.010,True,True,280.0,,,,,,,402.367353369835,7.26198623968877,,,,,,,
6a7d9fab7bffe6ebe23a4044,,1.0,400.0,5.0,,,Degussa,Printex-U,,0.005,0.045,1:9,0.05,0.3,5,200.0,200,,6a7d9fa27bffe6ebe23a3f61,10.1016/j.cej.2012.12.010,True,True,300.0,,,,,,,402.52491432623,13.410900183710957,,,,,,,
6a7d9fab7bffe6ebe23a4044,,1.0,400.0,5.0,,,Degussa,Printex-U,,0.005,0.045,1:9,0.05,0.3,5,200.0,200,,6a7d9fa27bffe6ebe23a3f61,10.1016/j.cej.2012.12.010,True,True,320.0,,,,,,,405.66037735849056,15.860379669320265,,,,,,,
6a7d9fab7bffe6ebe23a4044,,1.0,400.0,5.0,,,Degussa,Printex-U,,0.005,0.045,1:9,0.05,0.3,5,200.0,200,,6a7d9fa27bffe6ebe23a3f61,10.1016/j.cej.2012.12.010,True,True,340.0,,,,,,,401.40623153582544,14.127733150823094,,,,,,,
6a7d9fab7bffe6ebe23a4044,,1.0,400.0,5.0,,,Degussa,Printex-U,,0.005,0.045,1:9,0.05,0.3,5,200.0,200,,6a7d9fa27bffe6ebe23a3f61,10.1016/j.cej.2012.12.010,True,True,360.0,,,,,,,392.4173789734904,10.58319224811786,,,,,,,
6a7d9fab7bffe6ebe23a4044,,1.0,400.0,5.0,,,Degussa,Printex-U,,0.005,0.045,1:9,0.05,0.3,5,200.0,200,,6a7d9fa27bffe6ebe23a3f61,10.1016/j.cej.2012.12.010,True,True,380.0,,,,,,,380.93512427620436,10.929001116674469,,,,,,,
6a7d9fab7bffe6ebe23a4044,,1.0,400.0,5.0,,,Degussa,Printex-U,,0.005,0.045,1:9,0.05,0.3,5,200.0,200,,6a7d9fa27bffe6ebe23a3f61,10.1016/j.cej.2012.12.010,True,True,400.0,,,,,,,342.66356796785755,29.833219264435712,,,,,,,
6a7d9fab7bffe6ebe23a4044,,1.0,400.0,5.0,,,Degussa,Printex-U,,0.005,0.045,1:9,0.05,0.3,5,200.0,200,,6a7d9fa27bffe6ebe23a3f61,10.1016/j.cej.2012.12.010,True,True,420.0,,,,,,,319.0057903651475,83.17783941500664,,,,,,,
6a7d9fab7bffe6ebe23a4044,,1.0,400.0,5.0,,,Degussa,Printex-U,,0.005,0.045,1:9,0.05,0.3,5,200.0,200,,6a7d9fa27bffe6ebe23a3f61,10.1016/j.cej.2012.12.010,True,True,440.0,,,,,,,334.32465435065194,78.42656964806741,,,,,,,
6a7d9fab7bffe6ebe23a4044,,1.0,400.0,5.0,,,Degussa,Printex-U,,0.005,0.045,1:9,0.05,0.3,5,200.0,200,,6a7d9fa27bffe6ebe23a3f61,10.1016/j.cej.2012.12.010,True,True,460.0,,,,,,,348.5642257848505,64.57620402723244,,,,,,,
6a7d9fab7bffe6ebe23a4044,,1.0,400.0,5.0,,,Degussa,Printex-U,,0.005,0.045,1:9,0.05,0.3,5,200.0,200,,6a7d9fa27bffe6ebe23a3f61,10.1016/j.cej.2012.12.010,True,True,480.0,,,,,,,361.34635837239534,53.43107236771008,,,,,,,
6a7d9fab7bffe6ebe23a4044,,1.0,400.0,5.0,,,Degussa,Printex-U,,0.005,0.045,1:9,0.05,0.3,5,200.0,200,,6a7d9fa27bffe6ebe23a3f61,10.1016/j.cej.2012.12.010,True,True,500.0,,,,,,,372.08413755071496,42.2355102481899,,,,,,,
6a7d9fab7bffe6ebe23a4045,,,400.0,5.0,,,,,,,0.045,,0.045,0.3,5,200.0,200,,6a7d9fa27bffe6ebe23a3f61,10.1016/j.cej.2012.12.010,True,False,200.0,,,,,,,399.75184149367783,0.09005439285328336,,,,,,,
6a7d9fab7bffe6ebe23a4045,,,400.0,5.0,,,,,,,0.045,,0.045,0.3,5,200.0,200,,6a7d9fa27bffe6ebe23a3f61,10.1016/j.cej.2012.12.010,True,False,220.0,,,,,,,400.0196951195494,0.44666978855228545,,,,,,,
6a7d9fab7bffe6ebe23a4045,,,400.0,5.0,,,,,,,0.045,,0.045,0.3,5,200.0,200,,6a7d9fa27bffe6ebe23a3f61,10.1016/j.cej.2012.12.010,True,False,240.0,,,,,,,399.7439634458581,1.8118943842080613,,,,,,,
6a7d9fab7bffe6ebe23a4045,,,400.0,5.0,,,,,,,0.045,,0.045,0.3,5,200.0,200,,6a7d9fa27bffe6ebe23a3f61,10.1016/j.cej.2012.12.010,True,False,260.0,,,,,,,392.82703746011737,6.195742228305895,,,,,,,
6a7d9fab7bffe6ebe23a4045,,,400.0,5.0,,,,,,,0.045,,0.045,0.3,5,200.0,200,,6a7d9fa27bffe6ebe23a3f61,10.1016/j.cej.2012.12.010,True,False,280.0,,,,,,,379.47374640564067,17.214797737833646,,,,,,,
6a7d9fab7bffe6ebe23a4045,,,400.0,5.0,,,,,,,0.045,,0.045,0.3,5,200.0,200,,6a7d9fa27bffe6ebe23a3f61,10.1016/j.cej.2012.12.010,True,False,300.0,,,,,,,358.8765903809036,39.7067828968697,,,,,,,
6a7d9fab7bffe6ebe23a4045,,,400.0,5.0,,,,,,,0.045,,0.045,0.3,5,200.0,200,,6a7d9fa27bffe6ebe23a3f61,10.1016/j.cej.2012.12.010,True,False,320.0,,,,,,,343.2583605782487,55.9850149490292,,,,,,,
6a7d9fab7bffe6ebe23a4045,,,400.0,5.0,,,,,,,0.045,,0.045,0.3,5,200.0,200,,6a7d9fa27bffe6ebe23a3f61,10.1016/j.cej.2012.12.010,True,False,340.0,,,,,,,319.147595225903,78.08076077951081,,,,,,,
6a7d9fab7bffe6ebe23a4045,,,400.0,5.0,,,,,,,0.045,,0.045,0.3,5,200.0,200,,6a7d9fa27bffe6ebe23a3f61,10.1016/j.cej.2012.12.010,True,False,360.0,,,,,,,293.03580572734074,100.63038074997297,,,,,,,
6a7d9fab7bffe6ebe23a4045,,,400.0,5.0,,,,,,,0.045,,0.045,0.3,5,200.0,200,,6a7d9fa27bffe6ebe23a3f61,10.1016/j.cej.2012.12.010,True,False,380.0,,,,,,,276.41312482766773,118.50797881920678,,,,,,,
6a7d9fab7bffe6ebe23a4045,,,400.0,5.0,,,,,,,0.045,,0.045,0.3,5,200.0,200,,6a7d9fa27bffe6ebe23a3f61,10.1016/j.cej.2012.12.010,True,False,400.0,,,,,,,279.3476976405247,118.56201145491876,,,,,,,
6a7d9fab7bffe6ebe23a4045,,,400.0,5.0,,,,,,,0.045,,0.045,0.3,5,200.0,200,,6a7d9fa27bffe6ebe23a3f61,10.1016/j.cej.2012.12.010,True,False,420.0,,,,,,,298.37318312522154,105.61218976261661,,,,,,,
6a7d9fab7bffe6ebe23a4045,,,400.0,5.0,,,,,,,0.045,,0.045,0.3,5,200.0,200,,6a7d9fa27bffe6ebe23a3f61,10.1016/j.cej.2012.12.010,True,False,440.0,,,,,,,320.1047780360027,84.25849212924606,,,,,,,
6a7d9fab7bffe6ebe23a4045,,,400.0,5.0,,,,,,,0.045,,0.045,0.3,5,200.0,200,,6a7d9fa27bffe6ebe23a3f61,10.1016/j.cej.2012.12.010,True,False,460.0,,,,,,,336.15630046874384,67.86499045423434,,,,,,,
6a7d9fab7bffe6ebe23a4045,,,400.0,5.0,,,,,,,0.045,,0.045,0.3,5,200.0,200,,6a7d9fa27bffe6ebe23a3f61,10.1016/j.cej.2012.12.010,True,False,480.0,,,,,,,349.7813841730019,52.995209106300194,,,,,,,
6a7d9fab7bffe6ebe23a4045,,,400.0,5.0,,,,,,,0.045,,0.045,0.3,5,200.0,200,,6a7d9fa27bffe6ebe23a3f61,10.1016/j.cej.2012.12.010,True,False,500.0,,,,,,,360.3537243471068,39.48705017830769,,,,,,,
6a7d9fab7bffe6ebe23a4046,,1.0,400.0,5.0,,,Degussa,Printex-U,,0.005,0.045,1:9,0.05,0.3,5,200.0,200,,6a7d9fa37bffe6ebe23a3f62,10.1016/j.cej.2012.12.010,True,True,200.0,,,,,,,400.8563231074818,0.1164958061509893,,,,,,,
6a7d9fab7bffe6ebe23a4046,,1.0,400.0,5.0,,,Degussa,Printex-U,,0.005,0.045,1:9,0.05,0.3,5,200.0,200,,6a7d9fa37bffe6ebe23a3f62,10.1016/j.cej.2012.12.010,True,True,220.0,,,,,,,398.5036415802251,0.14173656415039593,,,,,,,
6a7d9fab7bffe6ebe23a4046,,1.0,400.0,5.0,,,Degussa,Printex-U,,0.005,0.045,1:9,0.05,0.3,5,200.0,200,,6a7d9fa37bffe6ebe23a3f62,10.1016/j.cej.2012.12.010,True,True,240.0,,,,,,,402.0105936879276,0.17474370922643873,,,,,,,
6a7d9fab7bffe6ebe23a4046,,1.0,400.0,5.0,,,Degussa,Printex-U,,0.005,0.045,1:9,0.05,0.3,5,200.0,200,,6a7d9fa37bffe6ebe23a3f62,10.1016/j.cej.2012.12.010,True,True,260.0,,,,,,,401.95762524828956,0.1611525318422124,,,,,,,
6a7d9fab7bffe6ebe23a4046,,1.0,400.0,5.0,,,Degussa,Printex-U,,0.005,0.045,1:9,0.05,0.3,5,200.0,200,,6a7d9fa37bffe6ebe23a3f62,10.1016/j.cej.2012.12.010,True,True,280.0,,,,,,,401.619951445597,0.034948741845314865,,,,,,,
6a7d9fab7bffe6ebe23a4046,,1.0,400.0,5.0,,,Degussa,Printex-U,,0.005,0.045,1:9,0.05,0.3,5,200.0,200,,6a7d9fa37bffe6ebe23a3f62,10.1016/j.cej.2012.12.010,True,True,300.0,,,,,,,399.0929154711984,0.02329916123017978,,,,,,,
6a7d9fab7bffe6ebe23a4046,,1.0,400.0,5.0,,,Degussa,Printex-U,,0.005,0.045,1:9,0.05,0.3,5,200.0,200,,6a7d9fa37bffe6ebe23a3f62,10.1016/j.cej.2012.12.010,True,True,320.0,,,,,,,397.08452880158904,2.258077042559839,,,,,,,
6a7d9fab7bffe6ebe23a4046,,1.0,400.0,5.0,,,Degussa,Printex-U,,0.005,0.045,1:9,0.05,0.3,5,200.0,200,,6a7d9fa37bffe6ebe23a3f62,10.1016/j.cej.2012.12.010,True,True,340.0,,,,,,,393.2685941293313,5.07727555141349,,,,,,,
6a7d9fab7bffe6ebe23a4046,,1.0,400.0,5.0,,,Degussa,Printex-U,,0.005,0.045,1:9,0.05,0.3,5,200.0,200,,6a7d9fa37bffe6ebe23a3f62,10.1016/j.cej.2012.12.010,True,True,360.0,,,,,,,389.76605605826524,7.352826964895964,,,,,,,
6a7d9fab7bffe6ebe23a4046,,1.0,400.0,5.0,,,Degussa,Printex-U,,0.005,0.045,1:9,0.05,0.3,5,200.0,200,,6a7d9fa37bffe6ebe23a3f62,10.1016/j.cej.2012.12.010,True,True,380.0,,,,,,,388.0710659898477,9.832246039142602,,,,,,,
6a7d9fab7bffe6ebe23a4046,,1.0,400.0,5.0,,,Degussa,Printex-U,,0.005,0.045,1:9,0.05,0.3,5,200.0,200,,6a7d9fa37bffe6ebe23a3f62,10.1016/j.cej.2012.12.010,True,True,400.0,,,,,,,386.0560582652836,10.162317489903707,,,,,,,
6a7d9fab7bffe6ebe23a4046,,1.0,400.0,5.0,,,Degussa,Printex-U,,0.005,0.045,1:9,0.05,0.3,5,200.0,200,,6a7d9fa37bffe6ebe23a3f62,10.1016/j.cej.2012.12.010,True,True,420.0,,,,,,,384.5221805340984,9.836129232680964,,,,,,,
6a7d9fab7bffe6ebe23a4046,,1.0,400.0,5.0,,,Degussa,Printex-U,,0.005,0.045,1:9,0.05,0.3,5,200.0,200,,6a7d9fa37bffe6ebe23a3f62,10.1016/j.cej.2012.12.010,True,True,440.0,,,,,,,383.17589935996466,11.436004970487728,,,,,,,
6a7d9fab7bffe6ebe23a4046,,1.0,400.0,5.0,,,Degussa,Printex-U,,0.005,0.045,1:9,0.05,0.3,5,200.0,200,,6a7d9fa37bffe6ebe23a3f62,10.1016/j.cej.2012.12.010,True,True,460.0,,,,,,,382.17391304347825,12.979574401988222,,,,,,,
6a7d9fab7bffe6ebe23a4046,,1.0,400.0,5.0,,,Degussa,Printex-U,,0.005,0.045,1:9,0.05,0.3,5,200.0,200,,6a7d9fa37bffe6ebe23a3f62,10.1016/j.cej.2012.12.010,True,True,480.0,,,,,,,379.8609578459501,17.71512892202547,,,,,,,
6a7d9fab7bffe6ebe23a4046,,1.0,400.0,5.0,,,Degussa,Printex-U,,0.005,0.045,1:9,0.05,0.3,5,200.0,200,,6a7d9fa37bffe6ebe23a3f62,10.1016/j.cej.2012.12.010,True,True,500.0,,,,,,,374.41182961818583,25.710624417520968,,,,,,,
6a7d9fab7bffe6ebe23a4047,,,400.0,5.0,,,,,,,0.045,,0.045,0.3,5,200.0,200,,6a7d9fa37bffe6ebe23a3f62,10.1016/j.cej.2012.12.010,True,False,200.0,,,,,,,400.8563231074818,0.056306306306312996,,,,,,,
6a7d9fab7bffe6ebe23a4047,,,400.0,5.0,,,,,,,0.045,,0.045,0.3,5,200.0,200,,6a7d9fa37bffe6ebe23a3f62,10.1016/j.cej.2012.12.010,True,False,220.0,,,,,,,402.6660781284485,0.048539919229631606,,,,,,,
6a7d9fab7bffe6ebe23a4047,,,400.0,5.0,,,,,,,0.045,,0.045,0.3,5,200.0,200,,6a7d9fa37bffe6ebe23a3f62,10.1016/j.cej.2012.12.010,True,False,240.0,,,,,,,402.0105936879276,0.005824790307544945,,,,,,,
6a7d9fab7bffe6ebe23a4047,,,400.0,5.0,,,,,,,0.045,,0.045,0.3,5,200.0,200,,6a7d9fa37bffe6ebe23a3f62,10.1016/j.cej.2012.12.010,True,False,260.0,,,,,,,401.95762524828956,0.12037899968935259,,,,,,,
6a7d9fab7bffe6ebe23a4047,,,400.0,5.0,,,,,,,0.045,,0.045,0.3,5,200.0,200,,6a7d9fa37bffe6ebe23a3f62,10.1016/j.cej.2012.12.010,True,False,280.0,,,,,,,401.619951445597,0.02135756446104333,,,,,,,
6a7d9fab7bffe6ebe23a4047,,,400.0,5.0,,,,,,,0.045,,0.045,0.3,5,200.0,200,,6a7d9fa37bffe6ebe23a3f62,10.1016/j.cej.2012.12.010,True,False,300.0,,,,,,,399.0929154711984,0.09707983845917281,,,,,,,
6a7d9fab7bffe6ebe23a4047,,,400.0,5.0,,,,,,,0.045,,0.045,0.3,5,200.0,200,,6a7d9fa37bffe6ebe23a3f62,10.1016/j.cej.2012.12.010,True,False,320.0,,,,,,,397.08452880158904,2.349332090711376,,,,,,,
6a7d9fab7bffe6ebe23a4047,,,400.0,5.0,,,,,,,0.045,,0.045,0.3,5,200.0,200,,6a7d9fa37bffe6ebe23a3f62,10.1016/j.cej.2012.12.010,True,False,340.0,,,,,,,393.2685941293313,6.116029822926396,,,,,,,
6a7d9fab7bffe6ebe23a4047,,,400.0,5.0,,,,,,,0.045,,0.045,0.3,5,200.0,200,,6a7d9fa37bffe6ebe23a3f62,10.1016/j.cej.2012.12.010,True,False,360.0,,,,,,,385.0982123151622,14.175598011804931,,,,,,,
6a7d9fab7bffe6ebe23a4047,,,400.0,5.0,,,,,,,0.045,,0.045,0.3,5,200.0,200,,6a7d9fa37bffe6ebe23a3f62,10.1016/j.cej.2012.12.010,True,False,380.0,,,,,,,380.805561686162,20.709071140105653,,,,,,,
6a7d9fab7bffe6ebe23a4047,,,400.0,5.0,,,,,,,0.045,,0.045,0.3,5,200.0,200,,6a7d9fa37bffe6ebe23a3f62,10.1016/j.cej.2012.12.010,True,False,400.0,,,,,,,373.3679099536526,28.580304442373432,,,,,,,
6a7d9fab7bffe6ebe23a4047,,,400.0,5.0,,,,,,,0.045,,0.045,0.3,5,200.0,200,,6a7d9fa37bffe6ebe23a3f62,10.1016/j.cej.2012.12.010,True,False,420.0,,,,,,,364.53100860737146,35.25357253805532,,,,,,,
6a7d9fab7bffe6ebe23a4047,,,400.0,5.0,,,,,,,0.045,,0.045,0.3,5,200.0,200,,6a7d9fa37bffe6ebe23a3f62,10.1016/j.cej.2012.12.010,True,False,440.0,,,,,,,356.8483778415361,42.21808014911464,,,,,,,
6a7d9fab7bffe6ebe23a4047,,,400.0,5.0,,,,,,,0.045,,0.045,0.3,5,200.0,200,,6a7d9fa37bffe6ebe23a3f62,10.1016/j.cej.2012.12.010,True,False,460.0,,,,,,,353.7188258662547,45.312985399192314,,,,,,,
6a7d9fab7bffe6ebe23a4047,,,400.0,5.0,,,,,,,0.045,,0.045,0.3,5,200.0,200,,6a7d9fa37bffe6ebe23a3f62,10.1016/j.cej.2012.12.010,True,False,480.0,,,,,,,356.99183403222247,42.32680956818891,,,,,,,
6a7d9fab7bffe6ebe23a4047,,,400.0,5.0,,,,,,,0.045,,0.045,0.3,5,200.0,200,,6a7d9fa37bffe6ebe23a3f62,10.1016/j.cej.2012.12.010,True,False,500.0,,,,,,,364.5045243875524,36.75248524386455,,,,,,,
6a7d9fab7bffe6ebe23a4048,,,500.0,5.0,,,,,,,0.08,,0.08,0.3,10,25.0,500,,6a7d9fa37bffe6ebe23a3f63,10.1016/j.apcata.2016.03.022,True,False,100.0,,,,0.0,,,,,,-0.1325730449727871,,,,,
6a7d9fab7bffe6ebe23a4048,,,500.0,5.0,,,,,,,0.08,,0.08,0.3,10,25.0,500,,6a7d9fa37bffe6ebe23a3f63,10.1016/j.apcata.2016.03.022,True,False,150.0,,,,0.0,,,,,,-0.3396233171011147,,,,,
6a7d9fab7bffe6ebe23a4048,,,500.0,5.0,,,,,,,0.08,,0.08,0.3,10,25.0,500,,6a7d9fa37bffe6ebe23a3f63,10.1016/j.apcata.2016.03.022,True,False,200.0,,,,0.008757206451153084,,,,,,-0.23327843024921435,,,,,
6a7d9fab7bffe6ebe23a4048,,,500.0,5.0,,,,,,,0.08,,0.08,0.3,10,25.0,500,,6a7d9fa37bffe6ebe23a3f63,10.1016/j.apcata.2016.03.022,True,False,250.0,,,,0.06567904838357168,,,,,,-0.04234101976511084,,,,,
6a7d9fab7bffe6ebe23a4048,,,500.0,5.0,,,,,,,0.08,,0.08,0.3,10,25.0,500,,6a7d9fa37bffe6ebe23a3f63,10.1016/j.apcata.2016.03.022,True,False,300.0,,,,0.32146245347734165,,,,,,0.02895839301059766,,,,,
6a7d9fab7bffe6ebe23a4048,,,500.0,5.0,,,,,,,0.08,,0.08,0.3,10,25.0,500,,6a7d9fa37bffe6ebe23a3f63,10.1016/j.apcata.2016.03.022,True,False,325.0,,,,0.5024447201342902,,,,,,0.21224219421369384,,,,,
6a7d9fab7bffe6ebe23a4048,,,500.0,5.0,,,,,,,0.08,,0.08,0.3,10,25.0,500,,6a7d9fa37bffe6ebe23a3f63,10.1016/j.apcata.2016.03.022,True,False,350.0,,,,0.6400058381376379,,,,,,0.09864651962188731,,,,,
6a7d9fab7bffe6ebe23a4048,,,500.0,5.0,,,,,,,0.08,,0.08,0.3,10,25.0,500,,6a7d9fa37bffe6ebe23a3f63,10.1016/j.apcata.2016.03.022,True,False,375.0,,,,0.8155148507626094,,,,,,-0.2892706244629011,,,,,
6a7d9fab7bffe6ebe23a4048,,,500.0,5.0,,,,,,,0.08,,0.08,0.3,10,25.0,500,,6a7d9fa37bffe6ebe23a3f63,10.1016/j.apcata.2016.03.022,True,False,400.0,,,,1.2402393636430074,,,,,,-0.46812338871383474,,,,,
6a7d9fab7bffe6ebe23a4048,,,500.0,5.0,,,,,,,0.08,,0.08,0.3,10,25.0,500,,6a7d9fa37bffe6ebe23a3f63,10.1016/j.apcata.2016.03.022,True,False,425.0,,,,2.0677953732759287,,,,,,-0.20185835004296848,,,,,
6a7d9fab7bffe6ebe23a4048,,,500.0,5.0,,,,,,,0.08,,0.08,0.3,10,25.0,500,,6a7d9fa37bffe6ebe23a3f63,10.1016/j.apcata.2016.03.022,True,False,450.0,,,,3.5769539516894104,,,,,,0.3210040103122296,,,,,
6a7d9fab7bffe6ebe23a4048,,,500.0,5.0,,,,,,,0.08,,0.08,0.3,10,25.0,500,,6a7d9fa37bffe6ebe23a3f63,10.1016/j.apcata.2016.03.022,True,False,475.0,,,,5.964752244034158,,,,,,0.3020713978802618,,,,,
6a7d9fab7bffe6ebe23a4048,,,500.0,5.0,,,,,,,0.08,,0.08,0.3,10,25.0,500,,6a7d9fa37bffe6ebe23a3f63,10.1016/j.apcata.2016.03.022,True,False,500.0,,,,9.484054586586879,,,,,,-1.065104912632485,,,,,
6a7d9fab7bffe6ebe23a4048,,,500.0,5.0,,,,,,,0.08,,0.08,0.3,10,25.0,500,,6a7d9fa37bffe6ebe23a3f63,10.1016/j.apcata.2016.03.022,True,False,525.0,,,,12.701233306575203,,,,,,-4.097948295617304,,,,,
6a7d9fab7bffe6ebe23a4048,,,500.0,5.0,,,,,,,0.08,,0.08,0.3,10,25.0,500,,6a7d9fa37bffe6ebe23a3f63,10.1016/j.apcata.2016.03.022,True,False,550.0,,,,13.456907246588344,,,,,,-6.292117230020054,,,,,
6a7d9fab7bffe6ebe23a4048,,,500.0,5.0,,,,,,,0.08,,0.08,0.3,10,25.0,500,,6a7d9fa37bffe6ebe23a3f63,10.1016/j.apcata.2016.03.022,True,False,575.0,,,,12.21082974531125,,,,,,-6.423437052420514,,,,,
6a7d9fab7bffe6ebe23a4048,,,500.0,5.0,,,,,,,0.08,,0.08,0.3,10,25.0,500,,6a7d9fa37bffe6ebe23a3f63,10.1016/j.apcata.2016.03.022,True,False,600.0,,,,10.320002919068815,,,,,,-5.417994485820685,,,,,
6a7d9fab7bffe6ebe23a4048,,,500.0,5.0,,,,,,,0.08,,0.08,0.3,10,25.0,500,,6a7d9fa37bffe6ebe23a3f63,10.1016/j.apcata.2016.03.022,True,False,625.0,,,,8.579508136904327,,,,,,-3.6999606130048726,,,,,
6a7d9fab7bffe6ebe23a4048,,,500.0,5.0,,,,,,,0.08,,0.08,0.3,10,25.0,500,,6a7d9fa37bffe6ebe23a3f63,10.1016/j.apcata.2016.03.022,True,False,650.0,,,,7.248412756330732,,,,,,-2.6203988828415916,,,,,
6a7d9fab7bffe6ebe23a4048,,,500.0,5.0,,,,,,,0.08,,0.08,0.3,10,25.0,500,,6a7d9fa37bffe6ebe23a3f63,10.1016/j.apcata.2016.03.022,True,False,675.0,,,,6.1278552141866784,,,,,,-1.7543325694643386,,,,,
6a7d9fab7bffe6ebe23a4049,,0.0,500.0,5.0,,,Cabot,Printex-U,,0.02,0.08,1:4,0.1,0.3,10,25.0,500,,6a7d9fa37bffe6ebe23a3f63,10.1016/j.apcata.2016.03.022,True,True,200.02393671366437,,0.2950624628197538,,,,,,,,,,,,,
6a7d9fab7bffe6ebe23a4049,,0.0,500.0,5.0,,,Cabot,Printex-U,,0.02,0.08,1:4,0.1,0.3,10,25.0,500,,6a7d9fa37bffe6ebe23a3f63,10.1016/j.apcata.2016.03.022,True,True,250.9542575240097,,0.24429902835614214,,,,,,,,,,,,,
6a7d9fab7bffe6ebe23a4049,,0.0,500.0,5.0,,,Cabot,Printex-U,,0.02,0.08,1:4,0.1,0.3,10,25.0,500,,6a7d9fa37bffe6ebe23a3f63,10.1016/j.apcata.2016.03.022,True,True,299.997664710862,,0.43783462224866554,,,,,,,,,,,,,
6a7d9fab7bffe6ebe23a4049,,0.0,500.0,5.0,,,Cabot,Printex-U,,0.02,0.08,1:4,0.1,0.3,10,25.0,500,,6a7d9fa37bffe6ebe23a3f63,10.1016/j.apcata.2016.03.022,True,True,349.3166360159967,,0.39500297441999166,,,,,,,,,,,,,
6a7d9fab7bffe6ebe23a4049,,0.0,500.0,5.0,,,Cabot,Printex-U,,0.02,0.08,1:4,0.1,0.3,10,25.0,500,,6a7d9fa37bffe6ebe23a3f63,10.1016/j.apcata.2016.03.022,True,True,399.8476223837464,,0.7955581994844394,,,,,,,,,,,,,
6a7d9fab7bffe6ebe23a4049,,0.0,500.0,5.0,,,Cabot,Printex-U,,0.02,0.08,1:4,0.1,0.3,10,25.0,500,,6a7d9fa37bffe6ebe23a3f63,10.1016/j.apcata.2016.03.022,True,True,449.87652158682897,,2.791988895498715,,,,,,,,,,,,,
6a7d9fab7bffe6ebe23a4049,,0.0,500.0,5.0,,,Cabot,Printex-U,,0.02,0.08,1:4,0.1,0.3,10,25.0,500,,6a7d9fa37bffe6ebe23a3f63,10.1016/j.apcata.2016.03.022,True,True,499.9521265726713,,8.187190164584576,,,,,,,,,,,,,
6a7d9fab7bffe6ebe23a4049,,0.0,500.0,5.0,,,Cabot,Printex-U,,0.02,0.08,1:4,0.1,0.3,10,25.0,500,,6a7d9fa37bffe6ebe23a3f63,10.1016/j.apcata.2016.03.022,True,True,550.0043786671338,,25.655363870711877,,,,,,,,,,,,,
6a7d9fab7bffe6ebe23a4049,,0.0,500.0,5.0,,,Cabot,Printex-U,,0.02,0.08,1:4,0.1,0.3,10,25.0,500,,6a7d9fa37bffe6ebe23a3f63,10.1016/j.apcata.2016.03.022,True,True,574.9616136847944,,43.87705730715844,,,,,,,,,,,,,
6a7d9fab7bffe6ebe23a4049,,0.0,500.0,5.0,,,Cabot,Printex-U,,0.02,0.08,1:4,0.1,0.3,10,25.0,500,,6a7d9fa37bffe6ebe23a3f63,10.1016/j.apcata.2016.03.022,True,True,600.091660098666,,69.94646044021415,,,,,,,,,,,,,
6a7d9fab7bffe6ebe23a4049,,0.0,500.0,5.0,,,Cabot,Printex-U,,0.02,0.08,1:4,0.1,0.3,10,25.0,500,,6a7d9fa37bffe6ebe23a3f63,10.1016/j.apcata.2016.03.022,True,True,625.0745832968444,,89.6529843347214,,,,,,,,,,,,,
6a7d9fab7bffe6ebe23a4049,,0.0,500.0,5.0,,,Cabot,Printex-U,,0.02,0.08,1:4,0.1,0.3,10,25.0,500,,6a7d9fa37bffe6ebe23a3f63,10.1016/j.apcata.2016.03.022,True,True,650.3564235046852,,97.20325203252033,,,,,,,,,,,,,
6a7d9fab7bffe6ebe23a4049,,0.0,500.0,5.0,,,Cabot,Printex-U,,0.02,0.08,1:4,0.1,0.3,10,25.0,500,,6a7d9fa37bffe6ebe23a3f63,10.1016/j.apcata.2016.03.022,True,True,675.2622821613102,,97.99643069601427,,,,,,,,,,,,,
6a7d9fab7bffe6ebe23a404a,,,500.0,5.0,,,,,,,0.08,,0.08,0.3,10,25.0,500,,6a7d9fa37bffe6ebe23a3f64,10.1016/j.apcata.2016.03.022,True,False,100.0,,,,0.0,,,,,,0.1953236894872532,,,,,
6a7d9fab7bffe6ebe23a404a,,,500.0,5.0,,,,,,,0.08,,0.08,0.3,10,25.0,500,,6a7d9fa37bffe6ebe23a3f64,10.1016/j.apcata.2016.03.022,True,False,150.0,,,,0.0,,,,,,0.17196004010312294,,,,,
6a7d9fab7bffe6ebe23a404a,,,500.0,5.0,,,,,,,0.08,,0.08,0.3,10,25.0,500,,6a7d9fa37bffe6ebe23a3f64,10.1016/j.apcata.2016.03.022,True,False,200.0,,,,0.0,,,,,,0.3206011887711284,,,,,
6a7d9fab7bffe6ebe23a404a,,,500.0,5.0,,,,,,,0.08,,0.08,0.3,10,25.0,500,,6a7d9fa37bffe6ebe23a3f64,10.1016/j.apcata.2016.03.022,True,False,250.0,,,,0.035520726527025044,,,,,,1.1810280005729012,,,,,
6a7d9fab7bffe6ebe23a404a,,,500.0,5.0,,,,,,,0.08,,0.08,0.3,10,25.0,500,,6a7d9fa37bffe6ebe23a3f64,10.1016/j.apcata.2016.03.022,True,False,300.0,,,,0.18163175626190126,,,,,,2.2178906473789723,,,,,
6a7d9fab7bffe6ebe23a404a,,,500.0,5.0,,,,,,,0.08,,0.08,0.3,10,25.0,500,,6a7d9fa37bffe6ebe23a3f64,10.1016/j.apcata.2016.03.022,True,False,325.0,,,,0.8048923392412479,,,,,,2.4342058149527332,,,,,
6a7d9fab7bffe6ebe23a404a,,,500.0,5.0,,,,,,,0.08,,0.08,0.3,10,25.0,500,,6a7d9fa37bffe6ebe23a3f64,10.1016/j.apcata.2016.03.022,True,False,350.0,,,,2.752673209315951,,,,,,1.8263481094242309,,,,,
6a7d9fab7bffe6ebe23a404a,,,500.0,5.0,,,,,,,0.08,,0.08,0.3,10,25.0,500,,6a7d9fa37bffe6ebe23a3f64,10.1016/j.apcata.2016.03.022,True,False,375.0,,,,4.803354328401933,,,,,,1.729670939558865,,,,,
6a7d9fab7bffe6ebe23a404a,,,500.0,5.0,,,,,,,0.08,,0.08,0.3,10,25.0,500,,6a7d9fa37bffe6ebe23a3f64,10.1016/j.apcata.2016.03.022,True,False,400.0,,,,6.6024608173429025,,,,,,2.558677671154399,,,,,
6a7d9fab7bffe6ebe23a404a,,,500.0,5.0,,,,,,,0.08,,0.08,0.3,10,25.0,500,,6a7d9fa37bffe6ebe23a3f64,10.1016/j.apcata.2016.03.022,True,False,425.0,,,,5.5903032078511785,,,,,,10.66948940131767,,,,,
6a7d9fab7bffe6ebe23a404a,,,500.0,5.0,,,,,,,0.08,,0.08,0.3,10,25.0,500,,6a7d9fa37bffe6ebe23a3f64,10.1016/j.apcata.2016.03.022,True,False,450.0,,,,8.51362238171964,,,,,,9.776031223145232,,,,,
6a7d9fab7bffe6ebe23a404a,,,500.0,5.0,,,,,,,0.08,,0.08,0.3,10,25.0,500,,6a7d9fa37bffe6ebe23a3f64,10.1016/j.apcata.2016.03.022,True,False,475.0,,,,12.930643035008055,,,,,,5.325658837009449,,,,,
6a7d9fab7bffe6ebe23a404a,,,500.0,5.0,,,,,,,0.08,,0.08,0.3,10,25.0,500,,6a7d9fa37bffe6ebe23a3f64,10.1016/j.apcata.2016.03.022,True,False,500.0,,,,16.649333528636298,,,,,,-1.2173714551704364,,,,,
6a7d9fab7bffe6ebe23a404a,,,500.0,5.0,,,,,,,0.08,,0.08,0.3,10,25.0,500,,6a7d9fa37bffe6ebe23a3f64,10.1016/j.apcata.2016.03.022,True,False,525.0,,,,18.932181045847372,,,,,,-17.307675093096535,,,,,
6a7d9fab7bffe6ebe23a404a,,,500.0,5.0,,,,,,,0.08,,0.08,0.3,10,25.0,500,,6a7d9fa37bffe6ebe23a3f64,10.1016/j.apcata.2016.03.022,True,False,550.0,,,,16.31463307455691,,,,,,-30.75788635061587,,,,,
6a7d9fab7bffe6ebe23a404a,,,500.0,5.0,,,,,,,0.08,,0.08,0.3,10,25.0,500,,6a7d9fa37bffe6ebe23a3f64,10.1016/j.apcata.2016.03.022,True,False,575.0,,,,12.907939065475317,,,,,,-9.762424806645662,,,,,
6a7d9fab7bffe6ebe23a404a,,,500.0,5.0,,,,,,,0.08,,0.08,0.3,10,25.0,500,,6a7d9fa37bffe6ebe23a3f64,10.1016/j.apcata.2016.03.022,True,False,600.0,,,,10.47641716713051,,,,,,-3.764412059581783,,,,,
6a7d9fab7bffe6ebe23a404a,,,500.0,5.0,,,,,,,0.08,,0.08,0.3,10,25.0,500,,6a7d9fa37bffe6ebe23a3f64,10.1016/j.apcata.2016.03.022,True,False,625.0,,,,8.643620916947414,,,,,,-2.4951213835577164,,,,,
6a7d9fab7bffe6ebe23a404a,,,500.0,5.0,,,,,,,0.08,,0.08,0.3,10,25.0,500,,6a7d9fa37bffe6ebe23a3f64,10.1016/j.apcata.2016.03.022,True,False,650.0,,,,7.30555148674381,,,,,,-1.8425504869664877,,,,,
6a7d9fab7bffe6ebe23a404a,,,500.0,5.0,,,,,,,0.08,,0.08,0.3,10,25.0,500,,6a7d9fa37bffe6ebe23a3f64,10.1016/j.apcata.2016.03.022,True,False,675.0,,,,6.172550168448805,,,,,,-1.1625877255800603,,,,,
6a7d9fab7bffe6ebe23a404b,,0.0,500.0,5.0,,,Cabot,Printex-U,,0.02,0.08,1:4,0.1,0.3,10,25.0,500,,6a7d9fa37bffe6ebe23a3f64,10.1016/j.apcata.2016.03.022,True,True,200.4489593367779,,0.06504065040650886,,,,,,,,,,,,,
6a7d9fab7bffe6ebe23a404b,,0.0,500.0,5.0,,,Cabot,Printex-U,,0.02,0.08,1:4,0.1,0.3,10,25.0,500,,6a7d9fa37bffe6ebe23a3f64,10.1016/j.apcata.2016.03.022,True,True,259.6952447674928,,0.14832441007337493,,,,,,,,,,,,,
6a7d9fab7bffe6ebe23a404b,,0.0,500.0,5.0,,,Cabot,Printex-U,,0.02,0.08,1:4,0.1,0.3,10,25.0,500,,6a7d9fa37bffe6ebe23a3f64,10.1016/j.apcata.2016.03.022,True,True,299.8785649648247,,0.17608566329566244,,,,,,,,,,,,,
6a7d9fab7bffe6ebe23a404b,,0.0,500.0,5.0,,,Cabot,Printex-U,,0.02,0.08,1:4,0.1,0.3,10,25.0,500,,6a7d9fa37bffe6ebe23a3f64,10.1016/j.apcata.2016.03.022,True,True,366.1400589660508,,0.40769383303589635,,,,,,,,,,,,,
6a7d9fab7bffe6ebe23a404b,,0.0,500.0,5.0,,,Cabot,Printex-U,,0.02,0.08,1:4,0.1,0.3,10,25.0,500,,6a7d9fa37bffe6ebe23a3f64,10.1016/j.apcata.2016.03.022,True,True,424.53162857226266,,1.0818956970057556,,,,,,,,,,,,,
6a7d9fab7bffe6ebe23a404b,,0.0,500.0,5.0,,,Cabot,Printex-U,,0.02,0.08,1:4,0.1,0.3,10,25.0,500,,6a7d9fa37bffe6ebe23a3f64,10.1016/j.apcata.2016.03.022,True,True,474.54885132965524,,9.3904421971049,,,,,,,,,,,,,
6a7d9fab7bffe6ebe23a404b,,0.0,500.0,5.0,,,Cabot,Printex-U,,0.02,0.08,1:4,0.1,0.3,10,25.0,500,,6a7d9fa37bffe6ebe23a3f64,10.1016/j.apcata.2016.03.022,True,True,510.63607437895905,,20.05631568510807,,,,,,,,,,,,,
6a7d9fab7bffe6ebe23a404b,,0.0,500.0,5.0,,,Cabot,Printex-U,,0.02,0.08,1:4,0.1,0.3,10,25.0,500,,6a7d9fa37bffe6ebe23a3f64,10.1016/j.apcata.2016.03.022,True,True,540.7145984762238,,34.78564346619076,,,,,,,,,,,,,
6a7d9fab7bffe6ebe23a404b,,0.0,500.0,5.0,,,Cabot,Printex-U,,0.02,0.08,1:4,0.1,0.3,10,25.0,500,,6a7d9fa37bffe6ebe23a3f64,10.1016/j.apcata.2016.03.022,True,True,565.3121989666346,,50.603212373587155,,,,,,,,,,,,,
6a7d9fab7bffe6ebe23a404b,,0.0,500.0,5.0,,,Cabot,Printex-U,,0.02,0.08,1:4,0.1,0.3,10,25.0,500,,6a7d9fa37bffe6ebe23a3f64,10.1016/j.apcata.2016.03.022,True,True,587.5324751145752,,65.95597858417608,,,,,,,,,,,,,
6a7d9fab7bffe6ebe23a404b,,0.0,500.0,5.0,,,Cabot,Printex-U,,0.02,0.08,1:4,0.1,0.3,10,25.0,500,,6a7d9fa37bffe6ebe23a3f64,10.1016/j.apcata.2016.03.022,True,True,607.3193799807339,,80.27840571088637,,,,,,,,,,,,,
6a7d9fab7bffe6ebe23a404b,,0.0,500.0,5.0,,,Cabot,Printex-U,,0.02,0.08,1:4,0.1,0.3,10,25.0,500,,6a7d9fa37bffe6ebe23a3f64,10.1016/j.apcata.2016.03.022,True,True,628.6872755933093,,90.7134642078128,,,,,,,,,,,,,
6a7d9fab7bffe6ebe23a404b,,0.0,500.0,5.0,,,Cabot,Printex-U,,0.02,0.08,1:4,0.1,0.3,10,25.0,500,,6a7d9fa37bffe6ebe23a3f64,10.1016/j.apcata.2016.03.022,True,True,669.6902822780745,,95.15764425936942,,,,,,,,,,,,,
6a7d9fab7bffe6ebe23a404b,,0.0,500.0,5.0,,,Cabot,Printex-U,,0.02,0.08,1:4,0.1,0.3,10,25.0,500,,6a7d9fa37bffe6ebe23a3f64,10.1016/j.apcata.2016.03.022,True,True,700.354963948974,,95.95558199484434,,,,,,,,,,,,,
6a7d9fab7bffe6ebe23a404c,,,500.0,4.0,,,,,,,0.2,,0.2,0.0,5,100.0,600,,6a7d9fa37bffe6ebe23a3f65,10.1016/j.apcata.2019.117304,True,False,175.39650672555712,,,,11.699064524866134,,,,,,,,,,,
6a7d9fab7bffe6ebe23a404c,,,500.0,4.0,,,,,,,0.2,,0.2,0.0,5,100.0,600,,6a7d9fa37bffe6ebe23a3f65,10.1016/j.apcata.2019.117304,True,False,188.70708693033527,,,,12.015750984436526,,,,,,,,,,,
6a7d9fab7bffe6ebe23a404c,,,500.0,4.0,,,,,,,0.2,,0.2,0.0,5,100.0,600,,6a7d9fa37bffe6ebe23a3f65,10.1016/j.apcata.2019.117304,True,False,202.73904473362413,,,,11.825739108694291,,,,,,,,,,,
6a7d9fab7bffe6ebe23a404c,,,500.0,4.0,,,,,,,0.2,,0.2,0.0,5,100.0,600,,6a7d9fa37bffe6ebe23a3f65,10.1016/j.apcata.2019.117304,True,False,217.50469967695423,,,,11.66072879554972,,,,,,,,,,,
6a7d9fab7bffe6ebe23a404c,,,500.0,4.0,,,,,,,0.2,,0.2,0.0,5,100.0,600,,6a7d9fa37bffe6ebe23a3f65,10.1016/j.apcata.2019.117304,True,False,231.31490573269332,,,,11.555722232639537,,,,,,,,,,,
6a7d9fab7bffe6ebe23a404c,,,500.0,4.0,,,,,,,0.2,,0.2,0.0,5,100.0,600,,6a7d9fa37bffe6ebe23a3f65,10.1016/j.apcata.2019.117304,True,False,245.31811793907758,,,,11.501552180344603,,,,,,,,,,,
6a7d9fab7bffe6ebe23a404c,,,500.0,4.0,,,,,,,0.2,,0.2,0.0,5,100.0,600,,6a7d9fa37bffe6ebe23a3f65,10.1016/j.apcata.2019.117304,True,False,259.37197714953186,,,,11.389878534075045,,,,,,,,,,,
6a7d9fab7bffe6ebe23a404c,,,500.0,4.0,,,,,,,0.2,,0.2,0.0,5,100.0,600,,6a7d9fa37bffe6ebe23a3f65,10.1016/j.apcata.2019.117304,True,False,273.9733715391214,,,,11.510719419963745,,,,,,,,,,,
6a7d9fab7bffe6ebe23a404c,,,500.0,4.0,,,,,,,0.2,,0.2,0.0,5,100.0,600,,6a7d9fa37bffe6ebe23a3f65,10.1016/j.apcata.2019.117304,True,False,287.7274552389991,,,,11.51988665958289,,,,,,,,,,,
6a7d9fab7bffe6ebe23a404c,,,500.0,4.0,,,,,,,0.2,,0.2,0.0,5,100.0,600,,6a7d9fa37bffe6ebe23a3f65,10.1016/j.apcata.2019.117304,True,False,306.34365132959795,,,,11.525720357522344,,,,,,,,,,,
6a7d9fab7bffe6ebe23a404c,,,500.0,4.0,,,,,,,0.2,,0.2,0.0,5,100.0,600,,6a7d9fa37bffe6ebe23a3f65,10.1016/j.apcata.2019.117304,True,False,325.22540198207736,,,,11.875742233889616,,,,,,,,,,,
6a7d9fab7bffe6ebe23a404c,,,500.0,4.0,,,,,,,0.2,,0.2,0.0,5,100.0,600,,6a7d9fa37bffe6ebe23a3f65,10.1016/j.apcata.2019.117304,True,False,344.0496614407476,,,,12.552451194866343,,,,,,,,,,,
6a7d9fab7bffe6ebe23a404c,,,500.0,4.0,,,,,,,0.2,,0.2,0.0,5,100.0,600,,6a7d9fa37bffe6ebe23a3f65,10.1016/j.apcata.2019.117304,True,False,362.263419174682,,,,13.638352397024812,,,,,,,,,,,
6a7d9fab7bffe6ebe23a404c,,,500.0,4.0,,,,,,,0.2,,0.2,0.0,5,100.0,600,,6a7d9fa37bffe6ebe23a3f65,10.1016/j.apcata.2019.117304,True,False,380.9329999452465,,,,14.375898493655852,,,,,,,,,,,
6a7d9fab7bffe6ebe23a404c,,,500.0,4.0,,,,,,,0.2,,0.2,0.0,5,100.0,600,,6a7d9fa37bffe6ebe23a3f65,10.1016/j.apcata.2019.117304,True,False,395.153857385337,,,,15.805154488822215,,,,,,,,,,,
6a7d9fab7bffe6ebe23a404d,,0.0,500.0,4.0,,,,Printex-U,,0.02,0.18,1:9,0.2,0.0,5,200.0,600,,6a7d9fa37bffe6ebe23a3f65,10.1016/j.apcata.2019.117304,True,True,200.0,0.86961134490929,,0.0,6.722062944425546,,,,,,,,,,,
6a7d9fab7bffe6ebe23a404d,,0.0,500.0,4.0,,,,Printex-U,,0.02,0.18,1:9,0.2,0.0,5,200.0,600,,6a7d9fa37bffe6ebe23a3f65,10.1016/j.apcata.2019.117304,True,True,250.0,0.9742900590585987,,0.00021954627103985824,5.664350389555695,,,,,,,,,,,
6a7d9fab7bffe6ebe23a404d,,0.0,500.0,4.0,,,,Printex-U,,0.02,0.18,1:9,0.2,0.0,5,200.0,600,,6a7d9fa37bffe6ebe23a3f65,10.1016/j.apcata.2019.117304,True,True,300.0,1.2865579799837321,,0.0011742399041980017,6.050666537084729,,,,,,,,,,,
6a7d9fab7bffe6ebe23a404d,,0.0,500.0,4.0,,,,Printex-U,,0.02,0.18,1:9,0.2,0.0,5,200.0,600,,6a7d9fa37bffe6ebe23a3f65,10.1016/j.apcata.2019.117304,True,True,350.0,1.9457509636807295,,0.004706938992748322,6.868652509840127,,,,,,,,,,,
6a7d9fab7bffe6ebe23a404d,,0.0,500.0,4.0,,,,Printex-U,,0.02,0.18,1:9,0.2,0.0,5,200.0,600,,6a7d9fa37bffe6ebe23a3f65,10.1016/j.apcata.2019.117304,True,True,400.0,2.7771687236977045,,0.015281751047834483,7.422615287428931,,,,,,,,,,,
6a7d9fab7bffe6ebe23a404d,,0.0,500.0,4.0,,,,Printex-U,,0.02,0.18,1:9,0.2,0.0,5,200.0,600,,6a7d9fa37bffe6ebe23a3f65,10.1016/j.apcata.2019.117304,True,True,450.0,5.08788060968278,,0.044571219479741866,6.649173105269124,,,,,,,,,,,
6a7d9fab7bffe6ebe23a404d,,0.0,500.0,4.0,,,,Printex-U,,0.02,0.18,1:9,0.2,0.0,5,200.0,600,,6a7d9fa37bffe6ebe23a3f65,10.1016/j.apcata.2019.117304,True,True,475.0,7.292499204300313,,0.06729093207371431,6.171339715243694,,,,,,,,,,,
6a7d9fab7bffe6ebe23a404d,,0.0,500.0,4.0,,,,Printex-U,,0.02,0.18,1:9,0.2,0.0,5,200.0,600,,6a7d9fa37bffe6ebe23a3f65,10.1016/j.apcata.2019.117304,True,True,500.0,10.568306397425468,,0.09673009114496706,5.934042794434455,,,,,,,,,,,
6a7d9fab7bffe6ebe23a404d,,0.0,500.0,4.0,,,,Printex-U,,0.02,0.18,1:9,0.2,0.0,5,200.0,600,,6a7d9fa37bffe6ebe23a3f65,10.1016/j.apcata.2019.117304,True,True,525.0,15.596421119637869,,0.13373694364979044,5.700795309133905,,,,,,,,,,,
6a7d9fab7bffe6ebe23a404d,,0.0,500.0,4.0,,,,Printex-U,,0.02,0.18,1:9,0.2,0.0,5,200.0,600,,6a7d9fa37bffe6ebe23a3f65,10.1016/j.apcata.2019.117304,True,True,550.0,21.862998196414047,,0.16472955891158275,5.725901809287784,,,,,,,,,,,
6a7d9fab7bffe6ebe23a404d,,0.0,500.0,4.0,,,,Printex-U,,0.02,0.18,1:9,0.2,0.0,5,200.0,600,,6a7d9fa37bffe6ebe23a3f65,10.1016/j.apcata.2019.117304,True,True,575.0,28.82908370760689,,0.1585623045705542,5.80122130974942,,,,,,,,,,,
6a7d9fab7bffe6ebe23a404d,,0.0,500.0,4.0,,,,Printex-U,,0.02,0.18,1:9,0.2,0.0,5,200.0,600,,6a7d9fa37bffe6ebe23a3f65,10.1016/j.apcata.2019.117304,True,True,600.0,34.91459490044913,,0.13299514337036794,5.878160584414531,,,,,,,,,,,
6a7d9fab7bffe6ebe23a404d,,0.0,500.0,4.0,,,,Printex-U,,0.02,0.18,1:9,0.2,0.0,5,200.0,600,,6a7d9fa37bffe6ebe23a3f65,10.1016/j.apcata.2019.117304,True,True,625.0,33.06114510025816,,0.08098263588583593,5.485365340071593,,,,,,,,,,,
6a7d9fab7bffe6ebe23a404d,,0.0,500.0,4.0,,,,Printex-U,,0.02,0.18,1:9,0.2,0.0,5,200.0,600,,6a7d9fa37bffe6ebe23a3f65,10.1016/j.apcata.2019.117304,True,True,650.0,17.684690738055664,,0.027579668684718256,5.273174919416232,,,,,,,,,,,
6a7d9fab7bffe6ebe23a404e,,,500.0,4.0,,,,,,,0.2,,0.2,0.0,5,100.0,600,,6a7d9fa37bffe6ebe23a3f66,10.1016/j.apcata.2019.117304,True,False,175.12273913598946,,,,7.31795737233577,,,,,,,,,,,
6a7d9fab7bffe6ebe23a404e,,,500.0,4.0,,,,,,,0.2,,0.2,0.0,5,100.0,600,,6a7d9fa37bffe6ebe23a3f66,10.1016/j.apcata.2019.117304,True,False,191.20110967129636,,,,10.168968893889199,,,,,,,,,,,
6a7d9fab7bffe6ebe23a404e,,,500.0,4.0,,,,,,,0.2,,0.2,0.0,5,100.0,600,,6a7d9fa37bffe6ebe23a3f66,10.1016/j.apcata.2019.117304,True,False,207.4492161121352,,,,12.549117653186656,,,,,,,,,,,
6a7d9fab7bffe6ebe23a404e,,,500.0,4.0,,,,,,,0.2,,0.2,0.0,5,100.0,600,,6a7d9fa37bffe6ebe23a3f66,10.1016/j.apcata.2019.117304,True,False,223.25792557171798,,,,15.011771569056396,,,,,,,,,,,
6a7d9fab7bffe6ebe23a404e,,,500.0,4.0,,,,,,,0.2,,0.2,0.0,5,100.0,600,,6a7d9fa37bffe6ebe23a3f66,10.1016/j.apcata.2019.117304,True,False,244.32981694073843,,,,20.584619872075333,,,,,,,,,,,
6a7d9fab7bffe6ebe23a404e,,,500.0,4.0,,,,,,,0.2,,0.2,0.0,5,100.0,600,,6a7d9fa37bffe6ebe23a3f66,10.1016/j.apcata.2019.117304,True,False,260.3890237447756,,,,27.821738858678664,,,,,,,,,,,
6a7d9fab7bffe6ebe23a404e,,,500.0,4.0,,,,,,,0.2,,0.2,0.0,5,100.0,600,,6a7d9fa37bffe6ebe23a3f66,10.1016/j.apcata.2019.117304,True,False,274.7659287109197,,,,36.20059587057525,,,,,,,,,,,
6a7d9fab7bffe6ebe23a404e,,,500.0,4.0,,,,,,,0.2,,0.2,0.0,5,100.0,600,,6a7d9fa37bffe6ebe23a3f66,10.1016/j.apcata.2019.117304,True,False,291.8024858097133,,,,46.15121778444486,,,,,,,,,,,
6a7d9fab7bffe6ebe23a404e,,,500.0,4.0,,,,,,,0.2,,0.2,0.0,5,100.0,600,,6a7d9fa37bffe6ebe23a3f66,10.1016/j.apcata.2019.117304,True,False,306.6954426821923,,,,55.59930829010146,,,,,,,,,,,
6a7d9fab7bffe6ebe23a404e,,,500.0,4.0,,,,,,,0.2,,0.2,0.0,5,100.0,600,,6a7d9fa37bffe6ebe23a3f66,10.1016/j.apcata.2019.117304,True,False,325.66343012538556,,,,63.83898993687105,,,,,,,,,,,
6a7d9fab7bffe6ebe23a404e,,,500.0,4.0,,,,,,,0.2,,0.2,0.0,5,100.0,600,,6a7d9fa37bffe6ebe23a3f66,10.1016/j.apcata.2019.117304,True,False,346.7750177948933,,,,63.5956413942538,,,,,,,,,,,
6a7d9fab7bffe6ebe23a404e,,,500.0,4.0,,,,,,,0.2,,0.2,0.0,5,100.0,600,,6a7d9fa37bffe6ebe23a3f66,10.1016/j.apcata.2019.117304,True,False,365.9387490646274,,,,57.034397983207285,,,,,,,,,,,
6a7d9fab7bffe6ebe23a404e,,,500.0,4.0,,,,,,,0.2,,0.2,0.0,5,100.0,600,,6a7d9fa37bffe6ebe23a3f66,10.1016/j.apcata.2019.117304,True,False,384.3865780876421,,,,49.62476821468009,,,,,,,,,,,
6a7d9fab7bffe6ebe23a404e,,,500.0,4.0,,,,,,,0.2,,0.2,0.0,5,100.0,600,,6a7d9fa37bffe6ebe23a3f66,10.1016/j.apcata.2019.117304,True,False,398.39252796992207,,,,43.85274079629977,,,,,,,,,,,
6a7d9fab7bffe6ebe23a404f,,0.0,500.0,4.0,,,,Printex-U,,0.02,0.18,1:9,0.2,0.0,5,200.0,600,,6a7d9fa37bffe6ebe23a3f66,10.1016/j.apcata.2019.117304,True,True,200.0,0.749725925663967,,0.0,7.633995820982554,,,,,,,,,,,
6a7d9fab7bffe6ebe23a404f,,0.0,500.0,4.0,,,,Printex-U,,0.02,0.18,1:9,0.2,0.0,5,200.0,600,,6a7d9fa37bffe6ebe23a3f66,10.1016/j.apcata.2019.117304,True,True,250.0,1.0432506984475014,,0.0012208103253276564,10.11953933621653,,,,,,,,,,,
6a7d9fab7bffe6ebe23a404f,,0.0,500.0,4.0,,,,Printex-U,,0.02,0.18,1:9,0.2,0.0,5,200.0,600,,6a7d9fa37bffe6ebe23a3f66,10.1016/j.apcata.2019.117304,True,True,300.0,1.279838738197121,,0.005488656775996276,20.623775045758617,,,,,,,,,,,
6a7d9fab7bffe6ebe23a404f,,0.0,500.0,4.0,,,,Printex-U,,0.02,0.18,1:9,0.2,0.0,5,200.0,600,,6a7d9fa37bffe6ebe23a3f66,10.1016/j.apcata.2019.117304,True,True,350.0,1.1157477808819887,,0.019007384738207705,35.7759528321752,,,,,,,,,,,
6a7d9fab7bffe6ebe23a404f,,0.0,500.0,4.0,,,,Printex-U,,0.02,0.18,1:9,0.2,0.0,5,200.0,600,,6a7d9fa37bffe6ebe23a3f66,10.1016/j.apcata.2019.117304,True,True,400.0,1.4329667220709408,,0.07823165458053355,38.515800897354914,,,,,,,,,,,
6a7d9fab7bffe6ebe23a404f,,0.0,500.0,4.0,,,,Printex-U,,0.02,0.18,1:9,0.2,0.0,5,200.0,600,,6a7d9fa37bffe6ebe23a3f66,10.1016/j.apcata.2019.117304,True,True,425.0,1.3261661420942814,,0.12836138646796624,35.19202423182209,,,,,,,,,,,
6a7d9fab7bffe6ebe23a404f,,0.0,500.0,4.0,,,,Printex-U,,0.02,0.18,1:9,0.2,0.0,5,200.0,600,,6a7d9fa37bffe6ebe23a3f66,10.1016/j.apcata.2019.117304,True,True,450.0,1.4998054956324927,,0.18980773068990753,31.21223901388147,,,,,,,,,,,
6a7d9fab7bffe6ebe23a404f,,0.0,500.0,4.0,,,,Printex-U,,0.02,0.18,1:9,0.2,0.0,5,200.0,600,,6a7d9fa37bffe6ebe23a3f66,10.1016/j.apcata.2019.117304,True,True,475.0,1.7063337694946419,,0.23827423325128072,26.696308534590283,,,,,,,,,,,
6a7d9fab7bffe6ebe23a404f,,0.0,500.0,4.0,,,,Printex-U,,0.02,0.18,1:9,0.2,0.0,5,200.0,600,,6a7d9fa37bffe6ebe23a3f66,10.1016/j.apcata.2019.117304,True,True,500.0,2.00127311949641,,0.22326192535426787,23.2137939971168,,,,,,,,,,,
6a7d9fab7bffe6ebe23a404f,,0.0,500.0,4.0,,,,Printex-U,,0.02,0.18,1:9,0.2,0.0,5,200.0,600,,6a7d9fa37bffe6ebe23a3f66,10.1016/j.apcata.2019.117304,True,True,525.0,2.1505110160200864,,0.1635154015035593,19.95966762233344,,,,,,,,,,,
6a7d9fab7bffe6ebe23a404f,,0.0,500.0,4.0,,,,Printex-U,,0.02,0.18,1:9,0.2,0.0,5,200.0,600,,6a7d9fa37bffe6ebe23a3f66,10.1016/j.apcata.2019.117304,True,True,550.0,2.375782438023835,,0.10106114031002593,17.223059105560683,,,,,,,,,,,
6a7d9fab7bffe6ebe23a404f,,0.0,500.0,4.0,,,,Printex-U,,0.02,0.18,1:9,0.2,0.0,5,200.0,600,,6a7d9fa37bffe6ebe23a3f66,10.1016/j.apcata.2019.117304,True,True,575.0,2.4249389963574632,,0.058672077706074105,15.114922979736622,,,,,,,,,,,
6a7d9fab7bffe6ebe23a404f,,0.0,500.0,4.0,,,,Printex-U,,0.02,0.18,1:9,0.2,0.0,5,200.0,600,,6a7d9fa37bffe6ebe23a3f66,10.1016/j.apcata.2019.117304,True,True,600.0,2.076953000671924,,0.028574279821701812,13.448985211461519,,,,,,,,,,,
6a7d9fab7bffe6ebe23a404f,,0.0,500.0,4.0,,,,Printex-U,,0.02,0.18,1:9,0.2,0.0,5,200.0,600,,6a7d9fa37bffe6ebe23a3f66,10.1016/j.apcata.2019.117304,True,True,625.0,1.4467588499487214,,0.011699155079502366,12.185561332750213,,,,,,,,,,,
6a7d9fab7bffe6ebe23a4050,,,500.0,4.0,,,,,,,0.2,,0.2,0.0,5,100.0,600,,6a7d9fa37bffe6ebe23a3f67,10.1016/j.apcata.2019.117304,True,False,175.1487470569984,,,,11.928245515344706,,,,,,,,,,,
6a7d9fab7bffe6ebe23a4050,,,500.0,4.0,,,,,,,0.2,,0.2,0.0,5,100.0,600,,6a7d9fa37bffe6ebe23a3f67,10.1016/j.apcata.2019.117304,True,False,196.39311200744646,,,,13.893368335520968,,,,,,,,,,,
6a7d9fab7bffe6ebe23a4050,,,500.0,4.0,,,,,,,0.2,,0.2,0.0,5,100.0,600,,6a7d9fa37bffe6ebe23a3f67,10.1016/j.apcata.2019.117304,True,False,217.4499461590407,,,,16.743546471654476,,,,,,,,,,,
6a7d9fab7bffe6ebe23a4050,,,500.0,4.0,,,,,,,0.2,,0.2,0.0,5,100.0,600,,6a7d9fa37bffe6ebe23a3f67,10.1016/j.apcata.2019.117304,True,False,238.04685076016136,,,,22.419734566743752,,,,,,,,,,,
6a7d9fab7bffe6ebe23a4050,,,500.0,4.0,,,,,,,0.2,,0.2,0.0,5,100.0,600,,6a7d9fa37bffe6ebe23a3f67,10.1016/j.apcata.2019.117304,True,False,258.74231169352635,,,,31.833656270183557,,,,,,,,,,,
6a7d9fab7bffe6ebe23a4050,,,500.0,4.0,,,,,,,0.2,,0.2,0.0,5,100.0,600,,6a7d9fa37bffe6ebe23a3f67,10.1016/j.apcata.2019.117304,True,False,274.26493402201095,,,,41.11090276475613,,,,,,,,,,,
6a7d9fab7bffe6ebe23a4050,,,500.0,4.0,,,,,,,0.2,,0.2,0.0,5,100.0,600,,6a7d9fa37bffe6ebe23a3f67,10.1016/j.apcata.2019.117304,True,False,288.8197879213739,,,,51.96408108840136,,,,,,,,,,,
6a7d9fab7bffe6ebe23a4050,,,500.0,4.0,,,,,,,0.2,,0.2,0.0,5,100.0,600,,6a7d9fa37bffe6ebe23a3f67,10.1016/j.apcata.2019.117304,True,False,303.54985307806027,,,,62.41640102506406,,,,,,,,,,,
6a7d9fab7bffe6ebe23a4050,,,500.0,4.0,,,,,,,0.2,,0.2,0.0,5,100.0,600,,6a7d9fa37bffe6ebe23a3f67,10.1016/j.apcata.2019.117304,True,False,318.3812122428866,,,,68.35343875658896,,,,,,,,,,,
6a7d9fab7bffe6ebe23a4050,,,500.0,4.0,,,,,,,0.2,,0.2,0.0,5,100.0,600,,6a7d9fa37bffe6ebe23a3f67,10.1016/j.apcata.2019.117304,True,False,338.14175685787814,,,,66.54165885367836,,,,,,,,,,,
6a7d9fab7bffe6ebe23a4050,,,500.0,4.0,,,,,,,0.2,,0.2,0.0,5,100.0,600,,6a7d9fa37bffe6ebe23a3f67,10.1016/j.apcata.2019.117304,True,False,362.28121406800386,,,,57.30108131758235,,,,,,,,,,,
6a7d9fab7bffe6ebe23a4050,,,500.0,4.0,,,,,,,0.2,,0.2,0.0,5,100.0,600,,6a7d9fa37bffe6ebe23a3f67,10.1016/j.apcata.2019.117304,True,False,376.9127228924458,,,,50.82484321936788,,,,,,,,,,,
6a7d9fab7bffe6ebe23a4050,,,500.0,4.0,,,,,,,0.2,,0.2,0.0,5,100.0,600,,6a7d9fa37bffe6ebe23a3f67,10.1016/j.apcata.2019.117304,True,False,391.1376868463799,,,,44.83863574806759,,,,,,,,,,,
6a7d9fab7bffe6ebe23a4051,,0.0,500.0,4.0,,,,Printex-U,,0.02,0.18,1:9,0.2,0.0,5,200.0,600,,6a7d9fa37bffe6ebe23a3f67,10.1016/j.apcata.2019.117304,True,True,200.0,-0.05021749124730345,,0.0,10.850867389085959,,,,,,,,,,,
6a7d9fab7bffe6ebe23a4051,,0.0,500.0,4.0,,,,Printex-U,,0.02,0.18,1:9,0.2,0.0,5,200.0,600,,6a7d9fa37bffe6ebe23a3f67,10.1016/j.apcata.2019.117304,True,True,225.0,0.8399052233263782,,0.0015002328521056402,12.051120073861702,,,,,,,,,,,
6a7d9fab7bffe6ebe23a4051,,0.0,500.0,4.0,,,,Printex-U,,0.02,0.18,1:9,0.2,0.0,5,200.0,600,,6a7d9fa37bffe6ebe23a3f67,10.1016/j.apcata.2019.117304,True,True,250.0,0.6160483785408635,,0.003047036125340963,15.702901015598423,,,,,,,,,,,
6a7d9fab7bffe6ebe23a4051,,0.0,500.0,4.0,,,,Printex-U,,0.02,0.18,1:9,0.2,0.0,5,200.0,600,,6a7d9fa37bffe6ebe23a3f67,10.1016/j.apcata.2019.117304,True,True,275.0,1.9128620433567913,,0.006493247288936188,21.540567244926052,,,,,,,,,,,
6a7d9fab7bffe6ebe23a4051,,0.0,500.0,4.0,,,,Printex-U,,0.02,0.18,1:9,0.2,0.0,5,200.0,600,,6a7d9fa37bffe6ebe23a3f67,10.1016/j.apcata.2019.117304,True,True,300.0,0.4346288503023658,,0.009184352338500429,30.175583523656805,,,,,,,,,,,
6a7d9fab7bffe6ebe23a4051,,0.0,500.0,4.0,,,,Printex-U,,0.02,0.18,1:9,0.2,0.0,5,200.0,600,,6a7d9fa37bffe6ebe23a3f67,10.1016/j.apcata.2019.117304,True,True,325.0,0.7267390458676661,,0.013991085090812316,37.892187829016635,,,,,,,,,,,
6a7d9fab7bffe6ebe23a4051,,0.0,500.0,4.0,,,,Printex-U,,0.02,0.18,1:9,0.2,0.0,5,200.0,600,,6a7d9fa37bffe6ebe23a3f67,10.1016/j.apcata.2019.117304,True,True,350.0,1.0761396187714394,,0.02508482469562902,42.684289810000486,,,,,,,,,,,
6a7d9fab7bffe6ebe23a4051,,0.0,500.0,4.0,,,,Printex-U,,0.02,0.18,1:9,0.2,0.0,5,200.0,600,,6a7d9fa37bffe6ebe23a3f67,10.1016/j.apcata.2019.117304,True,True,375.0,0.608268203840577,,0.044637748652784234,43.64643568686525,,,,,,,,,,,
6a7d9fab7bffe6ebe23a4051,,0.0,500.0,4.0,,,,Printex-U,,0.02,0.18,1:9,0.2,0.0,5,200.0,600,,6a7d9fa37bffe6ebe23a3f67,10.1016/j.apcata.2019.117304,True,True,400.0,0.31049969940234107,,0.07800212893353733,40.95194129938287,,,,,,,,,,,
6a7d9fab7bffe6ebe23a4051,,0.0,500.0,4.0,,,,Printex-U,,0.02,0.18,1:9,0.2,0.0,5,200.0,600,,6a7d9fa37bffe6ebe23a3f67,10.1016/j.apcata.2019.117304,True,True,425.0,2.967429359550164,,0.12036790632692437,36.221390738131106,,,,,,,,,,,
6a7d9fab7bffe6ebe23a4051,,0.0,500.0,4.0,,,,Printex-U,,0.02,0.18,1:9,0.2,0.0,5,200.0,600,,6a7d9fa37bffe6ebe23a3f67,10.1016/j.apcata.2019.117304,True,True,450.0,4.894790819393853,,0.17223737608941522,31.123961319792024,,,,,,,,,,,
6a7d9fab7bffe6ebe23a4051,,0.0,500.0,4.0,,,,Printex-U,,0.02,0.18,1:9,0.2,0.0,5,200.0,600,,6a7d9fa37bffe6ebe23a3f67,10.1016/j.apcata.2019.117304,True,True,475.0,8.12568518584008,,0.21271039850974652,25.936634433160023,,,,,,,,,,,
6a7d9fab7bffe6ebe23a4051,,0.0,500.0,4.0,,,,Printex-U,,0.02,0.18,1:9,0.2,0.0,5,200.0,600,,6a7d9fa37bffe6ebe23a3f67,10.1016/j.apcata.2019.117304,True,True,500.0,12.991123527955583,,0.19745193267247688,21.50493221244958,,,,,,,,,,,
6a7d9fab7bffe6ebe23a4051,,0.0,500.0,4.0,,,,Printex-U,,0.02,0.18,1:9,0.2,0.0,5,200.0,600,,6a7d9fa37bffe6ebe23a3f67,10.1016/j.apcata.2019.117304,True,True,525.0,20.50288220108215,,0.14768811123677733,17.91389280334321,,,,,,,,,,,
6a7d9fab7bffe6ebe23a4051,,0.0,500.0,4.0,,,,Printex-U,,0.02,0.18,1:9,0.2,0.0,5,200.0,600,,6a7d9fa37bffe6ebe23a3f67,10.1016/j.apcata.2019.117304,True,True,550.0,26.279308271740284,,0.09900538886301641,15.016116753324583,,,,,,,,,,,
6a7d9fab7bffe6ebe23a4051,,0.0,500.0,4.0,,,,Printex-U,,0.02,0.18,1:9,0.2,0.0,5,200.0,600,,6a7d9fa37bffe6ebe23a3f67,10.1016/j.apcata.2019.117304,True,True,575.0,25.346394596315026,,0.06328254939791098,12.588885109415745,,,,,,,,,,,
6a7d9fab7bffe6ebe23a4051,,0.0,500.0,4.0,,,,Printex-U,,0.02,0.18,1:9,0.2,0.0,5,200.0,600,,6a7d9fa37bffe6ebe23a3f67,10.1016/j.apcata.2019.117304,True,True,600.0,20.186016904197757,,0.04023351739737874,10.71156680758702,,,,,,,,,,,
6a7d9fab7bffe6ebe23a4052,,,500.0,4.0,,,,,,,0.2,,0.2,0.0,5,100.0,600,,6a7d9fa37bffe6ebe23a3f68,10.1016/j.apcata.2019.117304,True,False,178.28064828165208,,,,15.276788132591617,,,,,,,,,,,
6a7d9fab7bffe6ebe23a4052,,,500.0,4.0,,,,,,,0.2,,0.2,0.0,5,100.0,600,,6a7d9fa37bffe6ebe23a3f68,10.1016/j.apcata.2019.117304,True,False,189.73919074300522,,,,18.123632727045436,,,,,,,,,,,
6a7d9fab7bffe6ebe23a4052,,,500.0,4.0,,,,,,,0.2,,0.2,0.0,5,100.0,600,,6a7d9fa37bffe6ebe23a3f68,10.1016/j.apcata.2019.117304,True,False,200.52289609607416,,,,23.1539471216951,,,,,,,,,,,
6a7d9fab7bffe6ebe23a4052,,,500.0,4.0,,,,,,,0.2,,0.2,0.0,5,100.0,600,,6a7d9fa37bffe6ebe23a3f68,10.1016/j.apcata.2019.117304,True,False,211.30386377324743,,,,29.93770443986083,,,,,,,,,,,
6a7d9fab7bffe6ebe23a4052,,,500.0,4.0,,,,,,,0.2,,0.2,0.0,5,100.0,600,,6a7d9fa37bffe6ebe23a3f68,10.1016/j.apcata.2019.117304,True,False,222.03692212224635,,,,38.38906598329063,,,,,,,,,,,
6a7d9fab7bffe6ebe23a4052,,,500.0,4.0,,,,,,,0.2,,0.2,0.0,5,100.0,600,,6a7d9fa37bffe6ebe23a3f68,10.1016/j.apcata.2019.117304,True,False,232.37164862842437,,,,47.853824197345666,,,,,,,,,,,
6a7d9fab7bffe6ebe23a4052,,,500.0,4.0,,,,,,,0.2,,0.2,0.0,5,100.0,600,,6a7d9fa37bffe6ebe23a3f68,10.1016/j.apcata.2019.117304,True,False,242.7529156248289,,,,57.794445486176215,,,,,,,,,,,
6a7d9fab7bffe6ebe23a4052,,,500.0,4.0,,,,,,,0.2,,0.2,0.0,5,100.0,600,,6a7d9fa37bffe6ebe23a3f68,10.1016/j.apcata.2019.117304,True,False,252.82756292091764,,,,68.12342438069045,,,,,,,,,,,
6a7d9fab7bffe6ebe23a4052,,,500.0,4.0,,,,,,,0.2,,0.2,0.0,5,100.0,600,,6a7d9fa37bffe6ebe23a3f68,10.1016/j.apcata.2019.117304,True,False,262.8406125093537,,,,76.70396066420818,,,,,,,,,,,
6a7d9fab7bffe6ebe23a4052,,,500.0,4.0,,,,,,,0.2,,0.2,0.0,5,100.0,600,,6a7d9fa37bffe6ebe23a3f68,10.1016/j.apcata.2019.117304,True,False,272.9549561059298,,,,82.78850761505927,,,,,,,,,,,
6a7d9fab7bffe6ebe23a4052,,,500.0,4.0,,,,,,,0.2,,0.2,0.0,5,100.0,600,,6a7d9fa37bffe6ebe23a3f68,10.1016/j.apcata.2019.117304,True,False,287.60152214779805,,,,85.34200054170053,,,,,,,,,,,
6a7d9fab7bffe6ebe23a4052,,,500.0,4.0,,,,,,,0.2,,0.2,0.0,5,100.0,600,,6a7d9fa37bffe6ebe23a3f68,10.1016/j.apcata.2019.117304,True,False,297.2148710554653,,,,84.04108590120217,,,,,,,,,,,
6a7d9fab7bffe6ebe23a4052,,,500.0,4.0,,,,,,,0.2,,0.2,0.0,5,100.0,600,,6a7d9fa37bffe6ebe23a3f68,10.1016/j.apcata.2019.117304,True,False,307.1444215290833,,,,80.83838573244162,,,,,,,,,,,
6a7d9fab7bffe6ebe23a4052,,,500.0,4.0,,,,,,,0.2,,0.2,0.0,5,100.0,600,,6a7d9fa37bffe6ebe23a3f68,10.1016/j.apcata.2019.117304,True,False,321.24619006771184,,,,76.19392878721587,,,,,,,,,,,
6a7d9fab7bffe6ebe23a4052,,,500.0,4.0,,,,,,,0.2,,0.2,0.0,5,100.0,600,,6a7d9fa37bffe6ebe23a3f68,10.1016/j.apcata.2019.117304,True,False,335.0454454198682,,,,70.22022209721442,,,,,,,,,,,
6a7d9fab7bffe6ebe23a4052,,,500.0,4.0,,,,,,,0.2,,0.2,0.0,5,100.0,600,,6a7d9fa37bffe6ebe23a3f68,10.1016/j.apcata.2019.117304,True,False,349.95619718566917,,,,64.02900181261329,,,,,,,,,,,
6a7d9fab7bffe6ebe23a4052,,,500.0,4.0,,,,,,,0.2,,0.2,0.0,5,100.0,600,,6a7d9fa37bffe6ebe23a3f68,10.1016/j.apcata.2019.117304,True,False,363.912868901827,,,,58.05696189345167,,,,,,,,,,,
6a7d9fab7bffe6ebe23a4052,,,500.0,4.0,,,,,,,0.2,,0.2,0.0,5,100.0,600,,6a7d9fa37bffe6ebe23a3f68,10.1016/j.apcata.2019.117304,True,False,377.96535927433337,,,,52.119090776506866,,,,,,,,,,,
6a7d9fab7bffe6ebe23a4052,,,500.0,4.0,,,,,,,0.2,,0.2,0.0,5,100.0,600,,6a7d9fa37bffe6ebe23a3f68,10.1016/j.apcata.2019.117304,True,False,391.8179993064555,,,,46.305394087130445,,,,,,,,,,,
6a7d9fab7bffe6ebe23a4053,,0.0,500.0,4.0,,,,Printex-U,,0.02,0.18,1:9,0.2,0.0,5,200.0,600,,6a7d9fa37bffe6ebe23a3f68,10.1016/j.apcata.2019.117304,True,True,200.0,0.12625101672737557,,0.0,11.685860990977856,,,,,,,,,,,
6a7d9fab7bffe6ebe23a4053,,0.0,500.0,4.0,,,,Printex-U,,0.02,0.18,1:9,0.2,0.0,5,200.0,600,,6a7d9fa37bffe6ebe23a3f68,10.1016/j.apcata.2019.117304,True,True,225.0,0.16232273579234002,,0.0013838067992814757,19.37654890908207,,,,,,,,,,,
6a7d9fab7bffe6ebe23a4053,,0.0,500.0,4.0,,,,Printex-U,,0.02,0.18,1:9,0.2,0.0,5,200.0,600,,6a7d9fa37bffe6ebe23a3f68,10.1016/j.apcata.2019.117304,True,True,250.0,-0.0551685115111221,,0.00396513871332578,34.3294944684711,,,,,,,,,,,
6a7d9fab7bffe6ebe23a4053,,0.0,500.0,4.0,,,,Printex-U,,0.02,0.18,1:9,0.2,0.0,5,200.0,600,,6a7d9fa37bffe6ebe23a3f68,10.1016/j.apcata.2019.117304,True,True,275.0,0.12059270785443998,,0.007398044042312549,52.513889563794805,,,,,,,,,,,
6a7d9fab7bffe6ebe23a4053,,0.0,500.0,4.0,,,,Printex-U,,0.02,0.18,1:9,0.2,0.0,5,200.0,600,,6a7d9fa37bffe6ebe23a3f68,10.1016/j.apcata.2019.117304,True,True,300.0,0.1188244863316476,,0.012660501629964738,67.52433710740723,,,,,,,,,,,
6a7d9fab7bffe6ebe23a4053,,0.0,500.0,4.0,,,,Printex-U,,0.02,0.18,1:9,0.2,0.0,5,200.0,600,,6a7d9fa37bffe6ebe23a3f68,10.1016/j.apcata.2019.117304,True,True,325.0,0.08558192170315096,,0.021824895216552453,71.09755900027537,,,,,,,,,,,
6a7d9fab7bffe6ebe23a4053,,0.0,500.0,4.0,,,,Printex-U,,0.02,0.18,1:9,0.2,0.0,5,200.0,600,,6a7d9fa37bffe6ebe23a3f68,10.1016/j.apcata.2019.117304,True,True,350.0,0.5343565441878557,,0.036694165391524175,65.0800978343619,,,,,,,,,,,
6a7d9fab7bffe6ebe23a4053,,0.0,500.0,4.0,,,,Printex-U,,0.02,0.18,1:9,0.2,0.0,5,200.0,600,,6a7d9fa37bffe6ebe23a3f68,10.1016/j.apcata.2019.117304,True,True,375.0,0.2542702549775435,,0.06641607344820702,56.18024847336281,,,,,,,,,,,
6a7d9fab7bffe6ebe23a4053,,0.0,500.0,4.0,,,,Printex-U,,0.02,0.18,1:9,0.2,0.0,5,200.0,600,,6a7d9fa37bffe6ebe23a3f68,10.1016/j.apcata.2019.117304,True,True,400.0,0.12271457368179083,,0.10914443483467498,46.68999141519672,,,,,,,,,,,
6a7d9fab7bffe6ebe23a4053,,0.0,500.0,4.0,,,,Printex-U,,0.02,0.18,1:9,0.2,0.0,5,200.0,600,,6a7d9fa37bffe6ebe23a3f68,10.1016/j.apcata.2019.117304,True,True,425.0,-0.019450436750716126,,0.16089082562703744,38.57654242998526,,,,,,,,,,,
6a7d9fab7bffe6ebe23a4053,,0.0,500.0,4.0,,,,Printex-U,,0.02,0.18,1:9,0.2,0.0,5,200.0,600,,6a7d9fa37bffe6ebe23a3f68,10.1016/j.apcata.2019.117304,True,True,450.0,1.821621812780705,,0.20738141174905195,31.409041579603805,,,,,,,,,,,
6a7d9fab7bffe6ebe23a4053,,0.0,500.0,4.0,,,,Printex-U,,0.02,0.18,1:9,0.2,0.0,5,200.0,600,,6a7d9fa37bffe6ebe23a3f68,10.1016/j.apcata.2019.117304,True,True,475.0,0.19697987763907057,,0.21676867806533162,26.21928503166659,,,,,,,,,,,
6a7d9fab7bffe6ebe23a4053,,0.0,500.0,4.0,,,,Printex-U,,0.02,0.18,1:9,0.2,0.0,5,200.0,600,,6a7d9fa37bffe6ebe23a3f68,10.1016/j.apcata.2019.117304,True,True,500.0,0.36496092230434624,,0.17623245293061007,22.394998137259662,,,,,,,,,,,
6a7d9fab7bffe6ebe23a4053,,0.0,500.0,4.0,,,,Printex-U,,0.02,0.18,1:9,0.2,0.0,5,200.0,600,,6a7d9fa37bffe6ebe23a3f68,10.1016/j.apcata.2019.117304,True,True,525.0,0.02475510131909325,,0.11873461512873397,18.58447932358229,,,,,,,,,,,
6a7d9fab7bffe6ebe23a4053,,0.0,500.0,4.0,,,,Printex-U,,0.02,0.18,1:9,0.2,0.0,5,200.0,600,,6a7d9fa37bffe6ebe23a3f68,10.1016/j.apcata.2019.117304,True,True,550.0,0.8261130954485977,,0.07289934136118686,15.459934885077017,,,,,,,,,,,
6a7d9fab7bffe6ebe23a4053,,0.0,500.0,4.0,,,,Printex-U,,0.02,0.18,1:9,0.2,0.0,5,200.0,600,,6a7d9fa37bffe6ebe23a3f68,10.1016/j.apcata.2019.117304,True,True,575.0,1.4418078296849026,,0.04464107511143635,14.100134441258886,,,,,,,,,,,
6a7d9fab7bffe6ebe23a4053,,0.0,500.0,4.0,,,,Printex-U,,0.02,0.18,1:9,0.2,0.0,5,200.0,600,,6a7d9fa37bffe6ebe23a3f68,10.1016/j.apcata.2019.117304,True,True,600.0,1.2303285355589346,,0.028401303971791622,12.696600093946902,,,,,,,,,,,
6a7d9fab7bffe6ebe23a4054,,,500.0,4.0,,,,,,,0.2,,0.2,0.0,5,100.0,600,,6a7d9fa47bffe6ebe23a3f69,10.1016/j.apcata.2019.117304,True,False,178.63243963424648,,,,9.075567222951433,,,,,,,,,,,
6a7d9fab7bffe6ebe23a4054,,,500.0,4.0,,,,,,,0.2,,0.2,0.0,5,100.0,600,,6a7d9fa47bffe6ebe23a3f69,10.1016/j.apcata.2019.117304,True,False,195.27066489021917,,,,14.261724691126526,,,,,,,,,,,
6a7d9fab7bffe6ebe23a4054,,,500.0,4.0,,,,,,,0.2,,0.2,0.0,5,100.0,600,,6a7d9fa47bffe6ebe23a3f69,10.1016/j.apcata.2019.117304,True,False,210.92606449964407,,,,22.33972956643123,,,,,,,,,,,
6a7d9fab7bffe6ebe23a4054,,,500.0,4.0,,,,,,,0.2,,0.2,0.0,5,100.0,600,,6a7d9fa47bffe6ebe23a3f69,10.1016/j.apcata.2019.117304,True,False,221.83296526801846,,,,28.665124903639814,,,,,,,,,,,
6a7d9fab7bffe6ebe23a4054,,,500.0,4.0,,,,,,,0.2,,0.2,0.0,5,100.0,600,,6a7d9fa47bffe6ebe23a3f69,10.1016/j.apcata.2019.117304,True,False,231.93362048511614,,,,36.588953476258936,,,,,,,,,,,
6a7d9fab7bffe6ebe23a4054,,,500.0,4.0,,,,,,,0.2,,0.2,0.0,5,100.0,600,,6a7d9fa47bffe6ebe23a3f69,10.1016/j.apcata.2019.117304,True,False,242.42850103119122,,,,44.62612246598746,,,,,,,,,,,
6a7d9fab7bffe6ebe23a4054,,,500.0,4.0,,,,,,,0.2,,0.2,0.0,5,100.0,600,,6a7d9fa47bffe6ebe23a3f69,10.1016/j.apcata.2019.117304,True,False,252.3744775601832,,,,53.177490259807904,,,,,,,,,,,
6a7d9fab7bffe6ebe23a4054,,,500.0,4.0,,,,,,,0.2,,0.2,0.0,5,100.0,600,,6a7d9fa47bffe6ebe23a3f69,10.1016/j.apcata.2019.117304,True,False,262.6243361135953,,,,60.99131195699731,,,,,,,,,,,
6a7d9fab7bffe6ebe23a4054,,,500.0,4.0,,,,,,,0.2,,0.2,0.0,5,100.0,600,,6a7d9fa47bffe6ebe23a3f69,10.1016/j.apcata.2019.117304,True,False,272.7852202003979,,,,68.9668104256516,,,,,,,,,,,
6a7d9fab7bffe6ebe23a4054,,,500.0,4.0,,,,,,,0.2,,0.2,0.0,5,100.0,600,,6a7d9fa47bffe6ebe23a3f69,10.1016/j.apcata.2019.117304,True,False,282.91872752824366,,,,75.45638269058483,,,,,,,,,,,
6a7d9fab7bffe6ebe23a4054,,,500.0,4.0,,,,,,,0.2,,0.2,0.0,5,100.0,600,,6a7d9fa47bffe6ebe23a3f69,10.1016/j.apcata.2019.117304,True,False,292.73055793834754,,,,79.96666458320313,,,,,,,,,,,
6a7d9fab7bffe6ebe23a4054,,,500.0,4.0,,,,,,,0.2,,0.2,0.0,5,100.0,600,,6a7d9fa47bffe6ebe23a3f69,10.1016/j.apcata.2019.117304,True,False,302.41097990545893,,,,81.86428318436569,,,,,,,,,,,
6a7d9fab7bffe6ebe23a4054,,,500.0,4.0,,,,,,,0.2,,0.2,0.0,5,100.0,600,,6a7d9fa47bffe6ebe23a3f69,10.1016/j.apcata.2019.117304,True,False,312.76076362906315,,,,81.04589870200222,,,,,,,,,,,
6a7d9fab7bffe6ebe23a4054,,,500.0,4.0,,,,,,,0.2,,0.2,0.0,5,100.0,600,,6a7d9fa47bffe6ebe23a3f69,10.1016/j.apcata.2019.117304,True,False,327.5510576554544,,,,76.36060587120029,,,,,,,,,,,
6a7d9fab7bffe6ebe23a4054,,,500.0,4.0,,,,,,,0.2,,0.2,0.0,5,100.0,600,,6a7d9fa47bffe6ebe23a3f69,10.1016/j.apcata.2019.117304,True,False,341.6678834115092,,,,70.61774694251724,,,,,,,,,,,
6a7d9fab7bffe6ebe23a4054,,,500.0,4.0,,,,,,,0.2,,0.2,0.0,5,100.0,600,,6a7d9fa47bffe6ebe23a3f69,10.1016/j.apcata.2019.117304,True,False,355.54790020258804,,,,64.65737441923453,,,,,,,,,,,
6a7d9fab7bffe6ebe23a4054,,,500.0,4.0,,,,,,,0.2,,0.2,0.0,5,100.0,600,,6a7d9fa47bffe6ebe23a3f69,10.1016/j.apcata.2019.117304,True,False,370.6845102297823,,,,58.55949330166469,,,,,,,,,,,
6a7d9fab7bffe6ebe23a4054,,,500.0,4.0,,,,,,,0.2,,0.2,0.0,5,100.0,600,,6a7d9fa47bffe6ebe23a3f69,10.1016/j.apcata.2019.117304,True,False,384.40163530506834,,,,52.61745525762027,,,,,,,,,,,
6a7d9fab7bffe6ebe23a4054,,,500.0,4.0,,,,,,,0.2,,0.2,0.0,5,100.0,600,,6a7d9fa47bffe6ebe23a3f69,10.1016/j.apcata.2019.117304,True,False,398.56226387545405,,,,47.05294080880055,,,,,,,,,,,
6a7d9fab7bffe6ebe23a4055,,0.0,500.0,4.0,,,,Printex-U,,0.02,0.18,1:9,0.2,0.0,5,200.0,600,,6a7d9fa47bffe6ebe23a3f69,10.1016/j.apcata.2019.117304,True,True,200.0,0.8353078473671179,,0.0004623777526445577,3.4727958922526194,,,,,,,,,,,
6a7d9fab7bffe6ebe23a4055,,0.0,500.0,4.0,,,,Printex-U,,0.02,0.18,1:9,0.2,0.0,5,200.0,600,,6a7d9fa47bffe6ebe23a3f69,10.1016/j.apcata.2019.117304,True,True,225.0,0.8579410828588604,,0.0003126871132992093,3.1383125192348182,,,,,,,,,,,
6a7d9fab7bffe6ebe23a4055,,0.0,500.0,4.0,,,,Printex-U,,0.02,0.18,1:9,0.2,0.0,5,200.0,600,,6a7d9fa47bffe6ebe23a3f69,10.1016/j.apcata.2019.117304,True,True,250.0,0.984192099586236,,0.004018362051759719,3.9433402983624077,,,,,,,,,,,
6a7d9fab7bffe6ebe23a4055,,0.0,500.0,4.0,,,,Printex-U,,0.02,0.18,1:9,0.2,0.0,5,200.0,600,,6a7d9fa47bffe6ebe23a3f69,10.1016/j.apcata.2019.117304,True,True,275.0,1.0025816034232766,,0.008489122480207598,6.573853604807488,,,,,,,,,,,
6a7d9fab7bffe6ebe23a4055,,0.0,500.0,4.0,,,,Printex-U,,0.02,0.18,1:9,0.2,0.0,5,200.0,600,,6a7d9fa47bffe6ebe23a3f69,10.1016/j.apcata.2019.117304,True,True,300.0,1.1065530289634684,,0.007900339298782533,10.082284529536581,,,,,,,,,,,
6a7d9fab7bffe6ebe23a4055,,0.0,500.0,4.0,,,,Printex-U,,0.02,0.18,1:9,0.2,0.0,5,200.0,600,,6a7d9fa47bffe6ebe23a3f69,10.1016/j.apcata.2019.117304,True,True,325.0,1.246242529264066,,0.0010278757235047814,25.54545896302055,,,,,,,,,,,
6a7d9fab7bffe6ebe23a4055,,0.0,500.0,4.0,,,,Printex-U,,0.02,0.18,1:9,0.2,0.0,5,200.0,600,,6a7d9fa47bffe6ebe23a3f69,10.1016/j.apcata.2019.117304,True,True,350.0,1.4616119107401773,,0.0039019359989355545,39.55164650047784,,,,,,,,,,,
6a7d9fab7bffe6ebe23a4055,,0.0,500.0,4.0,,,,Printex-U,,0.02,0.18,1:9,0.2,0.0,5,200.0,600,,6a7d9fa47bffe6ebe23a3f69,10.1016/j.apcata.2019.117304,True,True,375.0,1.6893588428758353,,0.0766748719313419,33.559291834718245,,,,,,,,,,,
6a7d9fab7bffe6ebe23a4055,,0.0,500.0,4.0,,,,Printex-U,,0.02,0.18,1:9,0.2,0.0,5,200.0,600,,6a7d9fa47bffe6ebe23a3f69,10.1016/j.apcata.2019.117304,True,True,400.0,1.9726279308271737,,0.1447641540815648,24.37679187521259,,,,,,,,,,,
6a7d9fab7bffe6ebe23a4055,,0.0,500.0,4.0,,,,Printex-U,,0.02,0.18,1:9,0.2,0.0,5,200.0,600,,6a7d9fa47bffe6ebe23a3f69,10.1016/j.apcata.2019.117304,True,True,425.0,2.2215935212363402,,0.16986561107045445,17.50570970406725,,,,,,,,,,,
6a7d9fab7bffe6ebe23a4055,,0.0,500.0,4.0,,,,Printex-U,,0.02,0.18,1:9,0.2,0.0,5,200.0,600,,6a7d9fa47bffe6ebe23a3f69,10.1016/j.apcata.2019.117304,True,True,450.0,3.0049156558333623,,0.17046437362783584,15.083337382768839,,,,,,,,,,,
6a7d9fab7bffe6ebe23a4055,,0.0,500.0,4.0,,,,Printex-U,,0.02,0.18,1:9,0.2,0.0,5,200.0,600,,6a7d9fa47bffe6ebe23a3f69,10.1016/j.apcata.2019.117304,True,True,475.0,4.054178307458358,,0.23838067992814851,13.11855127395241,,,,,,,,,,,
6a7d9fab7bffe6ebe23a4055,,0.0,500.0,4.0,,,,Printex-U,,0.02,0.18,1:9,0.2,0.0,5,200.0,600,,6a7d9fa47bffe6ebe23a3f69,10.1016/j.apcata.2019.117304,True,True,500.0,5.822399830250733,,0.26263388996074777,14.32771271684727,,,,,,,,,,,
6a7d9fab7bffe6ebe23a4055,,0.0,500.0,4.0,,,,Printex-U,,0.02,0.18,1:9,0.2,0.0,5,200.0,600,,6a7d9fa47bffe6ebe23a3f69,10.1016/j.apcata.2019.117304,True,True,525.0,8.561374969056121,,0.08331115694231922,16.827024312810792,,,,,,,,,,,
6a7d9fab7bffe6ebe23a4055,,0.0,500.0,4.0,,,,Printex-U,,0.02,0.18,1:9,0.2,0.0,5,200.0,600,,6a7d9fa47bffe6ebe23a3f69,10.1016/j.apcata.2019.117304,True,True,550.0,13.124801075078688,,0.003406293659769827,14.946466462575113,,,,,,,,,,,
6a7d9fab7bffe6ebe23a4055,,0.0,500.0,4.0,,,,Printex-U,,0.02,0.18,1:9,0.2,0.0,5,200.0,600,,6a7d9fa47bffe6ebe23a3f69,10.1016/j.apcata.2019.117304,True,True,575.0,19.55935919652014,,0.004929811722440308,12.831041352835411,,,,,,,,,,,
6a7d9fab7bffe6ebe23a4055,,0.0,500.0,4.0,,,,Printex-U,,0.02,0.18,1:9,0.2,0.0,5,200.0,600,,6a7d9fa47bffe6ebe23a3f69,10.1016/j.apcata.2019.117304,True,True,600.0,26.626586978816704,,0.03231321934668353,11.43479598943907,,,,,,,,,,,
6a7d9fab7bffe6ebe23a4056,,0.0,500.0,5.0,,,Degussa,Printex-U,,0.02,0.08,1:4,0.1,0.3,10,25.0,500,,6a7d9fa47bffe6ebe23a3f6a,10.1002/cctc.202001187,True,True,199.97144060717267,,,,0.07651801011130846,,,,,,,,,,,
6a7d9fab7bffe6ebe23a4056,,0.0,500.0,5.0,,,Degussa,Printex-U,,0.02,0.08,1:4,0.1,0.3,10,25.0,500,,6a7d9fa47bffe6ebe23a3f6a,10.1002/cctc.202001187,True,True,245.14668818140927,,,,0.06979115207954509,,,,,,,,,,,
6a7d9fab7bffe6ebe23a4056,,0.0,500.0,5.0,,,Degussa,Printex-U,,0.02,0.08,1:4,0.1,0.3,10,25.0,500,,6a7d9fa47bffe6ebe23a3f6a,10.1002/cctc.202001187,True,True,303.9647577092511,,,,0.08997172617483523,,,,,,,,,,,
6a7d9fab7bffe6ebe23a4056,,0.0,500.0,5.0,,,Degussa,Printex-U,,0.02,0.08,1:4,0.1,0.3,10,25.0,500,,6a7d9fa47bffe6ebe23a3f6a,10.1002/cctc.202001187,True,True,357.8420522779685,,,,0.0067268580317633815,,,,,,,,,,,
6a7d9fab7bffe6ebe23a4056,,0.0,500.0,5.0,,,Degussa,Printex-U,,0.02,0.08,1:4,0.1,0.3,10,25.0,500,,6a7d9fa47bffe6ebe23a3f6a,10.1002/cctc.202001187,True,True,399.9128938518767,,,,0.030270861142935215,,,,,,,,,,,
6a7d9fab7bffe6ebe23a4056,,0.0,500.0,5.0,,,Degussa,Printex-U,,0.02,0.08,1:4,0.1,0.3,10,25.0,500,,6a7d9fa47bffe6ebe23a3f6a,10.1002/cctc.202001187,True,True,437.3856731805881,,,,0.12192430182571129,,,,,,,,,,,
6a7d9fab7bffe6ebe23a4056,,0.0,500.0,5.0,,,Degussa,Printex-U,,0.02,0.08,1:4,0.1,0.3,10,25.0,500,,6a7d9fa47bffe6ebe23a3f6a,10.1002/cctc.202001187,True,True,465.25964058004126,,,,0.42379205600109304,,,,,,,,,,,
6a7d9fab7bffe6ebe23a4056,,0.0,500.0,5.0,,,Degussa,Printex-U,,0.02,0.08,1:4,0.1,0.3,10,25.0,500,,6a7d9fa47bffe6ebe23a3f6a,10.1002/cctc.202001187,True,True,495.35838468074166,,,,0.6180300816682607,,,,,,,,,,,
6a7d9fab7bffe6ebe23a4056,,0.0,500.0,5.0,,,Degussa,Printex-U,,0.02,0.08,1:4,0.1,0.3,10,25.0,500,,6a7d9fa47bffe6ebe23a3f6a,10.1002/cctc.202001187,True,True,524.2404986469986,,,,0.43892748657256064,,,,,,,,,,,
6a7d9fab7bffe6ebe23a4056,,0.0,500.0,5.0,,,Degussa,Printex-U,,0.02,0.08,1:4,0.1,0.3,10,25.0,500,,6a7d9fa47bffe6ebe23a3f6a,10.1002/cctc.202001187,True,True,554.6134129188413,,,,0.01261285880955634,,,,,,,,,,,
6a7d9fab7bffe6ebe23a4056,,0.0,500.0,5.0,,,Degussa,Printex-U,,0.02,0.08,1:4,0.1,0.3,10,25.0,500,,6a7d9fa47bffe6ebe23a3f6a,10.1002/cctc.202001187,True,True,588.4077424513955,,,,0.05213314974616621,,,,,,,,,,,
6a7d9fab7bffe6ebe23a4056,,0.0,500.0,5.0,,,Degussa,Printex-U,,0.02,0.08,1:4,0.1,0.3,10,25.0,500,,6a7d9fa47bffe6ebe23a3f6a,10.1002/cctc.202001187,True,True,617.0556693964686,,,,0.7248189529225043,,,,,,,,,,,
6a7d9fab7bffe6ebe23a4056,,0.0,500.0,5.0,,,Degussa,Printex-U,,0.02,0.08,1:4,0.1,0.3,10,25.0,500,,6a7d9fa47bffe6ebe23a3f6a,10.1002/cctc.202001187,True,True,638.8065029737468,,,,2.6688809241021216,,,,,,,,,,,
6a7d9fab7bffe6ebe23a4056,,0.0,500.0,5.0,,,Degussa,Printex-U,,0.02,0.08,1:4,0.1,0.3,10,25.0,500,,6a7d9fa47bffe6ebe23a3f6a,10.1002/cctc.202001187,True,True,665.3667383031435,,,,3.8502853659305654,,,,,,,,,,,
6a7d9fab7bffe6ebe23a4056,,0.0,500.0,5.0,,,Degussa,Printex-U,,0.02,0.08,1:4,0.1,0.3,10,25.0,500,,6a7d9fa47bffe6ebe23a3f6a,10.1002/cctc.202001187,True,True,691.5242861936755,,,,3.9394162348514303,,,,,,,,,,,
6a7d9fab7bffe6ebe23a4056,,0.0,500.0,5.0,,,Degussa,Printex-U,,0.02,0.08,1:4,0.1,0.3,10,25.0,500,,6a7d9fa47bffe6ebe23a3f6a,10.1002/cctc.202001187,True,True,720.189348774445,,,,3.153214702389085,,,,,,,,,,,
6a7d9fab7bffe6ebe23a4057,,,500.0,5.0,,,,,,,0.08,,0.08,0.3,10,25.0,500,,6a7d9fa47bffe6ebe23a3f6a,10.1002/cctc.202001187,True,False,200.25417859616306,,,,0.020180574095290144,,,,,,,,,,,
6a7d9fab7bffe6ebe23a4057,,,500.0,5.0,,,,,,,0.08,,0.08,0.3,10,25.0,500,,6a7d9fa47bffe6ebe23a3f6a,10.1002/cctc.202001187,True,False,246.32047922661164,,,,0.05297400700013663,,,,,,,,,,,
6a7d9fab7bffe6ebe23a4057,,,500.0,5.0,,,,,,,0.08,,0.08,0.3,10,25.0,500,,6a7d9fa47bffe6ebe23a3f6a,10.1002/cctc.202001187,True,False,300.42910487723026,,,,0.01261285880955634,,,,,,,,,,,
6a7d9fab7bffe6ebe23a4057,,,500.0,5.0,,,,,,,0.08,,0.08,0.3,10,25.0,500,,6a7d9fa47bffe6ebe23a3f6a,10.1002/cctc.202001187,True,False,349.93395640408676,,,,0.09585772695262819,,,,,,,,,,,
6a7d9fab7bffe6ebe23a4057,,,500.0,5.0,,,,,,,0.08,,0.08,0.3,10,25.0,500,,6a7d9fa47bffe6ebe23a3f6a,10.1002/cctc.202001187,True,False,394.3895072790752,,,,0.1858294531274634,,,,,,,,,,,
6a7d9fab7bffe6ebe23a4057,,,500.0,5.0,,,,,,,0.08,,0.08,0.3,10,25.0,500,,6a7d9fa47bffe6ebe23a3f6a,10.1002/cctc.202001187,True,False,425.88480568903094,,,,2.413260318895113,,,,,,,,,,,
6a7d9fab7bffe6ebe23a4057,,,500.0,5.0,,,,,,,0.08,,0.08,0.3,10,25.0,500,,6a7d9fa47bffe6ebe23a3f6a,10.1002/cctc.202001187,True,False,450.0003569924103,,,,7.286868962907683,,,,,,,,,,,
6a7d9fab7bffe6ebe23a4057,,,500.0,5.0,,,,,,,0.08,,0.08,0.3,10,25.0,500,,6a7d9fa47bffe6ebe23a3f6a,10.1002/cctc.202001187,True,False,471.99680134800326,,,,11.991465298872198,,,,,,,,,,,
6a7d9fab7bffe6ebe23a4057,,,500.0,5.0,,,,,,,0.08,,0.08,0.3,10,25.0,500,,6a7d9fa47bffe6ebe23a3f6a,10.1002/cctc.202001187,True,False,494.1903055141047,,,,13.962434702178868,,,,,,,,,,,
6a7d9fab7bffe6ebe23a4057,,,500.0,5.0,,,,,,,0.08,,0.08,0.3,10,25.0,500,,6a7d9fa47bffe6ebe23a3f6a,10.1002/cctc.202001187,True,False,516.5580219764528,,,,13.542846932447627,,,,,,,,,,,
6a7d9fab7bffe6ebe23a4057,,,500.0,5.0,,,,,,,0.08,,0.08,0.3,10,25.0,500,,6a7d9fa47bffe6ebe23a3f6a,10.1002/cctc.202001187,True,False,542.3271621245332,,,,11.210308909933675,,,,,,,,,,,
6a7d9fab7bffe6ebe23a4057,,,500.0,5.0,,,,,,,0.08,,0.08,0.3,10,25.0,500,,6a7d9fa47bffe6ebe23a3f6a,10.1002/cctc.202001187,True,False,571.8689980651011,,,,8.31607824176748,,,,,,,,,,,
6a7d9fab7bffe6ebe23a4057,,,500.0,5.0,,,,,,,0.08,,0.08,0.3,10,25.0,500,,6a7d9fa47bffe6ebe23a3f6a,10.1002/cctc.202001187,True,False,599.5202022005012,,,,6.621750875017079,,,,,,,,,,,
6a7d9fab7bffe6ebe23a4057,,,500.0,5.0,,,,,,,0.08,,0.08,0.3,10,25.0,500,,6a7d9fa47bffe6ebe23a3f6a,10.1002/cctc.202001187,True,False,629.276233587274,,,,5.035053236774891,,,,,,,,,,,
6a7d9fab7bffe6ebe23a4057,,,500.0,5.0,,,,,,,0.08,,0.08,0.3,10,25.0,500,,6a7d9fa47bffe6ebe23a3f6a,10.1002/cctc.202001187,True,False,658.5239077817205,,,,3.970527953248336,,,,,,,,,,,
6a7d9fab7bffe6ebe23a4057,,,500.0,5.0,,,,,,,0.08,,0.08,0.3,10,25.0,500,,6a7d9fa47bffe6ebe23a3f6a,10.1002/cctc.202001187,True,False,694.0774959124369,,,,3.131352413785854,,,,,,,,,,,
6a7d9fab7bffe6ebe23a4057,,,500.0,5.0,,,,,,,0.08,,0.08,0.3,10,25.0,500,,6a7d9fa47bffe6ebe23a3f6a,10.1002/cctc.202001187,True,False,721.4431061195637,,,,2.578068340673316,,,,,,,,,,,
6a7d9fab7bffe6ebe23a4058,NO TPO,,1000.0,10.0,,,,,,,0.1,,0.1,0.0,10,25.0,500,,6a7d9fa47bffe6ebe23a3f6b,10.1021/acs.iecr.8b01005,True,False,50.0,,,,,,,,20.336522535513183,924.7251454650963,,,,,,
6a7d9fab7bffe6ebe23a4058,NO TPO,,1000.0,10.0,,,,,,,0.1,,0.1,0.0,10,25.0,500,,6a7d9fa47bffe6ebe23a3f6b,10.1021/acs.iecr.8b01005,True,False,100.0,,,,,,,,24.867008320505093,1002.0325904549803,,,,,,
6a7d9fab7bffe6ebe23a4058,NO TPO,,1000.0,10.0,,,,,,,0.1,,0.1,0.0,10,25.0,500,,6a7d9fa47bffe6ebe23a3f6b,10.1021/acs.iecr.8b01005,True,False,150.0,,,,,,,,29.037003838734208,1115.0358369536239,,,,,,
6a7d9fab7bffe6ebe23a4058,NO TPO,,1000.0,10.0,,,,,,,0.1,,0.1,0.0,10,25.0,500,,6a7d9fa47bffe6ebe23a3f6b,10.1021/acs.iecr.8b01005,True,False,200.0,,,,,,,,34.59050254291785,1018.431329496087,,,,,,
6a7d9fab7bffe6ebe23a4058,NO TPO,,1000.0,10.0,,,,,,,0.1,,0.1,0.0,10,25.0,500,,6a7d9fa47bffe6ebe23a3f6b,10.1021/acs.iecr.8b01005,True,False,225.0,,,,,,,,41.81005085835657,997.1644108467558,,,,,,
6a7d9fab7bffe6ebe23a4058,NO TPO,,1000.0,10.0,,,,,,,0.1,,0.1,0.0,10,25.0,500,,6a7d9fa47bffe6ebe23a3f6b,10.1021/acs.iecr.8b01005,True,False,250.0,,,,,,,,65.7290672070773,982.2273803735826,,,,,,
6a7d9fab7bffe6ebe23a4058,NO TPO,,1000.0,10.0,,,,,,,0.1,,0.1,0.0,10,25.0,500,,6a7d9fa47bffe6ebe23a3f6b,10.1021/acs.iecr.8b01005,True,False,275.0,,,,,,,,125.80915450417973,965.9039224604383,,,,,,
6a7d9fab7bffe6ebe23a4058,NO TPO,,1000.0,10.0,,,,,,,0.1,,0.1,0.0,10,25.0,500,,6a7d9fa47bffe6ebe23a3f6b,10.1021/acs.iecr.8b01005,True,False,300.0,,,,,,,,202.18924764707032,970.9665783158985,,,,,,
6a7d9fab7bffe6ebe23a4058,NO TPO,,1000.0,10.0,,,,,,,0.1,,0.1,0.0,10,25.0,500,,6a7d9fa47bffe6ebe23a3f6b,10.1021/acs.iecr.8b01005,True,False,325.0,,,,,,,,295.2347083926031,980.2261570552532,,,,,,
6a7d9fab7bffe6ebe23a4058,NO TPO,,1000.0,10.0,,,,,,,0.1,,0.1,0.0,10,25.0,500,,6a7d9fa47bffe6ebe23a3f6b,10.1021/acs.iecr.8b01005,True,False,350.0,,,,,,,,373.68031333424267,986.487037530779,,,,,,
6a7d9fab7bffe6ebe23a4058,NO TPO,,1000.0,10.0,,,,,,,0.1,,0.1,0.0,10,25.0,500,,6a7d9fa47bffe6ebe23a3f6b,10.1021/acs.iecr.8b01005,True,False,375.0,,,,,,,,375.2099612229389,990.8909835165697,,,,,,
6a7d9fab7bffe6ebe23a4058,NO TPO,,1000.0,10.0,,,,,,,0.1,,0.1,0.0,10,25.0,500,,6a7d9fa47bffe6ebe23a3f6b,10.1021/acs.iecr.8b01005,True,False,400.0,,,,,,,,340.71493988581227,993.3501670300027,,,,,,
6a7d9fab7bffe6ebe23a4058,NO TPO,,1000.0,10.0,,,,,,,0.1,,0.1,0.0,10,25.0,500,,6a7d9fa47bffe6ebe23a3f6b,10.1021/acs.iecr.8b01005,True,False,425.0,,,,,,,,289.57403690640894,1003.4001976129609,,,,,,
6a7d9fab7bffe6ebe23a4058,NO TPO,,1000.0,10.0,,,,,,,0.1,,0.1,0.0,10,25.0,500,,6a7d9fa47bffe6ebe23a3f6b,10.1021/acs.iecr.8b01005,True,False,450.0,,,,,,,,245.0340030008379,1028.3621649597717,,,,,,
6a7d9fab7bffe6ebe23a4058,NO TPO,,1000.0,10.0,,,,,,,0.1,,0.1,0.0,10,25.0,500,,6a7d9fa47bffe6ebe23a3f6b,10.1021/acs.iecr.8b01005,True,False,475.0,,,,,,,,208.24450983066703,1024.7925848088958,,,,,,
6a7d9fab7bffe6ebe23a4058,NO TPO,,1000.0,10.0,,,,,,,0.1,,0.1,0.0,10,25.0,500,,6a7d9fa47bffe6ebe23a3f6b,10.1021/acs.iecr.8b01005,True,False,500.0,,,,,,,,168.4639217443832,1006.1103182196014,,,,,,
6a7d9fab7bffe6ebe23a4058,NO TPO,,1000.0,10.0,,,,,,,0.1,,0.1,0.0,10,25.0,500,,6a7d9fa47bffe6ebe23a3f6b,10.1021/acs.iecr.8b01005,True,False,525.0,,,,,,,,133.19433348272568,1006.9635043365067,,,,,,
6a7d9fab7bffe6ebe23a4058,NO TPO,,1000.0,10.0,,,,,,,0.1,,0.1,0.0,10,25.0,500,,6a7d9fa47bffe6ebe23a3f6b,10.1021/acs.iecr.8b01005,True,False,550.0,,,,,,,,110.6442058496853,1010.1880459842223,,,,,,
6a7d9fab7bffe6ebe23a4058,NO TPO,,1000.0,10.0,,,,,,,0.1,,0.1,0.0,10,25.0,500,,6a7d9fa47bffe6ebe23a3f6b,10.1021/acs.iecr.8b01005,True,False,575.0,,,,,,,,91.03645823184397,1012.333558131146,,,,,,
6a7d9fab7bffe6ebe23a4058,NO TPO,,1000.0,10.0,,,,,,,0.1,,0.1,0.0,10,25.0,500,,6a7d9fa47bffe6ebe23a3f6b,10.1021/acs.iecr.8b01005,True,False,600.0,,,,,,,,76.29532921530038,1010.1629522749016,,,,,,
6a7d9fab7bffe6ebe23a4059,,0.0,,10.0,,,Degussa,Printex-U,100.0,0.01,0.1,1:10,0.11,0.0,5,25.0,500,,6a7d9fa47bffe6ebe23a3f6b,10.1021/acs.iecr.8b01005,False,True,200.0,0.02891264365969818,,,,,7.93652068458715,,,,,,,,,
6a7d9fab7bffe6ebe23a4059,,0.0,,10.0,,,Degussa,Printex-U,100.0,0.01,0.1,1:10,0.11,0.0,5,25.0,500,,6a7d9fa47bffe6ebe23a3f6b,10.1021/acs.iecr.8b01005,False,True,250.0,0.043368965489547266,,,,,11.049448651947987,,,,,,,,,
6a7d9fab7bffe6ebe23a4059,,0.0,,10.0,,,Degussa,Printex-U,100.0,0.01,0.1,1:10,0.11,0.0,5,25.0,500,,6a7d9fa47bffe6ebe23a3f6b,10.1021/acs.iecr.8b01005,False,True,300.0,2.8430766265369876,,,,,19.164263972436608,,,,,,,,,
6a7d9fab7bffe6ebe23a4059,,0.0,,10.0,,,Degussa,Printex-U,100.0,0.01,0.1,1:10,0.11,0.0,5,25.0,500,,6a7d9fa47bffe6ebe23a3f6b,10.1021/acs.iecr.8b01005,False,True,350.0,4.958518387638238,,,,,38.198421048404576,,,,,,,,,
6a7d9fab7bffe6ebe23a4059,,0.0,,10.0,,,Degussa,Printex-U,100.0,0.01,0.1,1:10,0.11,0.0,5,25.0,500,,6a7d9fa47bffe6ebe23a3f6b,10.1021/acs.iecr.8b01005,False,True,375.0,6.047561298820202,,,,,60.20094287343489,,,,,,,,,
6a7d9fab7bffe6ebe23a4059,,0.0,,10.0,,,Degussa,Printex-U,100.0,0.01,0.1,1:10,0.11,0.0,5,25.0,500,,6a7d9fa47bffe6ebe23a3f6b,10.1021/acs.iecr.8b01005,False,True,400.0,8.900275473243756,,,,,96.26946583890836,,,,,,,,,
6a7d9fab7bffe6ebe23a4059,,0.0,,10.0,,,Degussa,Printex-U,100.0,0.01,0.1,1:10,0.11,0.0,5,25.0,500,,6a7d9fa47bffe6ebe23a3f6b,10.1021/acs.iecr.8b01005,False,True,425.0,11.75298964766731,,,,,152.12387461550196,,,,,,,,,
6a7d9fab7bffe6ebe23a4059,,0.0,,10.0,,,Degussa,Printex-U,100.0,0.01,0.1,1:10,0.11,0.0,5,25.0,500,,6a7d9fa47bffe6ebe23a3f6b,10.1021/acs.iecr.8b01005,False,True,450.0,17.762000754941248,,,,,239.99903624521136,,,,,,,,,
6a7d9fab7bffe6ebe23a4059,,0.0,,10.0,,,Degussa,Printex-U,100.0,0.01,0.1,1:10,0.11,0.0,5,25.0,500,,6a7d9fa47bffe6ebe23a3f6b,10.1021/acs.iecr.8b01005,False,True,475.0,25.038349409298622,,,,,357.23980628528744,,,,,,,,,
6a7d9fab7bffe6ebe23a4059,,0.0,,10.0,,,Degussa,Printex-U,100.0,0.01,0.1,1:10,0.11,0.0,5,25.0,500,,6a7d9fa47bffe6ebe23a3f6b,10.1021/acs.iecr.8b01005,False,True,500.0,32.53636166504702,,,,,450.41561925260817,,,,,,,,,
6a7d9fab7bffe6ebe23a4059,,0.0,,10.0,,,Degussa,Printex-U,100.0,0.01,0.1,1:10,0.11,0.0,5,25.0,500,,6a7d9fa47bffe6ebe23a3f6b,10.1021/acs.iecr.8b01005,False,True,525.0,29.640278525133915,,,,,417.5612185073045,,,,,,,,,
6a7d9fab7bffe6ebe23a4059,,0.0,,10.0,,,Degussa,Printex-U,100.0,0.01,0.1,1:10,0.11,0.0,5,25.0,500,,6a7d9fa47bffe6ebe23a3f6b,10.1021/acs.iecr.8b01005,False,True,550.0,16.147711483941432,,,,,248.52826612482232,,,,,,,,,
6a7d9fab7bffe6ebe23a4059,,0.0,,10.0,,,Degussa,Printex-U,100.0,0.01,0.1,1:10,0.11,0.0,5,25.0,500,,6a7d9fa47bffe6ebe23a3f6b,10.1021/acs.iecr.8b01005,False,True,575.0,8.283472408503528,,,,,136.99292443359326,,,,,,,,,
6a7d9fab7bffe6ebe23a4059,,0.0,,10.0,,,Degussa,Printex-U,100.0,0.01,0.1,1:10,0.11,0.0,5,25.0,500,,6a7d9fa47bffe6ebe23a3f6b,10.1021/acs.iecr.8b01005,False,True,600.0,1.2528812252535877,,,,,65.46786279344325,,,,,,,,,
6a7d9fab7bffe6ebe23a4059,,0.0,,10.0,,,Degussa,Printex-U,100.0,0.01,0.1,1:10,0.11,0.0,5,25.0,500,,6a7d9fa47bffe6ebe23a3f6b,10.1021/acs.iecr.8b01005,False,True,625.0,0.2602137929372836,,,,,34.902379671198986,,,,,,,,,
6a7d9fab7bffe6ebe23a405a,,0.0,1000.0,10.0,,,Degussa,Printex-U,100.0,0.01,0.1,1:10,0.11,0.0,5,25.0,500,,6a7d9fa47bffe6ebe23a3f6b,10.1021/acs.iecr.8b01005,True,True,100.0,0.1416134859612015,,,,,0.6209206692144988,,,,,,,,,
6a7d9fab7bffe6ebe23a405a,,0.0,1000.0,10.0,,,Degussa,Printex-U,100.0,0.01,0.1,1:10,0.11,0.0,5,25.0,500,,6a7d9fa47bffe6ebe23a3f6b,10.1021/acs.iecr.8b01005,True,True,150.0,1.9771421309198518,,,,,3.355150282773082,,,,,,,,,
6a7d9fab7bffe6ebe23a405a,,0.0,1000.0,10.0,,,Degussa,Printex-U,100.0,0.01,0.1,1:10,0.11,0.0,5,25.0,500,,6a7d9fa47bffe6ebe23a3f6b,10.1021/acs.iecr.8b01005,True,True,200.0,1.3507747891683834,,,,,6.606813787343747,,,,,,,,,
6a7d9fab7bffe6ebe23a405a,,0.0,1000.0,10.0,,,Degussa,Printex-U,100.0,0.01,0.1,1:10,0.11,0.0,5,25.0,500,,6a7d9fa47bffe6ebe23a3f6b,10.1021/acs.iecr.8b01005,True,True,250.0,-0.41939378534663524,,,,,7.456494703110956,,,,,,,,,
6a7d9fab7bffe6ebe23a405a,,0.0,1000.0,10.0,,,Degussa,Printex-U,100.0,0.01,0.1,1:10,0.11,0.0,5,25.0,500,,6a7d9fa47bffe6ebe23a3f6b,10.1021/acs.iecr.8b01005,True,True,300.0,2.794143011465245,,,,,31.280240379814625,,,,,,,,,
6a7d9fab7bffe6ebe23a405a,,0.0,1000.0,10.0,,,Degussa,Printex-U,100.0,0.01,0.1,1:10,0.11,0.0,5,25.0,500,,6a7d9fa47bffe6ebe23a3f6b,10.1021/acs.iecr.8b01005,True,True,325.0,2.1786690147877152,,,,,48.230285314863046,,,,,,,,,
6a7d9fab7bffe6ebe23a405a,,0.0,1000.0,10.0,,,Degussa,Printex-U,100.0,0.01,0.1,1:10,0.11,0.0,5,25.0,500,,6a7d9fa47bffe6ebe23a3f6b,10.1021/acs.iecr.8b01005,True,True,350.0,3.2571101771076347,,,,,78.04537078223294,,,,,,,,,
6a7d9fab7bffe6ebe23a405a,,0.0,1000.0,10.0,,,Degussa,Printex-U,100.0,0.01,0.1,1:10,0.11,0.0,5,25.0,500,,6a7d9fa47bffe6ebe23a3f6b,10.1021/acs.iecr.8b01005,True,True,375.0,8.627529298559352,,,,,124.6961210613749,,,,,,,,,
6a7d9fab7bffe6ebe23a405a,,0.0,1000.0,10.0,,,Degussa,Printex-U,100.0,0.01,0.1,1:10,0.11,0.0,5,25.0,500,,6a7d9fa47bffe6ebe23a3f6b,10.1021/acs.iecr.8b01005,True,True,400.0,15.561143438121258,,,,,195.04534354887028,,,,,,,,,
6a7d9fab7bffe6ebe23a405a,,0.0,1000.0,10.0,,,Degussa,Printex-U,100.0,0.01,0.1,1:10,0.11,0.0,5,25.0,500,,6a7d9fa47bffe6ebe23a3f6b,10.1021/acs.iecr.8b01005,True,True,425.0,24.0307192331085,,,,,308.59212592706905,,,,,,,,,
6a7d9fab7bffe6ebe23a405a,,0.0,1000.0,10.0,,,Degussa,Printex-U,100.0,0.01,0.1,1:10,0.11,0.0,5,25.0,500,,6a7d9fa47bffe6ebe23a3f6b,10.1021/acs.iecr.8b01005,True,True,450.0,33.56239617280475,,,,,452.2753474523189,,,,,,,,,
6a7d9fab7bffe6ebe23a405a,,0.0,1000.0,10.0,,,Degussa,Printex-U,100.0,0.01,0.1,1:10,0.11,0.0,5,25.0,500,,6a7d9fa47bffe6ebe23a3f6b,10.1021/acs.iecr.8b01005,True,True,475.0,41.37837126335568,,,,,535.3153169509527,,,,,,,,,
6a7d9fab7bffe6ebe23a405a,,0.0,1000.0,10.0,,,Degussa,Printex-U,100.0,0.01,0.1,1:10,0.11,0.0,5,25.0,500,,6a7d9fa47bffe6ebe23a3f6b,10.1021/acs.iecr.8b01005,True,True,500.0,34.43386377871984,,,,,453.18494176599273,,,,,,,,,
6a7d9fab7bffe6ebe23a405a,,0.0,1000.0,10.0,,,Degussa,Printex-U,100.0,0.01,0.1,1:10,0.11,0.0,5,25.0,500,,6a7d9fa47bffe6ebe23a3f6b,10.1021/acs.iecr.8b01005,True,True,525.0,20.610208879891786,,,,,265.3400993109959,,,,,,,,,
6a7d9fab7bffe6ebe23a405a,,0.0,1000.0,10.0,,,Degussa,Printex-U,100.0,0.01,0.1,1:10,0.11,0.0,5,25.0,500,,6a7d9fa47bffe6ebe23a3f6b,10.1021/acs.iecr.8b01005,True,True,550.0,12.080719686997881,,,,,151.6734901369838,,,,,,,,,
6a7d9fab7bffe6ebe23a405a,,0.0,1000.0,10.0,,,Degussa,Printex-U,100.0,0.01,0.1,1:10,0.11,0.0,5,25.0,500,,6a7d9fa47bffe6ebe23a3f6b,10.1021/acs.iecr.8b01005,True,True,575.0,6.759320618378887,,,,,81.16631414591633,,,,,,,,,
6a7d9fab7bffe6ebe23a405a,,0.0,1000.0,10.0,,,Degussa,Printex-U,100.0,0.01,0.1,1:10,0.11,0.0,5,25.0,500,,6a7d9fa47bffe6ebe23a3f6b,10.1021/acs.iecr.8b01005,True,True,600.0,1.9117820604762203,,,,,43.69320709156763,,,,,,,,,
6a7d9fab7bffe6ebe23a405b,,0.0,2000.0,10.0,,,Degussa,Printex-U,100.0,0.01,0.1,1:10,0.11,0.0,5,25.0,500,,6a7d9fa47bffe6ebe23a3f6b,10.1021/acs.iecr.8b01005,True,True,100.0,0.3626708114759406,,,,,3.691470759665824,,,,,,,,,
6a7d9fab7bffe6ebe23a405b,,0.0,2000.0,10.0,,,Degussa,Printex-U,100.0,0.01,0.1,1:10,0.11,0.0,5,25.0,500,,6a7d9fa47bffe6ebe23a3f6b,10.1021/acs.iecr.8b01005,True,True,150.0,1.4701120393756877,,,,,6.916650476005438,,,,,,,,,
6a7d9fab7bffe6ebe23a405b,,0.0,2000.0,10.0,,,Degussa,Printex-U,100.0,0.01,0.1,1:10,0.11,0.0,5,25.0,500,,6a7d9fa47bffe6ebe23a3f6b,10.1021/acs.iecr.8b01005,True,True,200.0,2.389741597046823,,,,,9.921637199663232,,,,,,,,,
6a7d9fab7bffe6ebe23a405b,,0.0,2000.0,10.0,,,Degussa,Printex-U,100.0,0.01,0.1,1:10,0.11,0.0,5,25.0,500,,6a7d9fa47bffe6ebe23a3f6b,10.1021/acs.iecr.8b01005,True,True,250.0,6.456835697169871,,,,,22.226539731882646,,,,,,,,,
6a7d9fab7bffe6ebe23a405b,,0.0,2000.0,10.0,,,Degussa,Printex-U,100.0,0.01,0.1,1:10,0.11,0.0,5,25.0,500,,6a7d9fa47bffe6ebe23a3f6b,10.1021/acs.iecr.8b01005,True,True,300.0,5.828638041577617,,,,,50.94229648338837,,,,,,,,,
6a7d9fab7bffe6ebe23a405b,,0.0,2000.0,10.0,,,Degussa,Printex-U,100.0,0.01,0.1,1:10,0.11,0.0,5,25.0,500,,6a7d9fa47bffe6ebe23a3f6b,10.1021/acs.iecr.8b01005,True,True,325.0,6.722362541286184,,,,,83.36895278803185,,,,,,,,,
6a7d9fab7bffe6ebe23a405b,,0.0,2000.0,10.0,,,Degussa,Printex-U,100.0,0.01,0.1,1:10,0.11,0.0,5,25.0,500,,6a7d9fa47bffe6ebe23a3f6b,10.1021/acs.iecr.8b01005,True,True,350.0,10.85421928631565,,,,,131.4098827796127,,,,,,,,,
6a7d9fab7bffe6ebe23a405b,,0.0,2000.0,10.0,,,Degussa,Printex-U,100.0,0.01,0.1,1:10,0.11,0.0,5,25.0,500,,6a7d9fa47bffe6ebe23a3f6b,10.1021/acs.iecr.8b01005,True,True,375.0,17.285149925522955,,,,,205.30406061783557,,,,,,,,,
6a7d9fab7bffe6ebe23a405b,,0.0,2000.0,10.0,,,Degussa,Printex-U,100.0,0.01,0.1,1:10,0.11,0.0,5,25.0,500,,6a7d9fa47bffe6ebe23a3f6b,10.1021/acs.iecr.8b01005,True,True,400.0,27.9062236901755,,,,,319.0725989249401,,,,,,,,,
6a7d9fab7bffe6ebe23a405b,,0.0,2000.0,10.0,,,Degussa,Printex-U,100.0,0.01,0.1,1:10,0.11,0.0,5,25.0,500,,6a7d9fa47bffe6ebe23a3f6b,10.1021/acs.iecr.8b01005,True,True,425.0,38.559678777281256,,,,,467.3401981736934,,,,,,,,,
6a7d9fab7bffe6ebe23a405b,,0.0,2000.0,10.0,,,Degussa,Printex-U,100.0,0.01,0.1,1:10,0.11,0.0,5,25.0,500,,6a7d9fa47bffe6ebe23a3f6b,10.1021/acs.iecr.8b01005,True,True,450.0,46.4995790428081,,,,,578.3174664853312,,,,,,,,,
6a7d9fab7bffe6ebe23a405b,,0.0,2000.0,10.0,,,Degussa,Printex-U,100.0,0.01,0.1,1:10,0.11,0.0,5,25.0,500,,6a7d9fa47bffe6ebe23a3f6b,10.1021/acs.iecr.8b01005,True,True,475.0,43.05420633378666,,,,,546.7845346803964,,,,,,,,,
6a7d9fab7bffe6ebe23a405b,,0.0,2000.0,10.0,,,Degussa,Printex-U,100.0,0.01,0.1,1:10,0.11,0.0,5,25.0,500,,6a7d9fa47bffe6ebe23a3f6b,10.1021/acs.iecr.8b01005,True,True,500.0,28.171750534291814,,,,,331.3580726636876,,,,,,,,,
6a7d9fab7bffe6ebe23a405b,,0.0,2000.0,10.0,,,Degussa,Printex-U,100.0,0.01,0.1,1:10,0.11,0.0,5,25.0,500,,6a7d9fa47bffe6ebe23a3f6b,10.1021/acs.iecr.8b01005,True,True,525.0,19.5388899682663,,,,,206.02940224078748,,,,,,,,,
6a7d9fab7bffe6ebe23a405b,,0.0,2000.0,10.0,,,Degussa,Printex-U,100.0,0.01,0.1,1:10,0.11,0.0,5,25.0,500,,6a7d9fa47bffe6ebe23a3f6b,10.1021/acs.iecr.8b01005,True,True,550.0,8.736480797875783,,,,,107.26636875850008,,,,,,,,,
6a7d9fab7bffe6ebe23a405b,,0.0,2000.0,10.0,,,Degussa,Printex-U,100.0,0.01,0.1,1:10,0.11,0.0,5,25.0,500,,6a7d9fa47bffe6ebe23a3f6b,10.1021/acs.iecr.8b01005,True,True,575.0,6.871316624570946,,,,,73.54445955572824,,,,,,,,,
6a7d9fab7bffe6ebe23a405b,,0.0,2000.0,10.0,,,Degussa,Printex-U,100.0,0.01,0.1,1:10,0.11,0.0,5,25.0,500,,6a7d9fa47bffe6ebe23a3f6b,10.1021/acs.iecr.8b01005,True,True,600.0,1.6643999740949418,,,,,45.24965999611423,,,,,,,,,
6a7d9fab7bffe6ebe23a405c,NO TPO,,1000.0,10.0,,,,,,,0.1,,0.1,0.0,10,25.0,500,,6a7d9fa47bffe6ebe23a3f6c,10.1021/acs.iecr.8b01005,True,False,50.0,,,,,,,,15.581948206317364,959.1662615078183,,,,,,
6a7d9fab7bffe6ebe23a405c,NO TPO,,1000.0,10.0,,,,,,,0.1,,0.1,0.0,10,25.0,500,,6a7d9fa47bffe6ebe23a3f6c,10.1021/acs.iecr.8b01005,True,False,100.0,,,,,,,,18.13460901420528,1018.2870406674926,,,,,,
6a7d9fab7bffe6ebe23a405c,NO TPO,,1000.0,10.0,,,,,,,0.1,,0.1,0.0,10,25.0,500,,6a7d9fa47bffe6ebe23a3f6c,10.1021/acs.iecr.8b01005,True,False,150.0,,,,,,,,23.970654143689487,1003.0049716911592,,,,,,
6a7d9fab7bffe6ebe23a405c,NO TPO,,1000.0,10.0,,,,,,,0.1,,0.1,0.0,10,25.0,500,,6a7d9fa47bffe6ebe23a3f6c,10.1021/acs.iecr.8b01005,True,False,200.0,,,,,,,,28.739842943159474,993.7893069431157,,,,,,
6a7d9fab7bffe6ebe23a405c,NO TPO,,1000.0,10.0,,,,,,,0.1,,0.1,0.0,10,25.0,500,,6a7d9fa47bffe6ebe23a3f6c,10.1021/acs.iecr.8b01005,True,False,250.0,,,,,,,,41.31803035912626,962.9679584699111,,,,,,
6a7d9fab7bffe6ebe23a405c,NO TPO,,1000.0,10.0,,,,,,,0.1,,0.1,0.0,10,25.0,500,,6a7d9fa47bffe6ebe23a3f6c,10.1021/acs.iecr.8b01005,True,False,300.0,,,,,,,,64.81322706989616,912.2974859239974,,,,,,
6a7d9fab7bffe6ebe23a405c,NO TPO,,1000.0,10.0,,,,,,,0.1,,0.1,0.0,10,25.0,500,,6a7d9fa47bffe6ebe23a3f6c,10.1021/acs.iecr.8b01005,True,False,325.0,,,,,,,,128.6979481283735,877.2102068662663,,,,,,
6a7d9fab7bffe6ebe23a405c,NO TPO,,1000.0,10.0,,,,,,,0.1,,0.1,0.0,10,25.0,500,,6a7d9fa47bffe6ebe23a3f6c,10.1021/acs.iecr.8b01005,True,False,350.0,,,,,,,,230.29774547438572,833.6098869214725,,,,,,
6a7d9fab7bffe6ebe23a405c,NO TPO,,1000.0,10.0,,,,,,,0.1,,0.1,0.0,10,25.0,500,,6a7d9fa47bffe6ebe23a3f6c,10.1021/acs.iecr.8b01005,True,False,375.0,,,,,,,,343.68167735146824,797.644328037515,,,,,,
6a7d9fab7bffe6ebe23a405c,NO TPO,,1000.0,10.0,,,,,,,0.1,,0.1,0.0,10,25.0,500,,6a7d9fa47bffe6ebe23a3f6c,10.1021/acs.iecr.8b01005,True,False,400.0,,,,,,,,426.53110933572367,833.9110114333214,,,,,,
6a7d9fab7bffe6ebe23a405c,NO TPO,,1000.0,10.0,,,,,,,0.1,,0.1,0.0,10,25.0,500,,6a7d9fa47bffe6ebe23a3f6c,10.1021/acs.iecr.8b01005,True,False,425.0,,,,,,,,422.93594964827844,949.2730666081147,,,,,,
6a7d9fab7bffe6ebe23a405c,NO TPO,,1000.0,10.0,,,,,,,0.1,,0.1,0.0,10,25.0,500,,6a7d9fa47bffe6ebe23a3f6c,10.1021/acs.iecr.8b01005,True,False,450.0,,,,,,,,373.8897874081724,1078.1229905428083,,,,,,
6a7d9fab7bffe6ebe23a405c,NO TPO,,1000.0,10.0,,,,,,,0.1,,0.1,0.0,10,25.0,500,,6a7d9fa47bffe6ebe23a3f6c,10.1021/acs.iecr.8b01005,True,False,475.0,,,,,,,,299.4241898711978,1132.5763397688243,,,,,,
6a7d9fab7bffe6ebe23a405c,NO TPO,,1000.0,10.0,,,,,,,0.1,,0.1,0.0,10,25.0,500,,6a7d9fa47bffe6ebe23a3f6c,10.1021/acs.iecr.8b01005,True,False,500.0,,,,,,,,231.71534909097997,1091.8241558319348,,,,,,
6a7d9fab7bffe6ebe23a405c,NO TPO,,1000.0,10.0,,,,,,,0.1,,0.1,0.0,10,25.0,500,,6a7d9fa47bffe6ebe23a3f6c,10.1021/acs.iecr.8b01005,True,False,550.0,,,,,,,,138.18761082639958,1029.7109518357618,,,,,,
6a7d9fab7bffe6ebe23a405c,NO TPO,,1000.0,10.0,,,,,,,0.1,,0.1,0.0,10,25.0,500,,6a7d9fa47bffe6ebe23a3f6c,10.1021/acs.iecr.8b01005,True,False,600.0,,,,,,,,91.19234591476841,1014.2595003215132,,,,,,
6a7d9fab7bffe6ebe23a405d,,0.0,,10.0,,,Degussa,Printex-U,100.0,0.01,0.1,1:10,0.11,0.0,5,25.0,500,,6a7d9fa47bffe6ebe23a3f6c,10.1021/acs.iecr.8b01005,False,True,100.0,0.5397026816476993,,,,,4.794680073566615,,,,,,,,,
6a7d9fab7bffe6ebe23a405d,,0.0,,10.0,,,Degussa,Printex-U,100.0,0.01,0.1,1:10,0.11,0.0,5,25.0,500,,6a7d9fa47bffe6ebe23a3f6c,10.1021/acs.iecr.8b01005,False,True,150.0,0.6312593865700769,,,,,5.199457084802389,,,,,,,,,
6a7d9fab7bffe6ebe23a405d,,0.0,,10.0,,,Degussa,Printex-U,100.0,0.01,0.1,1:10,0.11,0.0,5,25.0,500,,6a7d9fa47bffe6ebe23a3f6c,10.1021/acs.iecr.8b01005,False,True,200.0,0.2794888887104157,,,,,6.057198846706768,,,,,,,,,
6a7d9fab7bffe6ebe23a405d,,0.0,,10.0,,,Degussa,Printex-U,100.0,0.01,0.1,1:10,0.11,0.0,5,25.0,500,,6a7d9fa47bffe6ebe23a3f6c,10.1021/acs.iecr.8b01005,False,True,250.0,0.7854601527551338,,,,,7.801595014175225,,,,,,,,,
6a7d9fab7bffe6ebe23a405d,,0.0,,10.0,,,Degussa,Printex-U,100.0,0.01,0.1,1:10,0.11,0.0,5,25.0,500,,6a7d9fa47bffe6ebe23a3f6c,10.1021/acs.iecr.8b01005,False,True,300.0,1.975697316746042,,,,,12.364973938464255,,,,,,,,,
6a7d9fab7bffe6ebe23a405d,,0.0,,10.0,,,Degussa,Printex-U,100.0,0.01,0.1,1:10,0.11,0.0,5,25.0,500,,6a7d9fa47bffe6ebe23a3f6c,10.1021/acs.iecr.8b01005,False,True,350.0,2.2118172399669107,,,,,17.26084826483981,,,,,,,,,
6a7d9fab7bffe6ebe23a405d,,0.0,,10.0,,,Degussa,Printex-U,100.0,0.01,0.1,1:10,0.11,0.0,5,25.0,500,,6a7d9fa47bffe6ebe23a3f6c,10.1021/acs.iecr.8b01005,False,True,375.0,1.7251210716953247,,,,,24.65284749383598,,,,,,,,,
6a7d9fab7bffe6ebe23a405d,,0.0,,10.0,,,Degussa,Printex-U,100.0,0.01,0.1,1:10,0.11,0.0,5,25.0,500,,6a7d9fa47bffe6ebe23a3f6c,10.1021/acs.iecr.8b01005,False,True,400.0,3.599624135632423,,,,,44.096600354983,,,,,,,,,
6a7d9fab7bffe6ebe23a405d,,0.0,,10.0,,,Degussa,Printex-U,100.0,0.01,0.1,1:10,0.11,0.0,5,25.0,500,,6a7d9fa47bffe6ebe23a3f6c,10.1021/acs.iecr.8b01005,False,True,425.0,4.92960574397854,,,,,79.68806470007146,,,,,,,,,
6a7d9fab7bffe6ebe23a405d,,0.0,,10.0,,,Degussa,Printex-U,100.0,0.01,0.1,1:10,0.11,0.0,5,25.0,500,,6a7d9fa47bffe6ebe23a3f6c,10.1021/acs.iecr.8b01005,False,True,450.0,8.293109956390094,,,,,131.26340221502974,,,,,,,,,
6a7d9fab7bffe6ebe23a405d,,0.0,,10.0,,,Degussa,Printex-U,100.0,0.01,0.1,1:10,0.11,0.0,5,25.0,500,,6a7d9fa47bffe6ebe23a3f6c,10.1021/acs.iecr.8b01005,False,True,475.0,14.316577385493881,,,,,210.49850216443264,,,,,,,,,
6a7d9fab7bffe6ebe23a405d,,0.0,,10.0,,,Degussa,Printex-U,100.0,0.01,0.1,1:10,0.11,0.0,5,25.0,500,,6a7d9fa47bffe6ebe23a3f6c,10.1021/acs.iecr.8b01005,False,True,500.0,23.404785042525674,,,,,311.46145382409867,,,,,,,,,
6a7d9fab7bffe6ebe23a405d,,0.0,,10.0,,,Degussa,Printex-U,100.0,0.01,0.1,1:10,0.11,0.0,5,25.0,500,,6a7d9fa47bffe6ebe23a3f6c,10.1021/acs.iecr.8b01005,False,True,525.0,26.633363584525306,,,,,371.62384650598733,,,,,,,,,
6a7d9fab7bffe6ebe23a405d,,0.0,,10.0,,,Degussa,Printex-U,100.0,0.01,0.1,1:10,0.11,0.0,5,25.0,500,,6a7d9fa47bffe6ebe23a3f6c,10.1021/acs.iecr.8b01005,False,True,550.0,23.433697686185372,,,,,335.6420614714929,,,,,,,,,
6a7d9fab7bffe6ebe23a405d,,0.0,,10.0,,,Degussa,Printex-U,100.0,0.01,0.1,1:10,0.11,0.0,5,25.0,500,,6a7d9fa47bffe6ebe23a3f6c,10.1021/acs.iecr.8b01005,False,True,575.0,14.278027193947617,,,,,226.28480560262784,,,,,,,,,
6a7d9fab7bffe6ebe23a405d,,0.0,,10.0,,,Degussa,Printex-U,100.0,0.01,0.1,1:10,0.11,0.0,5,25.0,500,,6a7d9fa47bffe6ebe23a3f6c,10.1021/acs.iecr.8b01005,False,True,600.0,7.151060531832016,,,,,139.46977424044073,,,,,,,,,
6a7d9fab7bffe6ebe23a405d,,0.0,,10.0,,,Degussa,Printex-U,100.0,0.01,0.1,1:10,0.11,0.0,5,25.0,500,,6a7d9fa47bffe6ebe23a3f6c,10.1021/acs.iecr.8b01005,False,True,625.0,1.5323701139640034,,,,,81.17706584854592,,,,,,,,,
6a7d9fab7bffe6ebe23a405e,,0.0,1000.0,10.0,,,Degussa,Printex-U,100.0,0.01,0.1,1:10,0.11,0.0,5,25.0,500,,6a7d9fa47bffe6ebe23a3f6c,10.1021/acs.iecr.8b01005,True,True,100.0,-0.39760709519875803,,,,,5.571946005319582,,,,,,,,,
6a7d9fab7bffe6ebe23a405e,,0.0,1000.0,10.0,,,Degussa,Printex-U,100.0,0.01,0.1,1:10,0.11,0.0,5,25.0,500,,6a7d9fa47bffe6ebe23a3f6c,10.1021/acs.iecr.8b01005,True,True,150.0,0.5773472889187445,,,,,8.932542960629632,,,,,,,,,
6a7d9fab7bffe6ebe23a405e,,0.0,1000.0,10.0,,,Degussa,Printex-U,100.0,0.01,0.1,1:10,0.11,0.0,5,25.0,500,,6a7d9fa47bffe6ebe23a3f6c,10.1021/acs.iecr.8b01005,True,True,200.0,1.3725614793162606,,,,,10.392251200537402,,,,,,,,,
6a7d9fab7bffe6ebe23a405e,,0.0,1000.0,10.0,,,Degussa,Printex-U,100.0,0.01,0.1,1:10,0.11,0.0,5,25.0,500,,6a7d9fa47bffe6ebe23a3f6c,10.1021/acs.iecr.8b01005,True,True,250.0,0.19608021133089437,,,,,16.568777857460574,,,,,,,,,
6a7d9fab7bffe6ebe23a405e,,0.0,1000.0,10.0,,,Degussa,Printex-U,100.0,0.01,0.1,1:10,0.11,0.0,5,25.0,500,,6a7d9fa47bffe6ebe23a3f6c,10.1021/acs.iecr.8b01005,True,True,300.0,1.3507747891683834,,,,,44.82066830672027,,,,,,,,,
6a7d9fab7bffe6ebe23a405e,,0.0,1000.0,10.0,,,Degussa,Printex-U,100.0,0.01,0.1,1:10,0.11,0.0,5,25.0,500,,6a7d9fa47bffe6ebe23a3f6c,10.1021/acs.iecr.8b01005,True,True,325.0,3.965177606913642,,,,,77.63142366942327,,,,,,,,,
6a7d9fab7bffe6ebe23a405e,,0.0,1000.0,10.0,,,Degussa,Printex-U,100.0,0.01,0.1,1:10,0.11,0.0,5,25.0,500,,6a7d9fa47bffe6ebe23a3f6c,10.1021/acs.iecr.8b01005,True,True,350.0,8.393322379469673,,,,,142.96426075036987,,,,,,,,,
6a7d9fab7bffe6ebe23a405e,,0.0,1000.0,10.0,,,Degussa,Printex-U,100.0,0.01,0.1,1:10,0.11,0.0,5,25.0,500,,6a7d9fa47bffe6ebe23a3f6c,10.1021/acs.iecr.8b01005,True,True,375.0,13.86178160658684,,,,,236.64702838624171,,,,,,,,,
6a7d9fab7bffe6ebe23a405e,,0.0,1000.0,10.0,,,Degussa,Printex-U,100.0,0.01,0.1,1:10,0.11,0.0,5,25.0,500,,6a7d9fa47bffe6ebe23a3f6c,10.1021/acs.iecr.8b01005,True,True,400.0,22.11349050009531,,,,,375.10689094853797,,,,,,,,,
6a7d9fab7bffe6ebe23a405e,,0.0,1000.0,10.0,,,Degussa,Printex-U,100.0,0.01,0.1,1:10,0.11,0.0,5,25.0,500,,6a7d9fa47bffe6ebe23a3f6c,10.1021/acs.iecr.8b01005,True,True,425.0,30.32162601330803,,,,,505.821585163264,,,,,,,,,
6a7d9fab7bffe6ebe23a405e,,0.0,1000.0,10.0,,,Degussa,Printex-U,100.0,0.01,0.1,1:10,0.11,0.0,5,25.0,500,,6a7d9fa47bffe6ebe23a3f6c,10.1021/acs.iecr.8b01005,True,True,450.0,43.878393957824585,,,,,559.9941902159605,,,,,,,,,
6a7d9fab7bffe6ebe23a405e,,0.0,1000.0,10.0,,,Degussa,Printex-U,100.0,0.01,0.1,1:10,0.11,0.0,5,25.0,500,,6a7d9fa47bffe6ebe23a3f6c,10.1021/acs.iecr.8b01005,True,True,475.0,36.34019916665909,,,,,485.7288101743843,,,,,,,,,
6a7d9fab7bffe6ebe23a405e,,0.0,1000.0,10.0,,,Degussa,Printex-U,100.0,0.01,0.1,1:10,0.11,0.0,5,25.0,500,,6a7d9fa47bffe6ebe23a3f6c,10.1021/acs.iecr.8b01005,True,True,500.0,22.81066458482738,,,,,291.81637451320364,,,,,,,,,
6a7d9fab7bffe6ebe23a405e,,0.0,1000.0,10.0,,,Degussa,Printex-U,100.0,0.01,0.1,1:10,0.11,0.0,5,25.0,500,,6a7d9fa47bffe6ebe23a3f6c,10.1021/acs.iecr.8b01005,True,True,525.0,15.435869969770964,,,,,184.1955718552274,,,,,,,,,
6a7d9fab7bffe6ebe23a405e,,0.0,1000.0,10.0,,,Degussa,Printex-U,100.0,0.01,0.1,1:10,0.11,0.0,5,25.0,500,,6a7d9fa47bffe6ebe23a3f6c,10.1021/acs.iecr.8b01005,True,True,550.0,9.25934331284779,,,,,109.08051089788394,,,,,,,,,
6a7d9fab7bffe6ebe23a405e,,0.0,1000.0,10.0,,,Degussa,Printex-U,100.0,0.01,0.1,1:10,0.11,0.0,5,25.0,500,,6a7d9fa47bffe6ebe23a3f6c,10.1021/acs.iecr.8b01005,True,True,575.0,6.96629417478372,,,,,55.60507992991947,,,,,,,,,
6a7d9fab7bffe6ebe23a405e,,0.0,1000.0,10.0,,,Degussa,Printex-U,100.0,0.01,0.1,1:10,0.11,0.0,5,25.0,500,,6a7d9fa47bffe6ebe23a3f6c,10.1021/acs.iecr.8b01005,True,True,600.0,3.6873973075282085,,,,,22.79432456721647,,,,,,,,,
6a7d9fab7bffe6ebe23a405f,,0.0,2000.0,10.0,,,Degussa,Printex-U,100.0,0.01,0.1,1:10,0.11,0.0,5,25.0,500,,6a7d9fa47bffe6ebe23a3f6c,10.1021/acs.iecr.8b01005,True,True,100.0,0.34971828249465703,,,,,5.6861602227834975,,,,,,,,,
6a7d9fab7bffe6ebe23a405f,,0.0,2000.0,10.0,,,Degussa,Printex-U,100.0,0.01,0.1,1:10,0.11,0.0,5,25.0,500,,6a7d9fa47bffe6ebe23a3f6c,10.1021/acs.iecr.8b01005,True,True,150.0,1.3923968654879861,,,,,11.819182695421278,,,,,,,,,
6a7d9fab7bffe6ebe23a405f,,0.0,2000.0,10.0,,,Degussa,Printex-U,100.0,0.01,0.1,1:10,0.11,0.0,5,25.0,500,,6a7d9fa47bffe6ebe23a3f6c,10.1021/acs.iecr.8b01005,True,True,200.0,3.3158474192085996,,,,,9.377630982449322,,,,,,,,,
6a7d9fab7bffe6ebe23a405f,,0.0,2000.0,10.0,,,Degussa,Printex-U,100.0,0.01,0.1,1:10,0.11,0.0,5,25.0,500,,6a7d9fa47bffe6ebe23a3f6c,10.1021/acs.iecr.8b01005,True,True,250.0,1.5672560067353147,,,,,20.704617576581825,,,,,,,,,
6a7d9fab7bffe6ebe23a405f,,0.0,2000.0,10.0,,,Degussa,Printex-U,100.0,0.01,0.1,1:10,0.11,0.0,5,25.0,500,,6a7d9fa47bffe6ebe23a3f6c,10.1021/acs.iecr.8b01005,True,True,300.0,2.765364937504047,,,,,73.14293115730845,,,,,,,,,
6a7d9fab7bffe6ebe23a405f,,0.0,2000.0,10.0,,,Degussa,Printex-U,100.0,0.01,0.1,1:10,0.11,0.0,5,25.0,500,,6a7d9fa47bffe6ebe23a3f6c,10.1021/acs.iecr.8b01005,True,True,325.0,9.513632536752798,,,,,156.64140923515313,,,,,,,,,
6a7d9fab7bffe6ebe23a405f,,0.0,2000.0,10.0,,,Degussa,Printex-U,100.0,0.01,0.1,1:10,0.11,0.0,5,25.0,500,,6a7d9fa47bffe6ebe23a3f6c,10.1021/acs.iecr.8b01005,True,True,350.0,13.01729162619001,,,,,243.11896897869312,,,,,,,,,
6a7d9fab7bffe6ebe23a405f,,0.0,2000.0,10.0,,,Degussa,Printex-U,100.0,0.01,0.1,1:10,0.11,0.0,5,25.0,500,,6a7d9fa47bffe6ebe23a3f6c,10.1021/acs.iecr.8b01005,True,True,375.0,26.066964574833232,,,,,384.0036267081147,,,,,,,,,
6a7d9fab7bffe6ebe23a405f,,0.0,2000.0,10.0,,,Degussa,Printex-U,100.0,0.01,0.1,1:10,0.11,0.0,5,25.0,500,,6a7d9fa47bffe6ebe23a3f6c,10.1021/acs.iecr.8b01005,True,True,400.0,37.730716922479104,,,,,534.0781037497571,,,,,,,,,
6a7d9fab7bffe6ebe23a405f,,0.0,2000.0,10.0,,,Degussa,Printex-U,100.0,0.01,0.1,1:10,0.11,0.0,5,25.0,500,,6a7d9fa47bffe6ebe23a3f6c,10.1021/acs.iecr.8b01005,True,True,425.0,50.54724434945922,,,,,608.8465772942167,,,,,,,,,
6a7d9fab7bffe6ebe23a405f,,0.0,2000.0,10.0,,,Degussa,Printex-U,100.0,0.01,0.1,1:10,0.11,0.0,5,25.0,500,,6a7d9fa47bffe6ebe23a3f6c,10.1021/acs.iecr.8b01005,True,True,450.0,45.61880707208081,,,,,562.8003367657535,,,,,,,,,
6a7d9fab7bffe6ebe23a405f,,0.0,2000.0,10.0,,,Degussa,Printex-U,100.0,0.01,0.1,1:10,0.11,0.0,5,25.0,500,,6a7d9fa47bffe6ebe23a3f6c,10.1021/acs.iecr.8b01005,True,True,475.0,28.98128359562204,,,,,368.4541156660838,,,,,,,,,
6a7d9fab7bffe6ebe23a405f,,0.0,2000.0,10.0,,,Degussa,Printex-U,100.0,0.01,0.1,1:10,0.11,0.0,5,25.0,500,,6a7d9fa47bffe6ebe23a3f6c,10.1021/acs.iecr.8b01005,True,True,500.0,18.748785700408,,,,,229.38281199404187,,,,,,,,,
6a7d9fab7bffe6ebe23a405f,,0.0,2000.0,10.0,,,Degussa,Printex-U,100.0,0.01,0.1,1:10,0.11,0.0,5,25.0,500,,6a7d9fa47bffe6ebe23a3f6c,10.1021/acs.iecr.8b01005,True,True,525.0,13.069101742115144,,,,,148.75331908555142,,,,,,,,,
6a7d9fab7bffe6ebe23a405f,,0.0,2000.0,10.0,,,Degussa,Printex-U,100.0,0.01,0.1,1:10,0.11,0.0,5,25.0,500,,6a7d9fa47bffe6ebe23a3f6c,10.1021/acs.iecr.8b01005,True,True,550.0,8.347904928437275,,,,,88.99682663039957,,,,,,,,,
6a7d9fab7bffe6ebe23a405f,,0.0,2000.0,10.0,,,Degussa,Printex-U,100.0,0.01,0.1,1:10,0.11,0.0,5,25.0,500,,6a7d9fa47bffe6ebe23a3f6c,10.1021/acs.iecr.8b01005,True,True,575.0,6.59931351596399,,,,,46.38300628197655,,,,,,,,,
6a7d9fab7bffe6ebe23a405f,,0.0,2000.0,10.0,,,Degussa,Printex-U,100.0,0.01,0.1,1:10,0.11,0.0,5,25.0,500,,6a7d9fa47bffe6ebe23a3f6c,10.1021/acs.iecr.8b01005,True,True,600.0,2.875461433844958,,,,,17.064956932841135,,,,,,,,,
6a7d9fab7bffe6ebe23a4060,NO TPO,,1000.0,10.0,,,,,,,0.1,,0.1,0.0,10,25.0,500,,6a7d9fa47bffe6ebe23a3f6d,10.1021/acs.iecr.8b01005,True,False,50.0,,,,,,,,15.201971979189011,975.1070403538213,,,,,,
6a7d9fab7bffe6ebe23a4060,NO TPO,,1000.0,10.0,,,,,,,0.1,,0.1,0.0,10,25.0,500,,6a7d9fa47bffe6ebe23a3f6d,10.1021/acs.iecr.8b01005,True,False,100.0,,,,,,,,17.033652253551338,1024.0335001019432,,,,,,
6a7d9fab7bffe6ebe23a4060,NO TPO,,1000.0,10.0,,,,,,,0.1,,0.1,0.0,10,25.0,500,,6a7d9fa47bffe6ebe23a3f6d,10.1021/acs.iecr.8b01005,True,False,150.0,,,,,,,,23.21070168943278,1000.5269678957357,,,,,,
6a7d9fab7bffe6ebe23a4060,NO TPO,,1000.0,10.0,,,,,,,0.1,,0.1,0.0,10,25.0,500,,6a7d9fa47bffe6ebe23a3f6d,10.1021/acs.iecr.8b01005,True,False,200.0,,,,,,,,32.9488103821197,987.8985586800709,,,,,,
6a7d9fab7bffe6ebe23a4060,NO TPO,,1000.0,10.0,,,,,,,0.1,,0.1,0.0,10,25.0,500,,6a7d9fa47bffe6ebe23a3f6d,10.1021/acs.iecr.8b01005,True,False,250.0,,,,,,,,44.51372785907755,943.0310064145795,,,,,,
6a7d9fab7bffe6ebe23a4060,NO TPO,,1000.0,10.0,,,,,,,0.1,,0.1,0.0,10,25.0,500,,6a7d9fa47bffe6ebe23a3f6d,10.1021/acs.iecr.8b01005,True,False,300.0,,,,,,,,100.76969543443948,889.4935775787708,,,,,,
6a7d9fab7bffe6ebe23a4060,NO TPO,,1000.0,10.0,,,,,,,0.1,,0.1,0.0,10,25.0,500,,6a7d9fa47bffe6ebe23a3f6d,10.1021/acs.iecr.8b01005,True,False,325.0,,,,,,,,178.65507901556933,846.8468185881652,,,,,,
6a7d9fab7bffe6ebe23a4060,NO TPO,,1000.0,10.0,,,,,,,0.1,,0.1,0.0,10,25.0,500,,6a7d9fa47bffe6ebe23a3f6d,10.1021/acs.iecr.8b01005,True,False,350.0,,,,,,,,298.0796586059744,785.1602076504446,,,,,,
6a7d9fab7bffe6ebe23a4060,NO TPO,,1000.0,10.0,,,,,,,0.1,,0.1,0.0,10,25.0,500,,6a7d9fa47bffe6ebe23a3f6d,10.1021/acs.iecr.8b01005,True,False,375.0,,,,,,,,390.5600265009061,787.1990715327552,,,,,,
6a7d9fab7bffe6ebe23a4060,NO TPO,,1000.0,10.0,,,,,,,0.1,,0.1,0.0,10,25.0,500,,6a7d9fa47bffe6ebe23a3f6d,10.1021/acs.iecr.8b01005,True,False,400.0,,,,,,,,446.07065609228556,874.7635702074937,,,,,,
6a7d9fab7bffe6ebe23a4060,NO TPO,,1000.0,10.0,,,,,,,0.1,,0.1,0.0,10,25.0,500,,6a7d9fa47bffe6ebe23a3f6d,10.1021/acs.iecr.8b01005,True,False,425.0,,,,,,,,417.4311658450087,1035.0872790577312,,,,,,
6a7d9fab7bffe6ebe23a4060,NO TPO,,1000.0,10.0,,,,,,,0.1,,0.1,0.0,10,25.0,500,,6a7d9fa47bffe6ebe23a3f6d,10.1021/acs.iecr.8b01005,True,False,450.0,,,,,,,,348.5288099924005,1144.3139223036026,,,,,,
6a7d9fab7bffe6ebe23a4060,NO TPO,,1000.0,10.0,,,,,,,0.1,,0.1,0.0,10,25.0,500,,6a7d9fa47bffe6ebe23a3f6d,10.1021/acs.iecr.8b01005,True,False,475.0,,,,,,,,283.9474658508545,1191.7159392104893,,,,,,
6a7d9fab7bffe6ebe23a4060,NO TPO,,1000.0,10.0,,,,,,,0.1,,0.1,0.0,10,25.0,500,,6a7d9fa47bffe6ebe23a3f6d,10.1021/acs.iecr.8b01005,True,False,500.0,,,,,,,,225.2362672694324,1139.0003293549348,,,,,,
6a7d9fab7bffe6ebe23a4060,NO TPO,,1000.0,10.0,,,,,,,0.1,,0.1,0.0,10,25.0,500,,6a7d9fa47bffe6ebe23a3f6d,10.1021/acs.iecr.8b01005,True,False,525.0,,,,,,,,177.19363198815256,1076.4479854456486,,,,,,
6a7d9fab7bffe6ebe23a4060,NO TPO,,1000.0,10.0,,,,,,,0.1,,0.1,0.0,10,25.0,500,,6a7d9fa47bffe6ebe23a3f6d,10.1021/acs.iecr.8b01005,True,False,550.0,,,,,,,,138.0755665542976,1031.8878311193362,,,,,,
6a7d9fab7bffe6ebe23a4060,NO TPO,,1000.0,10.0,,,,,,,0.1,,0.1,0.0,10,25.0,500,,6a7d9fa47bffe6ebe23a3f6d,10.1021/acs.iecr.8b01005,True,False,600.0,,,,,,,,92.83403807556655,1020.6960367622842,,,,,,
6a7d9fab7bffe6ebe23a4061,,0.0,,10.0,,,Degussa,Printex-U,100.0,0.01,0.1,1:10,0.11,0.0,5,25.0,500,,6a7d9fa47bffe6ebe23a3f6d,10.1021/acs.iecr.8b01005,False,True,100.0,0.2505762450507175,,,,,3.570711491972725,,,,,,,,,
6a7d9fab7bffe6ebe23a4061,,0.0,,10.0,,,Degussa,Printex-U,100.0,0.01,0.1,1:10,0.11,0.0,5,25.0,500,,6a7d9fa47bffe6ebe23a3f6d,10.1021/acs.iecr.8b01005,False,True,150.0,-0.2457574711074345,,,,,5.34402030310088,,,,,,,,,
6a7d9fab7bffe6ebe23a4061,,0.0,,10.0,,,Degussa,Printex-U,100.0,0.01,0.1,1:10,0.11,0.0,5,25.0,500,,6a7d9fa47bffe6ebe23a3f6d,10.1021/acs.iecr.8b01005,False,True,200.0,0.4240521070089066,,,,,5.975279689670957,,,,,,,,,
6a7d9fab7bffe6ebe23a4061,,0.0,,10.0,,,Degussa,Printex-U,100.0,0.01,0.1,1:10,0.11,0.0,5,25.0,500,,6a7d9fa47bffe6ebe23a3f6d,10.1021/acs.iecr.8b01005,False,True,250.0,0.00481877394328303,,,,,6.490888501602241,,,,,,,,,
6a7d9fab7bffe6ebe23a4061,,0.0,,10.0,,,Degussa,Printex-U,100.0,0.01,0.1,1:10,0.11,0.0,5,25.0,500,,6a7d9fa47bffe6ebe23a3f6d,10.1021/acs.iecr.8b01005,False,True,300.0,0.7806413788118508,,,,,9.878486583730211,,,,,,,,,
6a7d9fab7bffe6ebe23a4061,,0.0,,10.0,,,Degussa,Printex-U,100.0,0.01,0.1,1:10,0.11,0.0,5,25.0,500,,6a7d9fa47bffe6ebe23a3f6d,10.1021/acs.iecr.8b01005,False,True,350.0,1.5179137921341543,,,,,14.461140603792373,,,,,,,,,
6a7d9fab7bffe6ebe23a4061,,0.0,,10.0,,,Degussa,Printex-U,100.0,0.01,0.1,1:10,0.11,0.0,5,25.0,500,,6a7d9fa47bffe6ebe23a3f6d,10.1021/acs.iecr.8b01005,False,True,400.0,3.368322986354838,,,,,32.79175668404102,,,,,,,,,
6a7d9fab7bffe6ebe23a4061,,0.0,,10.0,,,Degussa,Printex-U,100.0,0.01,0.1,1:10,0.11,0.0,5,25.0,500,,6a7d9fa47bffe6ebe23a3f6d,10.1021/acs.iecr.8b01005,False,True,425.0,4.307983905295028,,,,,60.61535743255723,,,,,,,,,
6a7d9fab7bffe6ebe23a4061,,0.0,,10.0,,,Degussa,Printex-U,100.0,0.01,0.1,1:10,0.11,0.0,5,25.0,500,,6a7d9fa47bffe6ebe23a3f6d,10.1021/acs.iecr.8b01005,False,True,450.0,6.158393099515712,,,,,105.02517809385363,,,,,,,,,
6a7d9fab7bffe6ebe23a4061,,0.0,,10.0,,,Degussa,Printex-U,100.0,0.01,0.1,1:10,0.11,0.0,5,25.0,500,,6a7d9fa47bffe6ebe23a3f6d,10.1021/acs.iecr.8b01005,False,True,475.0,10.803691180840552,,,,,170.51231598307007,,,,,,,,,
6a7d9fab7bffe6ebe23a4061,,0.0,,10.0,,,Degussa,Printex-U,100.0,0.01,0.1,1:10,0.11,0.0,5,25.0,500,,6a7d9fa47bffe6ebe23a3f6d,10.1021/acs.iecr.8b01005,False,True,500.0,19.597953627332082,,,,,264.30975078907426,,,,,,,,,
6a7d9fab7bffe6ebe23a4061,,0.0,,10.0,,,Degussa,Printex-U,100.0,0.01,0.1,1:10,0.11,0.0,5,25.0,500,,6a7d9fa47bffe6ebe23a3f6d,10.1021/acs.iecr.8b01005,False,True,525.0,21.12068619340952,,,,,325.69611205255677,,,,,,,,,
6a7d9fab7bffe6ebe23a4061,,0.0,,10.0,,,Degussa,Printex-U,100.0,0.01,0.1,1:10,0.11,0.0,5,25.0,500,,6a7d9fa47bffe6ebe23a3f6d,10.1021/acs.iecr.8b01005,False,True,550.0,23.896299984740544,,,,,328.96324078610263,,,,,,,,,
6a7d9fab7bffe6ebe23a4061,,0.0,,10.0,,,Degussa,Printex-U,100.0,0.01,0.1,1:10,0.11,0.0,5,25.0,500,,6a7d9fa47bffe6ebe23a3f6d,10.1021/acs.iecr.8b01005,False,True,575.0,16.26818083252351,,,,,237.2378787757102,,,,,,,,,
6a7d9fab7bffe6ebe23a4061,,0.0,,10.0,,,Degussa,Printex-U,100.0,0.01,0.1,1:10,0.11,0.0,5,25.0,500,,6a7d9fa47bffe6ebe23a3f6d,10.1021/acs.iecr.8b01005,False,True,600.0,8.148546738091603,,,,,136.920642824444,,,,,,,,,
6a7d9fab7bffe6ebe23a4061,,0.0,,10.0,,,Degussa,Printex-U,100.0,0.01,0.1,1:10,0.11,0.0,5,25.0,500,,6a7d9fa47bffe6ebe23a3f6d,10.1021/acs.iecr.8b01005,False,True,625.0,3.4743360131070644,,,,,71.11064708102766,,,,,,,,,
6a7d9fab7bffe6ebe23a4062,,0.0,1000.0,10.0,,,Degussa,Printex-U,100.0,0.01,0.1,1:10,0.11,0.0,5,25.0,500,,6a7d9fa47bffe6ebe23a3f6d,10.1021/acs.iecr.8b01005,True,True,100.0,-0.07080674298060075,,,,,8.0338419920297,,,,,,,,,
6a7d9fab7bffe6ebe23a4062,,0.0,1000.0,10.0,,,Degussa,Printex-U,100.0,0.01,0.1,1:10,0.11,0.0,5,25.0,500,,6a7d9fa47bffe6ebe23a3f6d,10.1021/acs.iecr.8b01005,True,True,150.0,1.361668134242322,,,,,11.655879229114277,,,,,,,,,
6a7d9fab7bffe6ebe23a4062,,0.0,1000.0,10.0,,,Degussa,Printex-U,100.0,0.01,0.1,1:10,0.11,0.0,5,25.0,500,,6a7d9fa47bffe6ebe23a3f6d,10.1021/acs.iecr.8b01005,True,True,200.0,2.8050363565391834,,,,,18.251799671384084,,,,,,,,,
6a7d9fab7bffe6ebe23a4062,,0.0,1000.0,10.0,,,Degussa,Printex-U,100.0,0.01,0.1,1:10,0.11,0.0,5,25.0,500,,6a7d9fa47bffe6ebe23a3f6d,10.1021/acs.iecr.8b01005,True,True,250.0,2.75601630370646,,,,,27.57105638213854,,,,,,,,,
6a7d9fab7bffe6ebe23a4062,,0.0,1000.0,10.0,,,Degussa,Printex-U,100.0,0.01,0.1,1:10,0.11,0.0,5,25.0,500,,6a7d9fa47bffe6ebe23a3f6d,10.1021/acs.iecr.8b01005,True,True,300.0,7.107907660744922,,,,,68.5463738777585,,,,,,,,,
6a7d9fab7bffe6ebe23a4062,,0.0,1000.0,10.0,,,Degussa,Printex-U,100.0,0.01,0.1,1:10,0.11,0.0,5,25.0,500,,6a7d9fa47bffe6ebe23a3f6d,10.1021/acs.iecr.8b01005,True,True,325.0,11.7757060249276,,,,,122.67540555015928,,,,,,,,,
6a7d9fab7bffe6ebe23a4062,,0.0,1000.0,10.0,,,Degussa,Printex-U,100.0,0.01,0.1,1:10,0.11,0.0,5,25.0,500,,6a7d9fa47bffe6ebe23a3f6d,10.1021/acs.iecr.8b01005,True,True,350.0,17.418458773227783,,,,,204.73497399213863,,,,,,,,,
6a7d9fab7bffe6ebe23a4062,,0.0,1000.0,10.0,,,Degussa,Printex-U,100.0,0.01,0.1,1:10,0.11,0.0,5,25.0,500,,6a7d9fa47bffe6ebe23a3f6d,10.1021/acs.iecr.8b01005,True,True,375.0,23.409798563894,,,,,333.0912589983569,,,,,,,,,
6a7d9fab7bffe6ebe23a4062,,0.0,1000.0,10.0,,,Degussa,Printex-U,100.0,0.01,0.1,1:10,0.11,0.0,5,25.0,500,,6a7d9fa47bffe6ebe23a3f6d,10.1021/acs.iecr.8b01005,True,True,400.0,36.530832705453015,,,,,487.64059223486055,,,,,,,,,
6a7d9fab7bffe6ebe23a4062,,0.0,1000.0,10.0,,,Degussa,Printex-U,100.0,0.01,0.1,1:10,0.11,0.0,5,25.0,500,,6a7d9fa47bffe6ebe23a3f6d,10.1021/acs.iecr.8b01005,True,True,425.0,41.53087809439082,,,,,581.6229268602656,,,,,,,,,
6a7d9fab7bffe6ebe23a4062,,0.0,1000.0,10.0,,,Degussa,Printex-U,100.0,0.01,0.1,1:10,0.11,0.0,5,25.0,500,,6a7d9fa47bffe6ebe23a3f6d,10.1021/acs.iecr.8b01005,True,True,450.0,38.42082807578136,,,,,521.9437358726931,,,,,,,,,
6a7d9fab7bffe6ebe23a4062,,0.0,1000.0,10.0,,,Degussa,Printex-U,100.0,0.01,0.1,1:10,0.11,0.0,5,25.0,500,,6a7d9fa47bffe6ebe23a3f6d,10.1021/acs.iecr.8b01005,True,True,475.0,27.761689920932465,,,,,354.2515818044826,,,,,,,,,
6a7d9fab7bffe6ebe23a4062,,0.0,1000.0,10.0,,,Degussa,Printex-U,100.0,0.01,0.1,1:10,0.11,0.0,5,25.0,500,,6a7d9fa47bffe6ebe23a3f6d,10.1021/acs.iecr.8b01005,True,True,500.0,15.572036783195196,,,,,218.6294356339473,,,,,,,,,
6a7d9fab7bffe6ebe23a4062,,0.0,1000.0,10.0,,,Degussa,Printex-U,100.0,0.01,0.1,1:10,0.11,0.0,5,25.0,500,,6a7d9fa47bffe6ebe23a3f6d,10.1021/acs.iecr.8b01005,True,True,525.0,7.761508365181236,,,,,130.90532775351988,,,,,,,,,
6a7d9fab7bffe6ebe23a4062,,0.0,1000.0,10.0,,,Degussa,Printex-U,100.0,0.01,0.1,1:10,0.11,0.0,5,25.0,500,,6a7d9fa47bffe6ebe23a3f6d,10.1021/acs.iecr.8b01005,True,True,550.0,3.6274839096215463,,,,,75.4255212919507,,,,,,,,,
6a7d9fab7bffe6ebe23a4062,,0.0,1000.0,10.0,,,Degussa,Printex-U,100.0,0.01,0.1,1:10,0.11,0.0,5,25.0,500,,6a7d9fa47bffe6ebe23a3f6d,10.1021/acs.iecr.8b01005,True,True,575.0,1.8082952822738039,,,,,39.297742354233414,,,,,,,,,
6a7d9fab7bffe6ebe23a4062,,0.0,1000.0,10.0,,,Degussa,Printex-U,100.0,0.01,0.1,1:10,0.11,0.0,5,25.0,500,,6a7d9fa47bffe6ebe23a3f6d,10.1021/acs.iecr.8b01005,True,True,600.0,1.0512077996350726,,,,,15.817137047358814,,,,,,,,,
6a7d9fab7bffe6ebe23a4063,,0.0,2000.0,10.0,,,Degussa,Printex-U,100.0,0.01,0.1,1:10,0.11,0.0,5,25.0,500,,6a7d9fa47bffe6ebe23a3f6d,10.1021/acs.iecr.8b01005,True,True,100.0,0.6087688621203289,,,,,11.722038728061651,,,,,,,,,
6a7d9fab7bffe6ebe23a4063,,0.0,2000.0,10.0,,,Degussa,Printex-U,100.0,0.01,0.1,1:10,0.11,0.0,5,25.0,500,,6a7d9fa47bffe6ebe23a3f6d,10.1021/acs.iecr.8b01005,True,True,150.0,2.2213587202901364,,,,,12.538048053882518,,,,,,,,,
6a7d9fab7bffe6ebe23a4063,,0.0,2000.0,10.0,,,Degussa,Printex-U,100.0,0.01,0.1,1:10,0.11,0.0,5,25.0,500,,6a7d9fa47bffe6ebe23a3f6d,10.1021/acs.iecr.8b01005,True,True,200.0,4.64995790428081,,,,,23.087882909138003,,,,,,,,,
6a7d9fab7bffe6ebe23a4063,,0.0,2000.0,10.0,,,Degussa,Printex-U,100.0,0.01,0.1,1:10,0.11,0.0,5,25.0,500,,6a7d9fa47bffe6ebe23a3f6d,10.1021/acs.iecr.8b01005,True,True,250.0,6.56045592902014,,,,,33.20380804352049,,,,,,,,,
6a7d9fab7bffe6ebe23a4063,,0.0,2000.0,10.0,,,Degussa,Printex-U,100.0,0.01,0.1,1:10,0.11,0.0,5,25.0,500,,6a7d9fa47bffe6ebe23a3f6d,10.1021/acs.iecr.8b01005,True,True,300.0,10.860695550806293,,,,,102.59698206074734,,,,,,,,,
6a7d9fab7bffe6ebe23a4063,,0.0,2000.0,10.0,,,Degussa,Printex-U,100.0,0.01,0.1,1:10,0.11,0.0,5,25.0,500,,6a7d9fa47bffe6ebe23a3f6d,10.1021/acs.iecr.8b01005,True,True,325.0,15.471795868143252,,,,,199.88990350365904,,,,,,,,,
6a7d9fab7bffe6ebe23a4063,,0.0,2000.0,10.0,,,Degussa,Printex-U,100.0,0.01,0.1,1:10,0.11,0.0,5,25.0,500,,6a7d9fa47bffe6ebe23a3f6d,10.1021/acs.iecr.8b01005,True,True,350.0,27.673078168512397,,,,,336.3642251149537,,,,,,,,,
6a7d9fab7bffe6ebe23a4063,,0.0,2000.0,10.0,,,Degussa,Printex-U,100.0,0.01,0.1,1:10,0.11,0.0,5,25.0,500,,6a7d9fa47bffe6ebe23a3f6d,10.1021/acs.iecr.8b01005,True,True,375.0,37.944433650670284,,,,,503.380610064115,,,,,,,,,
6a7d9fab7bffe6ebe23a4063,,0.0,2000.0,10.0,,,Degussa,Printex-U,100.0,0.01,0.1,1:10,0.11,0.0,5,25.0,500,,6a7d9fa47bffe6ebe23a3f6d,10.1021/acs.iecr.8b01005,True,True,400.0,51.18839453403276,,,,,633.4887636811087,,,,,,,,,
6a7d9fab7bffe6ebe23a4063,,0.0,2000.0,10.0,,,Degussa,Printex-U,100.0,0.01,0.1,1:10,0.11,0.0,5,25.0,500,,6a7d9fa47bffe6ebe23a3f6d,10.1021/acs.iecr.8b01005,True,True,425.0,47.257301988213186,,,,,608.6199080370443,,,,,,,,,
6a7d9fab7bffe6ebe23a4063,,0.0,2000.0,10.0,,,Degussa,Printex-U,100.0,0.01,0.1,1:10,0.11,0.0,5,25.0,500,,6a7d9fa47bffe6ebe23a3f6d,10.1021/acs.iecr.8b01005,True,True,450.0,32.433132569134116,,,,,410.6210737646525,,,,,,,,,
6a7d9fab7bffe6ebe23a4063,,0.0,2000.0,10.0,,,Degussa,Printex-U,100.0,0.01,0.1,1:10,0.11,0.0,5,25.0,500,,6a7d9fa47bffe6ebe23a3f6d,10.1021/acs.iecr.8b01005,True,True,475.0,19.953370895667376,,,,,253.53927854413575,,,,,,,,,
6a7d9fab7bffe6ebe23a4063,,0.0,2000.0,10.0,,,Degussa,Printex-U,100.0,0.01,0.1,1:10,0.11,0.0,5,25.0,500,,6a7d9fa47bffe6ebe23a3f6d,10.1021/acs.iecr.8b01005,True,True,500.0,10.148306456835694,,,,,149.76361634609154,,,,,,,,,
6a7d9fab7bffe6ebe23a4063,,0.0,2000.0,10.0,,,Degussa,Printex-U,100.0,0.01,0.1,1:10,0.11,0.0,5,25.0,500,,6a7d9fa47bffe6ebe23a3f6d,10.1021/acs.iecr.8b01005,True,True,525.0,4.870150896962631,,,,,88.15491224661614,,,,,,,,,
6a7d9fab7bffe6ebe23a4063,,0.0,2000.0,10.0,,,Degussa,Printex-U,100.0,0.01,0.1,1:10,0.11,0.0,5,25.0,500,,6a7d9fa47bffe6ebe23a3f6d,10.1021/acs.iecr.8b01005,True,True,550.0,0.6217213911016125,,,,,50.540768084968576,,,,,,,,,
6a7d9fab7bffe6ebe23a4063,,0.0,2000.0,10.0,,,Degussa,Printex-U,100.0,0.01,0.1,1:10,0.11,0.0,5,25.0,500,,6a7d9fa47bffe6ebe23a3f6d,10.1021/acs.iecr.8b01005,True,True,575.0,0.03238132245320898,,,,,22.084061913088526,,,,,,,,,
6a7d9fab7bffe6ebe23a4063,,0.0,2000.0,10.0,,,Degussa,Printex-U,100.0,0.01,0.1,1:10,0.11,0.0,5,25.0,500,,6a7d9fa47bffe6ebe23a3f6d,10.1021/acs.iecr.8b01005,True,True,600.0,0.0,,,,,8.658765623988081,,,,,,,,,
6a7d9fab7bffe6ebe23a4064,NO TPO,,1000.0,10.0,,,,,,,0.1,,0.1,0.0,10,25.0,500,,6a7d9fa47bffe6ebe23a3f6e,10.1021/acs.iecr.8b01005,True,False,50.0,,,,,,,,17.532999983922075,981.8447013064413,,,,,,
6a7d9fab7bffe6ebe23a4064,NO TPO,,1000.0,10.0,,,,,,,0.1,,0.1,0.0,10,25.0,500,,6a7d9fa47bffe6ebe23a3f6e,10.1021/acs.iecr.8b01005,True,False,100.0,,,,,,,,22.89177934627078,1005.9472091090165,,,,,,
6a7d9fab7bffe6ebe23a4064,NO TPO,,1000.0,10.0,,,,,,,0.1,,0.1,0.0,10,25.0,500,,6a7d9fa47bffe6ebe23a3f6e,10.1021/acs.iecr.8b01005,True,False,150.0,,,,,,,,25.25523739087096,1000.4077727764621,,,,,,
6a7d9fab7bffe6ebe23a4064,NO TPO,,1000.0,10.0,,,,,,,0.1,,0.1,0.0,10,25.0,500,,6a7d9fa47bffe6ebe23a3f6e,10.1021/acs.iecr.8b01005,True,False,200.0,,,,,,,,29.287586217984742,989.5672903499004,,,,,,
6a7d9fab7bffe6ebe23a4064,NO TPO,,1000.0,10.0,,,,,,,0.1,,0.1,0.0,10,25.0,500,,6a7d9fa47bffe6ebe23a3f6e,10.1021/acs.iecr.8b01005,True,False,250.0,,,,,,,,42.54706818656846,950.358369536237,,,,,,
6a7d9fab7bffe6ebe23a4064,NO TPO,,1000.0,10.0,,,,,,,0.1,,0.1,0.0,10,25.0,500,,6a7d9fa47bffe6ebe23a3f6e,10.1021/acs.iecr.8b01005,True,False,300.0,,,,,,,,57.30662250590875,902.3666504603127,,,,,,
6a7d9fab7bffe6ebe23a4064,NO TPO,,1000.0,10.0,,,,,,,0.1,,0.1,0.0,10,25.0,500,,6a7d9fa47bffe6ebe23a3f6e,10.1021/acs.iecr.8b01005,True,False,325.0,,,,,,,,95.21359551103751,862.3296372390646,,,,,,
6a7d9fab7bffe6ebe23a4064,NO TPO,,1000.0,10.0,,,,,,,0.1,,0.1,0.0,10,25.0,500,,6a7d9fa47bffe6ebe23a3f6e,10.1021/acs.iecr.8b01005,True,False,350.0,,,,,,,,165.94851841728695,821.5084456015433,,,,,,
6a7d9fab7bffe6ebe23a4064,NO TPO,,1000.0,10.0,,,,,,,0.1,,0.1,0.0,10,25.0,500,,6a7d9fa47bffe6ebe23a3f6e,10.1021/acs.iecr.8b01005,True,False,375.0,,,,,,,,283.3689727800376,798.2904910525242,,,,,,
6a7d9fab7bffe6ebe23a4064,NO TPO,,1000.0,10.0,,,,,,,0.1,,0.1,0.0,10,25.0,500,,6a7d9fa47bffe6ebe23a3f6e,10.1021/acs.iecr.8b01005,True,False,394.0,,,,,,,,361.96118783864165,830.7868446228886,,,,,,
6a7d9fab7bffe6ebe23a4064,NO TPO,,1000.0,10.0,,,,,,,0.1,,0.1,0.0,10,25.0,500,,6a7d9fa47bffe6ebe23a3f6e,10.1021/acs.iecr.8b01005,True,False,430.0,,,,,,,,406.6594851841728,1000.1442888285943,,,,,,
6a7d9fab7bffe6ebe23a4064,NO TPO,,1000.0,10.0,,,,,,,0.1,,0.1,0.0,10,25.0,500,,6a7d9fa47bffe6ebe23a3f6e,10.1021/acs.iecr.8b01005,True,False,478.0,,,,,,,,301.3794877566442,1151.170778375496,,,,,,
6a7d9fab7bffe6ebe23a4064,NO TPO,,1000.0,10.0,,,,,,,0.1,,0.1,0.0,10,25.0,500,,6a7d9fa47bffe6ebe23a3f6e,10.1021/acs.iecr.8b01005,True,False,509.0,,,,,,,,226.55915880187146,1088.3110365270306,,,,,,
6a7d9fab7bffe6ebe23a4064,NO TPO,,1000.0,10.0,,,,,,,0.1,,0.1,0.0,10,25.0,500,,6a7d9fa47bffe6ebe23a3f6e,10.1021/acs.iecr.8b01005,True,False,541.0,,,,,,,,166.74437673842786,1040.4259657157197,,,,,,
6a7d9fab7bffe6ebe23a4064,NO TPO,,1000.0,10.0,,,,,,,0.1,,0.1,0.0,10,25.0,500,,6a7d9fa47bffe6ebe23a3f6e,10.1021/acs.iecr.8b01005,True,False,579.0,,,,,,,,119.3883949386626,1022.8980097551796,,,,,,
6a7d9fab7bffe6ebe23a4064,NO TPO,,1000.0,10.0,,,,,,,0.1,,0.1,0.0,10,25.0,500,,6a7d9fa47bffe6ebe23a3f6e,10.1021/acs.iecr.8b01005,True,False,629.0,,,,,,,,81.81905879704804,1013.004814855476,,,,,,
6a7d9fab7bffe6ebe23a4065,,0.0,,10.0,,,Degussa,Printex-U,100.0,0.01,0.1,1:10,0.11,0.0,5,25.0,500,,6a7d9fa47bffe6ebe23a3f6e,10.1021/acs.iecr.8b01005,False,True,100.0,-0.5686153253073976,,,,,1.614289270999815,,,,,,,,,
6a7d9fab7bffe6ebe23a4065,,0.0,,10.0,,,Degussa,Printex-U,100.0,0.01,0.1,1:10,0.11,0.0,5,25.0,500,,6a7d9fa47bffe6ebe23a3f6e,10.1021/acs.iecr.8b01005,False,True,150.0,0.6987222217760393,,,,,2.9924586187787616,,,,,,,,,
6a7d9fab7bffe6ebe23a4065,,0.0,,10.0,,,Degussa,Printex-U,100.0,0.01,0.1,1:10,0.11,0.0,5,25.0,500,,6a7d9fa47bffe6ebe23a3f6e,10.1021/acs.iecr.8b01005,False,True,200.0,0.37586436757607633,,,,,4.00921992081148,,,,,,,,,
6a7d9fab7bffe6ebe23a4065,,0.0,,10.0,,,Degussa,Printex-U,100.0,0.01,0.1,1:10,0.11,0.0,5,25.0,500,,6a7d9fa47bffe6ebe23a3f6e,10.1021/acs.iecr.8b01005,False,True,250.0,0.6264406126267938,,,,,5.059712640447181,,,,,,,,,
6a7d9fab7bffe6ebe23a4065,,0.0,,10.0,,,Degussa,Printex-U,100.0,0.01,0.1,1:10,0.11,0.0,5,25.0,500,,6a7d9fa47bffe6ebe23a3f6e,10.1021/acs.iecr.8b01005,False,True,300.0,0.6119842907969447,,,,,6.2644061262679385,,,,,,,,,
6a7d9fab7bffe6ebe23a4065,,0.0,,10.0,,,Degussa,Printex-U,100.0,0.01,0.1,1:10,0.11,0.0,5,25.0,500,,6a7d9fa47bffe6ebe23a3f6e,10.1021/acs.iecr.8b01005,False,True,350.0,1.2239685815938894,,,,,11.993928344831462,,,,,,,,,
6a7d9fab7bffe6ebe23a4065,,0.0,,10.0,,,Degussa,Printex-U,100.0,0.01,0.1,1:10,0.11,0.0,5,25.0,500,,6a7d9fa47bffe6ebe23a3f6e,10.1021/acs.iecr.8b01005,False,True,400.0,2.611775477259402,,,,,24.45045898821809,,,,,,,,,
6a7d9fab7bffe6ebe23a4065,,0.0,,10.0,,,Degussa,Printex-U,100.0,0.01,0.1,1:10,0.11,0.0,5,25.0,500,,6a7d9fa47bffe6ebe23a3f6e,10.1021/acs.iecr.8b01005,False,True,425.0,4.6067478897785765,,,,,41.60529422630568,,,,,,,,,
6a7d9fab7bffe6ebe23a4065,,0.0,,10.0,,,Degussa,Printex-U,100.0,0.01,0.1,1:10,0.11,0.0,5,25.0,500,,6a7d9fa47bffe6ebe23a3f6e,10.1021/acs.iecr.8b01005,False,True,450.0,4.939243291865106,,,,,75.99206508557337,,,,,,,,,
6a7d9fab7bffe6ebe23a4065,,0.0,,10.0,,,Degussa,Printex-U,100.0,0.01,0.1,1:10,0.11,0.0,5,25.0,500,,6a7d9fa47bffe6ebe23a3f6e,10.1021/acs.iecr.8b01005,False,True,475.0,8.389485435255756,,,,,117.56844666821935,,,,,,,,,
6a7d9fab7bffe6ebe23a4065,,0.0,,10.0,,,Degussa,Printex-U,100.0,0.01,0.1,1:10,0.11,0.0,5,25.0,500,,6a7d9fa47bffe6ebe23a3f6e,10.1021/acs.iecr.8b01005,False,True,500.0,13.511842136965615,,,,,189.20434010906493,,,,,,,,,
6a7d9fab7bffe6ebe23a4065,,0.0,,10.0,,,Degussa,Printex-U,100.0,0.01,0.1,1:10,0.11,0.0,5,25.0,500,,6a7d9fa47bffe6ebe23a3f6e,10.1021/acs.iecr.8b01005,False,True,525.0,17.848738685920342,,,,,260.63302627034926,,,,,,,,,
6a7d9fab7bffe6ebe23a4065,,0.0,,10.0,,,Degussa,Printex-U,100.0,0.01,0.1,1:10,0.11,0.0,5,25.0,500,,6a7d9fa47bffe6ebe23a3f6e,10.1021/acs.iecr.8b01005,False,True,550.0,19.35701493016793,,,,,287.6615293182238,,,,,,,,,
6a7d9fab7bffe6ebe23a4065,,0.0,,10.0,,,Degussa,Printex-U,100.0,0.01,0.1,1:10,0.11,0.0,5,25.0,500,,6a7d9fa47bffe6ebe23a3f6e,10.1021/acs.iecr.8b01005,False,True,575.0,15.622465124123583,,,,,245.42979447929133,,,,,,,,,
6a7d9fab7bffe6ebe23a4065,,0.0,,10.0,,,Degussa,Printex-U,100.0,0.01,0.1,1:10,0.11,0.0,5,25.0,500,,6a7d9fa47bffe6ebe23a3f6e,10.1021/acs.iecr.8b01005,False,True,600.0,9.276139840819832,,,,,135.3834539365367,,,,,,,,,
6a7d9fab7bffe6ebe23a4065,,0.0,,10.0,,,Degussa,Printex-U,100.0,0.01,0.1,1:10,0.11,0.0,5,25.0,500,,6a7d9fa47bffe6ebe23a3f6e,10.1021/acs.iecr.8b01005,False,True,625.0,4.886236778488992,,,,,78.454458570591,,,,,,,,,
6a7d9fab7bffe6ebe23a4066,,0.0,1000.0,10.0,,,Degussa,Printex-U,100.0,0.01,0.1,1:10,0.11,0.0,5,25.0,500,,6a7d9fa47bffe6ebe23a3f6e,10.1021/acs.iecr.8b01005,True,True,100.0,0.10348677820241649,,,,,3.175410089053095,,,,,,,,,
6a7d9fab7bffe6ebe23a4066,,0.0,1000.0,10.0,,,Degussa,Printex-U,100.0,0.01,0.1,1:10,0.11,0.0,5,25.0,500,,6a7d9fa47bffe6ebe23a3f6e,10.1021/acs.iecr.8b01005,True,True,150.0,0.3703737325139116,,,,,6.797447326137672,,,,,,,,,
6a7d9fab7bffe6ebe23a4066,,0.0,1000.0,10.0,,,Degussa,Printex-U,100.0,0.01,0.1,1:10,0.11,0.0,5,25.0,500,,6a7d9fa47bffe6ebe23a3f6e,10.1021/acs.iecr.8b01005,True,True,200.0,0.5119872184751131,,,,,9.319256710754452,,,,,,,,,
6a7d9fab7bffe6ebe23a4066,,0.0,1000.0,10.0,,,Degussa,Printex-U,100.0,0.01,0.1,1:10,0.11,0.0,5,25.0,500,,6a7d9fa47bffe6ebe23a3f6e,10.1021/acs.iecr.8b01005,True,True,250.0,0.11438012327635506,,,,,18.82370028776586,,,,,,,,,
6a7d9fab7bffe6ebe23a4066,,0.0,1000.0,10.0,,,Degussa,Printex-U,100.0,0.01,0.1,1:10,0.11,0.0,5,25.0,500,,6a7d9fa47bffe6ebe23a3f6e,10.1021/acs.iecr.8b01005,True,True,300.0,2.0316088562895445,,,,,33.464356067139306,,,,,,,,,
6a7d9fab7bffe6ebe23a4066,,0.0,1000.0,10.0,,,Degussa,Printex-U,100.0,0.01,0.1,1:10,0.11,0.0,5,25.0,500,,6a7d9fa47bffe6ebe23a3f6e,10.1021/acs.iecr.8b01005,True,True,325.0,5.408545829210503,,,,,62.02126017846929,,,,,,,,,
6a7d9fab7bffe6ebe23a4066,,0.0,1000.0,10.0,,,Degussa,Printex-U,100.0,0.01,0.1,1:10,0.11,0.0,5,25.0,500,,6a7d9fa47bffe6ebe23a3f6e,10.1021/acs.iecr.8b01005,True,True,350.0,9.624270372824732,,,,,114.45093001933566,,,,,,,,,
6a7d9fab7bffe6ebe23a4066,,0.0,1000.0,10.0,,,Degussa,Printex-U,100.0,0.01,0.1,1:10,0.11,0.0,5,25.0,500,,6a7d9fa47bffe6ebe23a3f6e,10.1021/acs.iecr.8b01005,True,True,375.0,12.919507257691153,,,,,180.70425475903008,,,,,,,,,
6a7d9fab7bffe6ebe23a4066,,0.0,1000.0,10.0,,,Degussa,Printex-U,100.0,0.01,0.1,1:10,0.11,0.0,5,25.0,500,,6a7d9fa47bffe6ebe23a3f6e,10.1021/acs.iecr.8b01005,True,True,400.0,21.073176045534176,,,,,290.76516671356853,,,,,,,,,
6a7d9fab7bffe6ebe23a4066,,0.0,1000.0,10.0,,,Degussa,Printex-U,100.0,0.01,0.1,1:10,0.11,0.0,5,25.0,500,,6a7d9fa47bffe6ebe23a3f6e,10.1021/acs.iecr.8b01005,True,True,425.0,32.168048003340616,,,,,433.62594068573605,,,,,,,,,
6a7d9fab7bffe6ebe23a4066,,0.0,1000.0,10.0,,,Degussa,Printex-U,100.0,0.01,0.1,1:10,0.11,0.0,5,25.0,500,,6a7d9fa47bffe6ebe23a3f6e,10.1021/acs.iecr.8b01005,True,True,450.0,37.80535407910383,,,,,513.5231801305385,,,,,,,,,
6a7d9fab7bffe6ebe23a4066,,0.0,1000.0,10.0,,,Degussa,Printex-U,100.0,0.01,0.1,1:10,0.11,0.0,5,25.0,500,,6a7d9fa47bffe6ebe23a3f6e,10.1021/acs.iecr.8b01005,True,True,475.0,38.40993473070742,,,,,501.77470746829584,,,,,,,,,
6a7d9fab7bffe6ebe23a4066,,0.0,1000.0,10.0,,,Degussa,Printex-U,100.0,0.01,0.1,1:10,0.11,0.0,5,25.0,500,,6a7d9fa47bffe6ebe23a3f6e,10.1021/acs.iecr.8b01005,True,True,500.0,25.686507684347163,,,,,345.39529225937054,,,,,,,,,
6a7d9fab7bffe6ebe23a4066,,0.0,1000.0,10.0,,,Degussa,Printex-U,100.0,0.01,0.1,1:10,0.11,0.0,5,25.0,500,,6a7d9fa47bffe6ebe23a3f6e,10.1021/acs.iecr.8b01005,True,True,525.0,15.800797029747907,,,,,200.21968245899112,,,,,,,,,
6a7d9fab7bffe6ebe23a4066,,0.0,1000.0,10.0,,,Degussa,Printex-U,100.0,0.01,0.1,1:10,0.11,0.0,5,25.0,500,,6a7d9fa47bffe6ebe23a3f6e,10.1021/acs.iecr.8b01005,True,True,550.0,8.632975971096322,,,,,112.62629471945095,,,,,,,,,
6a7d9fab7bffe6ebe23a4066,,0.0,1000.0,10.0,,,Degussa,Printex-U,100.0,0.01,0.1,1:10,0.11,0.0,5,25.0,500,,6a7d9fa47bffe6ebe23a3f6e,10.1021/acs.iecr.8b01005,True,True,575.0,5.2832723608602095,,,,,64.00384898192611,,,,,,,,,
6a7d9fab7bffe6ebe23a4066,,0.0,1000.0,10.0,,,Degussa,Printex-U,100.0,0.01,0.1,1:10,0.11,0.0,5,25.0,500,,6a7d9fa47bffe6ebe23a3f6e,10.1021/acs.iecr.8b01005,True,True,600.0,2.113308944344084,,,,,27.778029938543373,,,,,,,,,
6a7d9fab7bffe6ebe23a4067,,0.0,2000.0,10.0,,,Degussa,Printex-U,100.0,0.01,0.1,1:10,0.11,0.0,5,25.0,500,,6a7d9fa47bffe6ebe23a3f6e,10.1021/acs.iecr.8b01005,True,True,100.0,0.1878116702286121,,,,,4.598147788355676,,,,,,,,,
6a7d9fab7bffe6ebe23a4067,,0.0,2000.0,10.0,,,Degussa,Printex-U,100.0,0.01,0.1,1:10,0.11,0.0,5,25.0,500,,6a7d9fa47bffe6ebe23a3f6e,10.1021/acs.iecr.8b01005,True,True,150.0,2.078880901496017,,,,,8.490382747231395,,,,,,,,,
6a7d9fab7bffe6ebe23a4067,,0.0,2000.0,10.0,,,Degussa,Printex-U,100.0,0.01,0.1,1:10,0.11,0.0,5,25.0,500,,6a7d9fa47bffe6ebe23a3f6e,10.1021/acs.iecr.8b01005,True,True,200.0,2.4609805064438826,,,,,14.267210672883877,,,,,,,,,
6a7d9fab7bffe6ebe23a4067,,0.0,2000.0,10.0,,,Degussa,Printex-U,100.0,0.01,0.1,1:10,0.11,0.0,5,25.0,500,,6a7d9fa47bffe6ebe23a3f6e,10.1021/acs.iecr.8b01005,True,True,250.0,2.6487921766724947,,,,,22.82883232951233,,,,,,,,,
6a7d9fab7bffe6ebe23a4067,,0.0,2000.0,10.0,,,Degussa,Printex-U,100.0,0.01,0.1,1:10,0.11,0.0,5,25.0,500,,6a7d9fa47bffe6ebe23a3f6e,10.1021/acs.iecr.8b01005,True,True,300.0,5.025581244738034,,,,,56.51836020983096,,,,,,,,,
6a7d9fab7bffe6ebe23a4067,,0.0,2000.0,10.0,,,Degussa,Printex-U,100.0,0.01,0.1,1:10,0.11,0.0,5,25.0,500,,6a7d9fa47bffe6ebe23a3f6e,10.1021/acs.iecr.8b01005,True,True,325.0,10.446214623405218,,,,,108.01113917492388,,,,,,,,,
6a7d9fab7bffe6ebe23a4067,,0.0,2000.0,10.0,,,Degussa,Printex-U,100.0,0.01,0.1,1:10,0.11,0.0,5,25.0,500,,6a7d9fa47bffe6ebe23a3f6e,10.1021/acs.iecr.8b01005,True,True,350.0,15.290460462405282,,,,,178.6542322388446,,,,,,,,,
6a7d9fab7bffe6ebe23a4067,,0.0,2000.0,10.0,,,Degussa,Printex-U,100.0,0.01,0.1,1:10,0.11,0.0,5,25.0,500,,6a7d9fa47bffe6ebe23a3f6e,10.1021/acs.iecr.8b01005,True,True,375.0,24.817045528139364,,,,,290.6417978110226,,,,,,,,,
6a7d9fab7bffe6ebe23a4067,,0.0,2000.0,10.0,,,Degussa,Printex-U,100.0,0.01,0.1,1:10,0.11,0.0,5,25.0,500,,6a7d9fa47bffe6ebe23a3f6e,10.1021/acs.iecr.8b01005,True,True,400.0,35.755456252833355,,,,,445.81309500680004,,,,,,,,,
6a7d9fab7bffe6ebe23a4067,,0.0,2000.0,10.0,,,Degussa,Printex-U,100.0,0.01,0.1,1:10,0.11,0.0,5,25.0,500,,6a7d9fa47bffe6ebe23a3f6e,10.1021/acs.iecr.8b01005,True,True,425.0,45.80014247781878,,,,,555.0288193769834,,,,,,,,,
6a7d9fab7bffe6ebe23a4067,,0.0,2000.0,10.0,,,Degussa,Printex-U,100.0,0.01,0.1,1:10,0.11,0.0,5,25.0,500,,6a7d9fa47bffe6ebe23a3f6e,10.1021/acs.iecr.8b01005,True,True,450.0,45.379185285927065,,,,,567.5798199598472,,,,,,,,,
6a7d9fab7bffe6ebe23a4067,,0.0,2000.0,10.0,,,Degussa,Printex-U,100.0,0.01,0.1,1:10,0.11,0.0,5,25.0,500,,6a7d9fa47bffe6ebe23a3f6e,10.1021/acs.iecr.8b01005,True,True,475.0,36.07926947736545,,,,,428.4308011139175,,,,,,,,,
6a7d9fab7bffe6ebe23a4067,,0.0,2000.0,10.0,,,Degussa,Printex-U,100.0,0.01,0.1,1:10,0.11,0.0,5,25.0,500,,6a7d9fa47bffe6ebe23a3f6e,10.1021/acs.iecr.8b01005,True,True,500.0,19.376983356000256,,,,,255.4044427174406,,,,,,,,,
6a7d9fab7bffe6ebe23a4067,,0.0,2000.0,10.0,,,Degussa,Printex-U,100.0,0.01,0.1,1:10,0.11,0.0,5,25.0,500,,6a7d9fa47bffe6ebe23a3f6e,10.1021/acs.iecr.8b01005,True,True,525.0,14.189495498996175,,,,,158.9340068648403,,,,,,,,,
6a7d9fab7bffe6ebe23a4067,,0.0,2000.0,10.0,,,Degussa,Printex-U,100.0,0.01,0.1,1:10,0.11,0.0,5,25.0,500,,6a7d9fa47bffe6ebe23a3f6e,10.1021/acs.iecr.8b01005,True,True,550.0,7.085033352762125,,,,,95.66737905576062,,,,,,,,,
6a7d9fab7bffe6ebe23a4067,,0.0,2000.0,10.0,,,Degussa,Printex-U,100.0,0.01,0.1,1:10,0.11,0.0,5,25.0,500,,6a7d9fa47bffe6ebe23a3f6e,10.1021/acs.iecr.8b01005,True,True,575.0,6.424454374716662,,,,,55.715303412991375,,,,,,,,,
6a7d9fab7bffe6ebe23a4067,,0.0,2000.0,10.0,,,Degussa,Printex-U,100.0,0.01,0.1,1:10,0.11,0.0,5,25.0,500,,6a7d9fa47bffe6ebe23a3f6e,10.1021/acs.iecr.8b01005,True,True,600.0,3.723852082119033,,,,,28.314228353085934,,,,,,,,,
6a7d9fab7bffe6ebe23a4068,NO TPO,,1000.0,10.0,,,,,,,0.1,,0.1,0.0,10,25.0,500,,6a7d9fa47bffe6ebe23a3f6f,10.1021/acs.iecr.8b01005,True,False,100.0,,,,,,,,12.34727878563497,,,,,,,
6a7d9fab7bffe6ebe23a4068,NO TPO,,1000.0,10.0,,,,,,,0.1,,0.1,0.0,10,25.0,500,,6a7d9fa47bffe6ebe23a3f6f,10.1021/acs.iecr.8b01005,True,False,150.0,,,,,,,,15.163000058457897,,,,,,,
6a7d9fab7bffe6ebe23a4068,NO TPO,,1000.0,10.0,,,,,,,0.1,,0.1,0.0,10,25.0,500,,6a7d9fa47bffe6ebe23a3f6f,10.1021/acs.iecr.8b01005,True,False,200.0,,,,,,,,16.62444708587465,,,,,,,
6a7d9fab7bffe6ebe23a4068,NO TPO,,1000.0,10.0,,,,,,,0.1,,0.1,0.0,10,25.0,500,,6a7d9fa47bffe6ebe23a3f6f,10.1021/acs.iecr.8b01005,True,False,250.0,,,,,,,,20.5508680995343,,,,,,,
6a7d9fab7bffe6ebe23a4068,NO TPO,,1000.0,10.0,,,,,,,0.1,,0.1,0.0,10,25.0,500,,6a7d9fa47bffe6ebe23a3f6f,10.1021/acs.iecr.8b01005,True,False,300.0,,,,,,,,23.590677916561134,,,,,,,
6a7d9fab7bffe6ebe23a4068,NO TPO,,1000.0,10.0,,,,,,,0.1,,0.1,0.0,10,25.0,500,,6a7d9fa47bffe6ebe23a3f6f,10.1021/acs.iecr.8b01005,True,False,350.0,,,,,,,,27.707087043784966,,,,,,,
6a7d9fab7bffe6ebe23a4068,NO TPO,,1000.0,10.0,,,,,,,0.1,,0.1,0.0,10,25.0,500,,6a7d9fa47bffe6ebe23a3f6f,10.1021/acs.iecr.8b01005,True,False,375.0,,,,,,,,46.37950856407959,,,,,,,
6a7d9fab7bffe6ebe23a4068,NO TPO,,1000.0,10.0,,,,,,,0.1,,0.1,0.0,10,25.0,500,,6a7d9fa47bffe6ebe23a3f6f,10.1021/acs.iecr.8b01005,True,False,400.0,,,,,,,,102.65983358989848,,,,,,,
6a7d9fab7bffe6ebe23a4068,NO TPO,,1000.0,10.0,,,,,,,0.1,,0.1,0.0,10,25.0,500,,6a7d9fa47bffe6ebe23a3f6f,10.1021/acs.iecr.8b01005,True,False,425.0,,,,,,,,197.42980182778314,,,,,,,
6a7d9fab7bffe6ebe23a4068,NO TPO,,1000.0,10.0,,,,,,,0.1,,0.1,0.0,10,25.0,500,,6a7d9fa47bffe6ebe23a3f6f,10.1021/acs.iecr.8b01005,True,False,450.0,,,,,,,,276.18718213527154,,,,,,,
6a7d9fab7bffe6ebe23a4068,NO TPO,,1000.0,10.0,,,,,,,0.1,,0.1,0.0,10,25.0,500,,6a7d9fa47bffe6ebe23a3f6f,10.1021/acs.iecr.8b01005,True,False,475.0,,,,,,,,241.11732496736104,,,,,,,
6a7d9fab7bffe6ebe23a4068,NO TPO,,1000.0,10.0,,,,,,,0.1,,0.1,0.0,10,25.0,500,,6a7d9fa47bffe6ebe23a3f6f,10.1021/acs.iecr.8b01005,True,False,500.0,,,,,,,,190.30768331417218,,,,,,,
6a7d9fab7bffe6ebe23a4068,NO TPO,,1000.0,10.0,,,,,,,0.1,,0.1,0.0,10,25.0,500,,6a7d9fa47bffe6ebe23a3f6f,10.1021/acs.iecr.8b01005,True,False,525.0,,,,,,,,161.59024922543313,,,,,,,
6a7d9fab7bffe6ebe23a4068,NO TPO,,1000.0,10.0,,,,,,,0.1,,0.1,0.0,10,25.0,500,,6a7d9fa47bffe6ebe23a3f6f,10.1021/acs.iecr.8b01005,True,False,550.0,,,,,,,,132.43438102846898,,,,,,,
6a7d9fab7bffe6ebe23a4068,NO TPO,,1000.0,10.0,,,,,,,0.1,,0.1,0.0,10,25.0,500,,6a7d9fa47bffe6ebe23a3f6f,10.1021/acs.iecr.8b01005,True,False,575.0,,,,,,,,104.34536916151913,,,,,,,
6a7d9fab7bffe6ebe23a4068,NO TPO,,1000.0,10.0,,,,,,,0.1,,0.1,0.0,10,25.0,500,,6a7d9fa47bffe6ebe23a3f6f,10.1021/acs.iecr.8b01005,True,False,600.0,,,,,,,,88.6786570276116,,,,,,,
6a7d9fab7bffe6ebe23a4068,NO TPO,,1000.0,10.0,,,,,,,0.1,,0.1,0.0,10,25.0,500,,6a7d9fa47bffe6ebe23a3f6f,10.1021/acs.iecr.8b01005,True,False,625.0,,,,,,,,73.35782069019272,,,,,,,
6a7d9fab7bffe6ebe23a4069,,0.0,,10.0,,,Degussa,Printex-U,100.0,0.01,0.1,1:10,0.11,0.0,5,25.0,500,,6a7d9fa47bffe6ebe23a3f6f,10.1021/acs.iecr.8b01005,False,True,100.0,0.06746283520596241,,,,,0.7276348654357375,,,,,,,,,
6a7d9fab7bffe6ebe23a4069,,0.0,,10.0,,,Degussa,Printex-U,100.0,0.01,0.1,1:10,0.11,0.0,5,25.0,500,,6a7d9fa47bffe6ebe23a3f6f,10.1021/acs.iecr.8b01005,False,True,150.0,0.6890846738894733,,,,,1.5130950181908713,,,,,,,,,
6a7d9fab7bffe6ebe23a4069,,0.0,,10.0,,,Degussa,Printex-U,100.0,0.01,0.1,1:10,0.11,0.0,5,25.0,500,,6a7d9fa47bffe6ebe23a3f6f,10.1021/acs.iecr.8b01005,False,True,200.0,1.0360363978058513,,,,,1.1950559379341914,,,,,,,,,
6a7d9fab7bffe6ebe23a4069,,0.0,,10.0,,,Degussa,Printex-U,100.0,0.01,0.1,1:10,0.11,0.0,5,25.0,500,,6a7d9fa47bffe6ebe23a3f6f,10.1021/acs.iecr.8b01005,False,True,250.0,0.7276348654357375,,,,,5.377751720703861,,,,,,,,,
6a7d9fab7bffe6ebe23a4069,,0.0,,10.0,,,Degussa,Printex-U,100.0,0.01,0.1,1:10,0.11,0.0,5,25.0,500,,6a7d9fa47bffe6ebe23a3f6f,10.1021/acs.iecr.8b01005,False,True,300.0,1.8166777766177022,,,,,6.2884999959843535,,,,,,,,,
6a7d9fab7bffe6ebe23a4069,,0.0,,10.0,,,Degussa,Printex-U,100.0,0.01,0.1,1:10,0.11,0.0,5,25.0,500,,6a7d9fa47bffe6ebe23a3f6f,10.1021/acs.iecr.8b01005,False,True,350.0,2.553950189940006,,,,,9.78211110486455,,,,,,,,,
6a7d9fab7bffe6ebe23a4069,,0.0,,10.0,,,Degussa,Printex-U,100.0,0.01,0.1,1:10,0.11,0.0,5,25.0,500,,6a7d9fa47bffe6ebe23a3f6f,10.1021/acs.iecr.8b01005,False,True,400.0,4.336896548954726,,,,,14.215383132684938,,,,,,,,,
6a7d9fab7bffe6ebe23a4069,,0.0,,10.0,,,Degussa,Printex-U,100.0,0.01,0.1,1:10,0.11,0.0,5,25.0,500,,6a7d9fa47bffe6ebe23a3f6f,10.1021/acs.iecr.8b01005,False,True,425.0,6.702914555106695,,,,,20.479789258952877,,,,,,,,,
6a7d9fab7bffe6ebe23a4069,,0.0,,10.0,,,Degussa,Printex-U,100.0,0.01,0.1,1:10,0.11,0.0,5,25.0,500,,6a7d9fa47bffe6ebe23a3f6f,10.1021/acs.iecr.8b01005,False,True,450.0,12.013203440604594,,,,,36.10707315701974,,,,,,,,,
6a7d9fab7bffe6ebe23a4069,,0.0,,10.0,,,Degussa,Printex-U,100.0,0.01,0.1,1:10,0.11,0.0,5,25.0,500,,6a7d9fa47bffe6ebe23a3f6f,10.1021/acs.iecr.8b01005,False,True,475.0,21.6652076490005,,,,,62.31638463453614,,,,,,,,,
6a7d9fab7bffe6ebe23a4069,,0.0,,10.0,,,Degussa,Printex-U,100.0,0.01,0.1,1:10,0.11,0.0,5,25.0,500,,6a7d9fa47bffe6ebe23a3f6f,10.1021/acs.iecr.8b01005,False,True,500.0,34.61807200854528,,,,,103.59400223269857,,,,,,,,,
6a7d9fab7bffe6ebe23a4069,,0.0,,10.0,,,Degussa,Printex-U,100.0,0.01,0.1,1:10,0.11,0.0,5,25.0,500,,6a7d9fa47bffe6ebe23a3f6f,10.1021/acs.iecr.8b01005,False,True,525.0,35.04694288949747,,,,,169.15824050500754,,,,,,,,,
6a7d9fab7bffe6ebe23a4069,,0.0,,10.0,,,Degussa,Printex-U,100.0,0.01,0.1,1:10,0.11,0.0,5,25.0,500,,6a7d9fa47bffe6ebe23a3f6f,10.1021/acs.iecr.8b01005,False,True,550.0,44.351995373977005,,,,,213.82345618529794,,,,,,,,,
6a7d9fab7bffe6ebe23a4069,,0.0,,10.0,,,Degussa,Printex-U,100.0,0.01,0.1,1:10,0.11,0.0,5,25.0,500,,6a7d9fa47bffe6ebe23a3f6f,10.1021/acs.iecr.8b01005,False,True,575.0,34.59879691277215,,,,,166.54646502774813,,,,,,,,,
6a7d9fab7bffe6ebe23a4069,,0.0,,10.0,,,Degussa,Printex-U,100.0,0.01,0.1,1:10,0.11,0.0,5,25.0,500,,6a7d9fa47bffe6ebe23a3f6f,10.1021/acs.iecr.8b01005,False,True,600.0,22.161541365158655,,,,,110.41256736244407,,,,,,,,,
6a7d9fab7bffe6ebe23a4069,,0.0,,10.0,,,Degussa,Printex-U,100.0,0.01,0.1,1:10,0.11,0.0,5,25.0,500,,6a7d9fa47bffe6ebe23a3f6f,10.1021/acs.iecr.8b01005,False,True,625.0,12.736019532097048,,,,,62.976556664765916,,,,,,,,,
6a7d9fab7bffe6ebe23a4069,,0.0,,10.0,,,Degussa,Printex-U,100.0,0.01,0.1,1:10,0.11,0.0,5,25.0,500,,6a7d9fa47bffe6ebe23a3f6f,10.1021/acs.iecr.8b01005,False,True,650.0,8.418398078915454,,,,,44.573658975368026,,,,,,,,,
6a7d9fab7bffe6ebe23a406a,,0.0,1000.0,10.0,,,Degussa,Printex-U,100.0,0.01,0.1,1:10,0.11,0.0,5,25.0,500,,6a7d9fa47bffe6ebe23a3f6f,10.1021/acs.iecr.8b01005,True,True,100.0,0.2777802993854337,,,,,2.385642571192548,,,,,,,,,
6a7d9fab7bffe6ebe23a406a,,0.0,1000.0,10.0,,,Degussa,Printex-U,100.0,0.01,0.1,1:10,0.11,0.0,5,25.0,500,,6a7d9fa47bffe6ebe23a3f6f,10.1021/acs.iecr.8b01005,True,True,150.0,0.41394711280966595,,,,,2.723336268484644,,,,,,,,,
6a7d9fab7bffe6ebe23a406a,,0.0,1000.0,10.0,,,Degussa,Printex-U,100.0,0.01,0.1,1:10,0.11,0.0,5,25.0,500,,6a7d9fa47bffe6ebe23a3f6f,10.1021/acs.iecr.8b01005,True,True,200.0,0.7516408101017618,,,,,6.96629417478372,,,,,,,,,
6a7d9fab7bffe6ebe23a406a,,0.0,1000.0,10.0,,,Degussa,Printex-U,100.0,0.01,0.1,1:10,0.11,0.0,5,25.0,500,,6a7d9fa47bffe6ebe23a3f6f,10.1021/acs.iecr.8b01005,True,True,250.0,1.361668134242322,,,,,10.09813088354106,,,,,,,,,
6a7d9fab7bffe6ebe23a406a,,0.0,1000.0,10.0,,,Degussa,Printex-U,100.0,0.01,0.1,1:10,0.11,0.0,5,25.0,500,,6a7d9fa47bffe6ebe23a3f6f,10.1021/acs.iecr.8b01005,True,True,300.0,1.7265951942192646,,,,,15.00558283935039,,,,,,,,,
6a7d9fab7bffe6ebe23a406a,,0.0,1000.0,10.0,,,Degussa,Printex-U,100.0,0.01,0.1,1:10,0.11,0.0,5,25.0,500,,6a7d9fa47bffe6ebe23a3f6f,10.1021/acs.iecr.8b01005,True,True,350.0,3.8616908287112257,,,,,24.1723327190697,,,,,,,,,
6a7d9fab7bffe6ebe23a406a,,0.0,1000.0,10.0,,,Degussa,Printex-U,100.0,0.01,0.1,1:10,0.11,0.0,5,25.0,500,,6a7d9fa47bffe6ebe23a3f6f,10.1021/acs.iecr.8b01005,True,True,375.0,3.5022104412712527,,,,,32.6146751513721,,,,,,,,,
6a7d9fab7bffe6ebe23a406a,,0.0,1000.0,10.0,,,Degussa,Printex-U,100.0,0.01,0.1,1:10,0.11,0.0,5,25.0,500,,6a7d9fa47bffe6ebe23a3f6f,10.1021/acs.iecr.8b01005,True,True,400.0,6.290906780199528,,,,,44.728074873591794,,,,,,,,,
6a7d9fab7bffe6ebe23a406a,,0.0,1000.0,10.0,,,Degussa,Printex-U,100.0,0.01,0.1,1:10,0.11,0.0,5,25.0,500,,6a7d9fa47bffe6ebe23a3f6f,10.1021/acs.iecr.8b01005,True,True,425.0,12.184206465200297,,,,,84.52691110122639,,,,,,,,,
6a7d9fab7bffe6ebe23a406a,,0.0,1000.0,10.0,,,Degussa,Printex-U,100.0,0.01,0.1,1:10,0.11,0.0,5,25.0,500,,6a7d9fa47bffe6ebe23a3f6f,10.1021/acs.iecr.8b01005,True,True,450.0,20.909775869425097,,,,,139.76161729863193,,,,,,,,,
6a7d9fab7bffe6ebe23a406a,,0.0,1000.0,10.0,,,Degussa,Printex-U,100.0,0.01,0.1,1:10,0.11,0.0,5,25.0,500,,6a7d9fa47bffe6ebe23a3f6f,10.1021/acs.iecr.8b01005,True,True,475.0,36.841293040060265,,,,,233.4552782795777,,,,,,,,,
6a7d9fab7bffe6ebe23a406a,,0.0,1000.0,10.0,,,Degussa,Printex-U,100.0,0.01,0.1,1:10,0.11,0.0,5,25.0,500,,6a7d9fa47bffe6ebe23a3f6f,10.1021/acs.iecr.8b01005,True,True,500.0,55.20747283472071,,,,,373.1896622155248,,,,,,,,,
6a7d9fab7bffe6ebe23a406a,,0.0,1000.0,10.0,,,Degussa,Printex-U,100.0,0.01,0.1,1:10,0.11,0.0,5,25.0,500,,6a7d9fa47bffe6ebe23a3f6f,10.1021/acs.iecr.8b01005,True,True,525.0,61.04085912181482,,,,,416.52338891965246,,,,,,,,,
6a7d9fab7bffe6ebe23a406a,,0.0,1000.0,10.0,,,Degussa,Printex-U,100.0,0.01,0.1,1:10,0.11,0.0,5,25.0,500,,6a7d9fa47bffe6ebe23a3f6f,10.1021/acs.iecr.8b01005,True,True,550.0,40.39252353416424,,,,,275.4981435924436,,,,,,,,,
6a7d9fab7bffe6ebe23a406a,,0.0,1000.0,10.0,,,Degussa,Printex-U,100.0,0.01,0.1,1:10,0.11,0.0,5,25.0,500,,6a7d9fa47bffe6ebe23a3f6f,10.1021/acs.iecr.8b01005,True,True,575.0,19.760527964124577,,,,,140.73657168274946,,,,,,,,,
6a7d9fab7bffe6ebe23a406a,,0.0,1000.0,10.0,,,Degussa,Printex-U,100.0,0.01,0.1,1:10,0.11,0.0,5,25.0,500,,6a7d9fa47bffe6ebe23a3f6f,10.1021/acs.iecr.8b01005,True,True,600.0,8.589402590800567,,,,,67.25006581395981,,,,,,,,,
6a7d9fab7bffe6ebe23a406a,,0.0,1000.0,10.0,,,Degussa,Printex-U,100.0,0.01,0.1,1:10,0.11,0.0,5,25.0,500,,6a7d9fa47bffe6ebe23a3f6f,10.1021/acs.iecr.8b01005,True,True,625.0,2.587169455060412,,,,,25.81722782523443,,,,,,,,,
6a7d9fab7bffe6ebe23a406b,,0.0,2000.0,10.0,,,Degussa,Printex-U,100.0,0.01,0.1,1:10,0.11,0.0,5,25.0,500,,6a7d9fa47bffe6ebe23a3f6f,10.1021/acs.iecr.8b01005,True,True,100.0,0.012952528981283592,,,,,3.9246162813289285,,,,,,,,,
6a7d9fab7bffe6ebe23a406b,,0.0,2000.0,10.0,,,Degussa,Printex-U,100.0,0.01,0.1,1:10,0.11,0.0,5,25.0,500,,6a7d9fa47bffe6ebe23a3f6f,10.1021/acs.iecr.8b01005,True,True,150.0,1.0685836409558964,,,,,4.999676186775467,,,,,,,,,
6a7d9fab7bffe6ebe23a406b,,0.0,2000.0,10.0,,,Degussa,Printex-U,100.0,0.01,0.1,1:10,0.11,0.0,5,25.0,500,,6a7d9fa47bffe6ebe23a3f6f,10.1021/acs.iecr.8b01005,True,True,200.0,0.45981477883556754,,,,,7.635515834466678,,,,,,,,,
6a7d9fab7bffe6ebe23a406b,,0.0,2000.0,10.0,,,Degussa,Printex-U,100.0,0.01,0.1,1:10,0.11,0.0,5,25.0,500,,6a7d9fa47bffe6ebe23a3f6f,10.1021/acs.iecr.8b01005,True,True,250.0,2.137167281911793,,,,,12.505666731429308,,,,,,,,,
6a7d9fab7bffe6ebe23a406b,,0.0,2000.0,10.0,,,Degussa,Printex-U,100.0,0.01,0.1,1:10,0.11,0.0,5,25.0,500,,6a7d9fa47bffe6ebe23a3f6f,10.1021/acs.iecr.8b01005,True,True,300.0,2.072404637005375,,,,,15.951039440450744,,,,,,,,,
6a7d9fab7bffe6ebe23a406b,,0.0,2000.0,10.0,,,Degussa,Printex-U,100.0,0.01,0.1,1:10,0.11,0.0,5,25.0,500,,6a7d9fa47bffe6ebe23a3f6f,10.1021/acs.iecr.8b01005,True,True,325.0,2.571077002784793,,,,,19.68136778706042,,,,,,,,,
6a7d9fab7bffe6ebe23a406b,,0.0,2000.0,10.0,,,Degussa,Printex-U,100.0,0.01,0.1,1:10,0.11,0.0,5,25.0,500,,6a7d9fa47bffe6ebe23a3f6f,10.1021/acs.iecr.8b01005,True,True,350.0,3.529564147399779,,,,,28.022796451007054,,,,,,,,,
6a7d9fab7bffe6ebe23a406b,,0.0,2000.0,10.0,,,Degussa,Printex-U,100.0,0.01,0.1,1:10,0.11,0.0,5,25.0,500,,6a7d9fa47bffe6ebe23a3f6f,10.1021/acs.iecr.8b01005,True,True,375.0,3.9051874878570034,,,,,37.834337154329376,,,,,,,,,
6a7d9fab7bffe6ebe23a406b,,0.0,2000.0,10.0,,,Degussa,Printex-U,100.0,0.01,0.1,1:10,0.11,0.0,5,25.0,500,,6a7d9fa47bffe6ebe23a3f6f,10.1021/acs.iecr.8b01005,True,True,400.0,6.087688621203289,,,,,50.4047665306651,,,,,,,,,
6a7d9fab7bffe6ebe23a406b,,0.0,2000.0,10.0,,,Degussa,Printex-U,100.0,0.01,0.1,1:10,0.11,0.0,5,25.0,500,,6a7d9fa47bffe6ebe23a3f6f,10.1021/acs.iecr.8b01005,True,True,425.0,10.368499449517516,,,,,87.99300563435008,,,,,,,,,
6a7d9fab7bffe6ebe23a406b,,0.0,2000.0,10.0,,,Degussa,Printex-U,100.0,0.01,0.1,1:10,0.11,0.0,5,25.0,500,,6a7d9fa47bffe6ebe23a3f6f,10.1021/acs.iecr.8b01005,True,True,450.0,18.541545236707464,,,,,148.06035878505276,,,,,,,,,
6a7d9fab7bffe6ebe23a406b,,0.0,2000.0,10.0,,,Degussa,Printex-U,100.0,0.01,0.1,1:10,0.11,0.0,5,25.0,500,,6a7d9fa47bffe6ebe23a3f6f,10.1021/acs.iecr.8b01005,True,True,475.0,30.42549057703516,,,,,247.0824428469659,,,,,,,,,
6a7d9fab7bffe6ebe23a406b,,0.0,2000.0,10.0,,,Degussa,Printex-U,100.0,0.01,0.1,1:10,0.11,0.0,5,25.0,500,,6a7d9fa47bffe6ebe23a3f6f,10.1021/acs.iecr.8b01005,True,True,500.0,47.34796969108217,,,,,392.80487015089693,,,,,,,,,
6a7d9fab7bffe6ebe23a406b,,0.0,2000.0,10.0,,,Degussa,Printex-U,100.0,0.01,0.1,1:10,0.11,0.0,5,25.0,500,,6a7d9fa47bffe6ebe23a3f6f,10.1021/acs.iecr.8b01005,True,True,525.0,52.360598406838925,,,,,437.1025192668868,,,,,,,,,
6a7d9fab7bffe6ebe23a406b,,0.0,2000.0,10.0,,,Degussa,Printex-U,100.0,0.01,0.1,1:10,0.11,0.0,5,25.0,500,,6a7d9fa47bffe6ebe23a3f6f,10.1021/acs.iecr.8b01005,True,True,550.0,34.589728644517834,,,,,292.40334175247716,,,,,,,,,
6a7d9fab7bffe6ebe23a406b,,0.0,2000.0,10.0,,,Degussa,Printex-U,100.0,0.01,0.1,1:10,0.11,0.0,5,25.0,500,,6a7d9fa47bffe6ebe23a3f6f,10.1021/acs.iecr.8b01005,True,True,575.0,16.495045657664654,,,,,148.27407551324393,,,,,,,,,
6a7d9fab7bffe6ebe23a406b,,0.0,2000.0,10.0,,,Degussa,Printex-U,100.0,0.01,0.1,1:10,0.11,0.0,5,25.0,500,,6a7d9fa47bffe6ebe23a3f6f,10.1021/acs.iecr.8b01005,True,True,600.0,9.125056667314292,,,,,71.21948060358784,,,,,,,,,
6a7d9fab7bffe6ebe23a406b,,0.0,2000.0,10.0,,,Degussa,Printex-U,100.0,0.01,0.1,1:10,0.11,0.0,5,25.0,500,,6a7d9fa47bffe6ebe23a3f6f,10.1021/acs.iecr.8b01005,True,True,625.0,3.3287999481898836,,,,,26.015154458908096,,,,,,,,,
6a7d9fab7bffe6ebe23a406c,,0.0,2000.0,10.0,,,Degussa,Printex-U,,0.01,0.1,1:10,0.11,0.1,2,100.0,100,,6a7d9fa47bffe6ebe23a3f70,10.1016/j.joei.2024.101560,True,True,126.22130143791256,,0.2769953490983614,,,,,,,,,98.7,,,,
6a7d9fab7bffe6ebe23a406c,,0.0,2000.0,10.0,,,Degussa,Printex-U,,0.01,0.1,1:10,0.11,0.1,2,100.0,100,,6a7d9fa47bffe6ebe23a3f70,10.1016/j.joei.2024.101560,True,True,160.78896496484163,,0.45105323738314246,,,,,,,,,98.7,,,,
6a7d9fab7bffe6ebe23a406c,,0.0,2000.0,10.0,,,Degussa,Printex-U,,0.01,0.1,1:10,0.11,0.1,2,100.0,100,,6a7d9fa47bffe6ebe23a3f70,10.1016/j.joei.2024.101560,True,True,198.81547431088796,,0.5137515089695959,,,,,,,,,98.7,,,,
6a7d9fab7bffe6ebe23a406c,,0.0,2000.0,10.0,,,Degussa,Printex-U,,0.01,0.1,1:10,0.11,0.1,2,100.0,100,,6a7d9fa47bffe6ebe23a3f70,10.1016/j.joei.2024.101560,True,True,243.34378201030498,,1.8753333770037708,,,,,,,,,98.7,,,,
6a7d9fab7bffe6ebe23a406c,,0.0,2000.0,10.0,,,Degussa,Printex-U,,0.01,0.1,1:10,0.11,0.1,2,100.0,100,,6a7d9fa47bffe6ebe23a3f70,10.1016/j.joei.2024.101560,True,True,288.9291518087507,,8.669205790700065,,,,,,,,,98.7,,,,
6a7d9fab7bffe6ebe23a406c,,0.0,2000.0,10.0,,,Degussa,Printex-U,,0.01,0.1,1:10,0.11,0.1,2,100.0,100,,6a7d9fa47bffe6ebe23a3f70,10.1016/j.joei.2024.101560,True,True,310.0981200083179,,21.100307876587337,,,,,,,,,98.7,,,,
6a7d9fab7bffe6ebe23a406c,,0.0,2000.0,10.0,,,Degussa,Printex-U,,0.01,0.1,1:10,0.11,0.1,2,100.0,100,,6a7d9fa47bffe6ebe23a3f70,10.1016/j.joei.2024.101560,True,True,322.0134626196656,,34.51118743040024,,,,,,,,,98.7,,,,
6a7d9fab7bffe6ebe23a406c,,0.0,2000.0,10.0,,,Degussa,Printex-U,,0.01,0.1,1:10,0.11,0.1,2,100.0,100,,6a7d9fa47bffe6ebe23a3f70,10.1016/j.joei.2024.101560,True,True,335.41908950177515,,50.96620843900019,,,,,,,,,98.7,,,,
6a7d9fab7bffe6ebe23a406c,,0.0,2000.0,10.0,,,Degussa,Printex-U,,0.01,0.1,1:10,0.11,0.1,2,100.0,100,,6a7d9fa47bffe6ebe23a3f70,10.1016/j.joei.2024.101560,True,True,345.7228456342758,,66.80828365821019,,,,,,,,,98.7,,,,
6a7d9fab7bffe6ebe23a406c,,0.0,2000.0,10.0,,,Degussa,Printex-U,,0.01,0.1,1:10,0.11,0.1,2,100.0,100,,6a7d9fa47bffe6ebe23a3f70,10.1016/j.joei.2024.101560,True,True,358.2100415123112,,81.87364894582682,,,,,,,,,98.7,,,,
6a7d9fab7bffe6ebe23a406c,,0.0,2000.0,10.0,,,Degussa,Printex-U,,0.01,0.1,1:10,0.11,0.1,2,100.0,100,,6a7d9fa47bffe6ebe23a3f70,10.1016/j.joei.2024.101560,True,True,369.8342588242542,,91.60498217310338,,,,,,,,,98.7,,,,
6a7d9fab7bffe6ebe23a406c,,0.0,2000.0,10.0,,,Degussa,Printex-U,,0.01,0.1,1:10,0.11,0.1,2,100.0,100,,6a7d9fa47bffe6ebe23a3f70,10.1016/j.joei.2024.101560,True,True,379.8711500989672,,97.12243007271128,,,,,,,,,98.7,,,,
6a7d9fab7bffe6ebe23a406c,,0.0,2000.0,10.0,,,Degussa,Printex-U,,0.01,0.1,1:10,0.11,0.1,2,100.0,100,,6a7d9fa47bffe6ebe23a3f70,10.1016/j.joei.2024.101560,True,True,398.3784012754061,,99.17462872329475,,,,,,,,,98.7,,,,
6a7d9fab7bffe6ebe23a406c,,0.0,2000.0,10.0,,,Degussa,Printex-U,,0.01,0.1,1:10,0.11,0.1,2,100.0,100,,6a7d9fa47bffe6ebe23a3f70,10.1016/j.joei.2024.101560,True,True,419.6166850224506,,99.68931602736265,,,,,,,,,98.7,,,,
6a7d9fab7bffe6ebe23a406d,,0.0,2000.0,10.0,,,Degussa,Printex-U,,0.01,0.1,1:10,0.11,0.1,2,100.0,100,,6a7d9fa57bffe6ebe23a3f71,10.1016/j.joei.2024.101560,True,True,149.89602667878407,,0.2124254873152974,,,,,,,,,98.4,,,,
6a7d9fab7bffe6ebe23a406d,,0.0,2000.0,10.0,,,Degussa,Printex-U,,0.01,0.1,1:10,0.11,0.1,2,100.0,100,,6a7d9fa57bffe6ebe23a3f71,10.1016/j.joei.2024.101560,True,True,176.7627328809852,,0.6410196423391132,,,,,,,,,98.4,,,,
6a7d9fab7bffe6ebe23a406d,,0.0,2000.0,10.0,,,Degussa,Printex-U,,0.01,0.1,1:10,0.11,0.1,2,100.0,100,,6a7d9fa57bffe6ebe23a3f71,10.1016/j.joei.2024.101560,True,True,210.12084010443544,,0.8291144570984735,,,,,,,,,98.4,,,,
6a7d9fab7bffe6ebe23a406d,,0.0,2000.0,10.0,,,Degussa,Printex-U,,0.01,0.1,1:10,0.11,0.1,2,100.0,100,,6a7d9fa57bffe6ebe23a3f71,10.1016/j.joei.2024.101560,True,True,245.89805993484345,,2.1308054388411106,,,,,,,,,98.4,,,,
6a7d9fab7bffe6ebe23a406d,,0.0,2000.0,10.0,,,Degussa,Printex-U,,0.01,0.1,1:10,0.11,0.1,2,100.0,100,,6a7d9fa57bffe6ebe23a3f71,10.1016/j.joei.2024.101560,True,True,285.75449973429045,,6.4869316214521655,,,,,,,,,98.4,,,,
6a7d9fab7bffe6ebe23a406d,,0.0,2000.0,10.0,,,Degussa,Printex-U,,0.01,0.1,1:10,0.11,0.1,2,100.0,100,,6a7d9fa57bffe6ebe23a3f71,10.1016/j.joei.2024.101560,True,True,320.80737209356056,,14.260581503074084,,,,,,,,,98.4,,,,
6a7d9fab7bffe6ebe23a406d,,0.0,2000.0,10.0,,,Degussa,Printex-U,,0.01,0.1,1:10,0.11,0.1,2,100.0,100,,6a7d9fa57bffe6ebe23a3f71,10.1016/j.joei.2024.101560,True,True,341.85850386241634,,26.5204330859715,,,,,,,,,98.4,,,,
6a7d9fab7bffe6ebe23a406d,,0.0,2000.0,10.0,,,Degussa,Printex-U,,0.01,0.1,1:10,0.11,0.1,2,100.0,100,,6a7d9fa57bffe6ebe23a3f71,10.1016/j.joei.2024.101560,True,True,351.73943515530533,,37.34664657826522,,,,,,,,,98.4,,,,
6a7d9fab7bffe6ebe23a406d,,0.0,2000.0,10.0,,,Degussa,Printex-U,,0.01,0.1,1:10,0.11,0.1,2,100.0,100,,6a7d9fa57bffe6ebe23a3f71,10.1016/j.joei.2024.101560,True,True,360.0503692978334,,49.93309065047117,,,,,,,,,98.4,,,,
6a7d9fab7bffe6ebe23a406d,,0.0,2000.0,10.0,,,Degussa,Printex-U,,0.01,0.1,1:10,0.11,0.1,2,100.0,100,,6a7d9fa57bffe6ebe23a3f71,10.1016/j.joei.2024.101560,True,True,369.200021564837,,63.79689503186382,,,,,,,,,98.4,,,,
6a7d9fab7bffe6ebe23a406d,,0.0,2000.0,10.0,,,Degussa,Printex-U,,0.01,0.1,1:10,0.11,0.1,2,100.0,100,,6a7d9fa57bffe6ebe23a3f71,10.1016/j.joei.2024.101560,True,True,380.53311357737533,,76.39176125995452,,,,,,,,,98.4,,,,
6a7d9fab7bffe6ebe23a406d,,0.0,2000.0,10.0,,,Degussa,Printex-U,,0.01,0.1,1:10,0.11,0.1,2,100.0,100,,6a7d9fa57bffe6ebe23a3f71,10.1016/j.joei.2024.101560,True,True,389.8733835999414,,86.11373653624803,,,,,,,,,98.4,,,,
6a7d9fab7bffe6ebe23a406d,,0.0,2000.0,10.0,,,Degussa,Printex-U,,0.01,0.1,1:10,0.11,0.1,2,100.0,100,,6a7d9fa57bffe6ebe23a3f71,10.1016/j.joei.2024.101560,True,True,396.9401036652521,,92.50521705767305,,,,,,,,,98.4,,,,
6a7d9fab7bffe6ebe23a406d,,0.0,2000.0,10.0,,,Degussa,Printex-U,,0.01,0.1,1:10,0.11,0.1,2,100.0,100,,6a7d9fa57bffe6ebe23a3f71,10.1016/j.joei.2024.101560,True,True,409.5208755323819,,97.66519122972834,,,,,,,,,98.4,,,,
6a7d9fab7bffe6ebe23a406d,,0.0,2000.0,10.0,,,Degussa,Printex-U,,0.01,0.1,1:10,0.11,0.1,2,100.0,100,,6a7d9fa57bffe6ebe23a3f71,10.1016/j.joei.2024.101560,True,True,428.64503508136863,,99.50964336848803,,,,,,,,,98.4,,,,
6a7d9fab7bffe6ebe23a406e,,0.0,2000.0,10.0,,,Degussa,Printex-U,,0.01,0.1,1:10,0.11,0.1,2,100.0,100,,6a7d9fa57bffe6ebe23a3f72,10.1016/j.joei.2024.101560,True,True,149.2548578646191,,0.37712542461702575,,,,,,,,,99.1,,,,
6a7d9fab7bffe6ebe23a406e,,0.0,2000.0,10.0,,,Degussa,Printex-U,,0.01,0.1,1:10,0.11,0.1,2,100.0,100,,6a7d9fa57bffe6ebe23a3f72,10.1016/j.joei.2024.101560,True,True,184.30426444651536,,1.3905915160816384,,,,,,,,,99.1,,,,
6a7d9fab7bffe6ebe23a406e,,0.0,2000.0,10.0,,,Degussa,Printex-U,,0.01,0.1,1:10,0.11,0.1,2,100.0,100,,6a7d9fa57bffe6ebe23a3f72,10.1016/j.joei.2024.101560,True,True,224.33745889202953,,2.6099325291734115,,,,,,,,,99.1,,,,
6a7d9fab7bffe6ebe23a406e,,0.0,2000.0,10.0,,,Degussa,Printex-U,,0.01,0.1,1:10,0.11,0.1,2,100.0,100,,6a7d9fa57bffe6ebe23a3f72,10.1016/j.joei.2024.101560,True,True,264.3290640090572,,5.016797522014579,,,,,,,,,99.1,,,,
6a7d9fab7bffe6ebe23a406e,,0.0,2000.0,10.0,,,Degussa,Printex-U,,0.01,0.1,1:10,0.11,0.1,2,100.0,100,,6a7d9fa57bffe6ebe23a3f72,10.1016/j.joei.2024.101560,True,True,298.4357791452623,,14.828609127745384,,,,,,,,,99.1,,,,
6a7d9fab7bffe6ebe23a406e,,0.0,2000.0,10.0,,,Degussa,Printex-U,,0.01,0.1,1:10,0.11,0.1,2,100.0,100,,6a7d9fa57bffe6ebe23a3f72,10.1016/j.joei.2024.101560,True,True,320.34295792546266,,35.18870308157326,,,,,,,,,99.1,,,,
6a7d9fab7bffe6ebe23a406e,,0.0,2000.0,10.0,,,Degussa,Printex-U,,0.01,0.1,1:10,0.11,0.1,2,100.0,100,,6a7d9fa57bffe6ebe23a3f72,10.1016/j.joei.2024.101560,True,True,331.5859397262807,,49.179775596335425,,,,,,,,,99.1,,,,
6a7d9fab7bffe6ebe23a406e,,0.0,2000.0,10.0,,,Degussa,Printex-U,,0.01,0.1,1:10,0.11,0.1,2,100.0,100,,6a7d9fa57bffe6ebe23a3f72,10.1016/j.joei.2024.101560,True,True,342.6279064394144,,65.6020437764947,,,,,,,,,99.1,,,,
6a7d9fab7bffe6ebe23a406e,,0.0,2000.0,10.0,,,Degussa,Printex-U,,0.01,0.1,1:10,0.11,0.1,2,100.0,100,,6a7d9fa57bffe6ebe23a3f72,10.1016/j.joei.2024.101560,True,True,352.0028342357191,,79.06813524110761,,,,,,,,,99.1,,,,
6a7d9fab7bffe6ebe23a406e,,0.0,2000.0,10.0,,,Degussa,Printex-U,,0.01,0.1,1:10,0.11,0.1,2,100.0,100,,6a7d9fa57bffe6ebe23a3f72,10.1016/j.joei.2024.101560,True,True,361.5129273496044,,88.4672612084858,,,,,,,,,99.1,,,,
6a7d9fab7bffe6ebe23a406e,,0.0,2000.0,10.0,,,Degussa,Printex-U,,0.01,0.1,1:10,0.11,0.1,2,100.0,100,,6a7d9fa57bffe6ebe23a3f72,10.1016/j.joei.2024.101560,True,True,370.1045894594157,,95.02812064270407,,,,,,,,,99.1,,,,
6a7d9fab7bffe6ebe23a406e,,0.0,2000.0,10.0,,,Degussa,Printex-U,,0.01,0.1,1:10,0.11,0.1,2,100.0,100,,6a7d9fa57bffe6ebe23a3f72,10.1016/j.joei.2024.101560,True,True,387.43001055136665,,99.33652127530155,,,,,,,,,99.1,,,,
6a7d9fab7bffe6ebe23a406e,,0.0,2000.0,10.0,,,Degussa,Printex-U,,0.01,0.1,1:10,0.11,0.1,2,100.0,100,,6a7d9fa57bffe6ebe23a3f72,10.1016/j.joei.2024.101560,True,True,411.1220646791075,,99.86337391564743,,,,,,,,,99.1,,,,
6a7d9fab7bffe6ebe23a406e,,0.0,2000.0,10.0,,,Degussa,Printex-U,,0.01,0.1,1:10,0.11,0.1,2,100.0,100,,6a7d9fa57bffe6ebe23a3f72,10.1016/j.joei.2024.101560,True,True,442.57746012430584,,99.84559380877963,,,,,,,,,99.1,,,,
6a7d9fab7bffe6ebe23a406f,,0.0,2000.0,10.0,,,Degussa,Printex-U,,0.01,0.1,1:10,0.11,0.1,2,100.0,100,,6a7d9fa57bffe6ebe23a3f73,10.1016/j.joei.2024.101560,True,True,149.7851218028204,,0.452924827579753,,,,,,,,,98.0,,,,
6a7d9fab7bffe6ebe23a406f,,0.0,2000.0,10.0,,,Degussa,Printex-U,,0.01,0.1,1:10,0.11,0.1,2,100.0,100,,6a7d9fa57bffe6ebe23a3f73,10.1016/j.joei.2024.101560,True,True,197.99408507328195,,1.0845865189358135,,,,,,,,,98.0,,,,
6a7d9fab7bffe6ebe23a406f,,0.0,2000.0,10.0,,,Degussa,Printex-U,,0.01,0.1,1:10,0.11,0.1,2,100.0,100,,6a7d9fa57bffe6ebe23a3f73,10.1016/j.joei.2024.101560,True,True,237.0984511826003,,2.023189002536004,,,,,,,,,98.0,,,,
6a7d9fab7bffe6ebe23a406f,,0.0,2000.0,10.0,,,Degussa,Printex-U,,0.01,0.1,1:10,0.11,0.1,2,100.0,100,,6a7d9fa57bffe6ebe23a3f73,10.1016/j.joei.2024.101560,True,True,286.0525565884428,,5.475337120184163,,,,,,,,,98.0,,,,
6a7d9fab7bffe6ebe23a406f,,0.0,2000.0,10.0,,,Degussa,Printex-U,,0.01,0.1,1:10,0.11,0.1,2,100.0,100,,6a7d9fa57bffe6ebe23a3f73,10.1016/j.joei.2024.101560,True,True,319.7121864434193,,12.827879207568706,,,,,,,,,98.0,,,,
6a7d9fab7bffe6ebe23a406f,,0.0,2000.0,10.0,,,Degussa,Printex-U,,0.01,0.1,1:10,0.11,0.1,2,100.0,100,,6a7d9fa57bffe6ebe23a3f73,10.1016/j.joei.2024.101560,True,True,342.0109980668664,,22.675251027035124,,,,,,,,,98.0,,,,
6a7d9fab7bffe6ebe23a406f,,0.0,2000.0,10.0,,,Degussa,Printex-U,,0.01,0.1,1:10,0.11,0.1,2,100.0,100,,6a7d9fa57bffe6ebe23a3f73,10.1016/j.joei.2024.101560,True,True,362.64970232823214,,43.15138357305285,,,,,,,,,98.0,,,,
6a7d9fab7bffe6ebe23a406f,,0.0,2000.0,10.0,,,Degussa,Printex-U,,0.01,0.1,1:10,0.11,0.1,2,100.0,100,,6a7d9fa57bffe6ebe23a3f73,10.1016/j.joei.2024.101560,True,True,372.17712432898696,,57.19953958881163,,,,,,,,,98.0,,,,
6a7d9fab7bffe6ebe23a406f,,0.0,2000.0,10.0,,,Degussa,Printex-U,,0.01,0.1,1:10,0.11,0.1,2,100.0,100,,6a7d9fa57bffe6ebe23a3f73,10.1016/j.joei.2024.101560,True,True,392.7811708166142,,81.1259486622809,,,,,,,,,98.0,,,,
6a7d9fab7bffe6ebe23a406f,,0.0,2000.0,10.0,,,Degussa,Printex-U,,0.01,0.1,1:10,0.11,0.1,2,100.0,100,,6a7d9fa57bffe6ebe23a3f73,10.1016/j.joei.2024.101560,True,True,415.2428739766329,,95.32663927906346,,,,,,,,,98.0,,,,
6a7d9fab7bffe6ebe23a406f,,0.0,2000.0,10.0,,,Degussa,Printex-U,,0.01,0.1,1:10,0.11,0.1,2,100.0,100,,6a7d9fa57bffe6ebe23a3f73,10.1016/j.joei.2024.101560,True,True,442.8512565368412,,99.46566099886768,,,,,,,,,98.0,,,,
6a7d9fab7bffe6ebe23a4070,,0.0,1000.0,5.0,,,Degussa,Printex-U,,0.01,0.1,1:10,0.11,0.3,2,,200,,6a7d9fa57bffe6ebe23a3f74,10.1016/j.jece.2023.110850,True,True,200.37014674612132,,0.9255037115588607,,,,,,,,,97.8,,CO2 + CO,,
6a7d9fab7bffe6ebe23a4070,,0.0,1000.0,5.0,,,Degussa,Printex-U,,0.01,0.1,1:10,0.11,0.3,2,,200,,6a7d9fa57bffe6ebe23a3f74,10.1016/j.jece.2023.110850,True,True,250.26382799989497,,1.8671792152704185,,,,,,,,,97.8,,CO2 + CO,,
6a7d9fab7bffe6ebe23a4070,,0.0,1000.0,5.0,,,Degussa,Printex-U,,0.01,0.1,1:10,0.11,0.3,2,,200,,6a7d9fa57bffe6ebe23a3f74,10.1016/j.jece.2023.110850,True,True,302.4886462079647,,3.9167550371155926,,,,,,,,,97.8,,CO2 + CO,,
6a7d9fab7bffe6ebe23a4070,,0.0,1000.0,5.0,,,Degussa,Printex-U,,0.01,0.1,1:10,0.11,0.3,2,,200,,6a7d9fa57bffe6ebe23a3f74,10.1016/j.jece.2023.110850,True,True,344.0448376342109,,9.950159066808062,,,,,,,,,97.8,,CO2 + CO,,
6a7d9fab7bffe6ebe23a4070,,0.0,1000.0,5.0,,,Degussa,Printex-U,,0.01,0.1,1:10,0.11,0.3,2,,200,,6a7d9fa57bffe6ebe23a3f74,10.1016/j.jece.2023.110850,True,True,370.9264169269944,,19.87831389183457,,,,,,,,,97.8,,CO2 + CO,,
6a7d9fab7bffe6ebe23a4070,,0.0,1000.0,5.0,,,Degussa,Printex-U,,0.01,0.1,1:10,0.11,0.3,2,,200,,6a7d9fa57bffe6ebe23a3f74,10.1016/j.jece.2023.110850,True,True,388.23143359672383,,30.031548250265118,,,,,,,,,97.8,,CO2 + CO,,
6a7d9fab7bffe6ebe23a4070,,0.0,1000.0,5.0,,,Degussa,Printex-U,,0.01,0.1,1:10,0.11,0.3,2,,200,,6a7d9fa57bffe6ebe23a3f74,10.1016/j.jece.2023.110850,True,True,401.8244821883285,,39.961293743372224,,,,,,,,,97.8,,CO2 + CO,,
6a7d9fab7bffe6ebe23a4070,,0.0,1000.0,5.0,,,Degussa,Printex-U,,0.01,0.1,1:10,0.11,0.3,2,,200,,6a7d9fa57bffe6ebe23a3f74,10.1016/j.jece.2023.110850,True,True,415.03425826267284,,50.055673382820785,,,,,,,,,97.8,,CO2 + CO,,
6a7d9fab7bffe6ebe23a4070,,0.0,1000.0,5.0,,,Degussa,Printex-U,,0.01,0.1,1:10,0.11,0.3,2,,200,,6a7d9fa57bffe6ebe23a3f74,10.1016/j.jece.2023.110850,True,True,427.0180873126296,,60.07290562036055,,,,,,,,,97.8,,CO2 + CO,,
6a7d9fab7bffe6ebe23a4070,,0.0,1000.0,5.0,,,Degussa,Printex-U,,0.01,0.1,1:10,0.11,0.3,2,,200,,6a7d9fa57bffe6ebe23a3f74,10.1016/j.jece.2023.110850,True,True,439.2486808600005,,70.08775185577943,,,,,,,,,97.8,,CO2 + CO,,
6a7d9fab7bffe6ebe23a4070,,0.0,1000.0,5.0,,,Degussa,Printex-U,,0.01,0.1,1:10,0.11,0.3,2,,200,,6a7d9fa57bffe6ebe23a3f74,10.1016/j.jece.2023.110850,True,True,456.162549549786,,80.10975609756098,,,,,,,,,97.8,,CO2 + CO,,
6a7d9fab7bffe6ebe23a4070,,0.0,1000.0,5.0,,,Degussa,Printex-U,,0.01,0.1,1:10,0.11,0.3,2,,200,,6a7d9fa57bffe6ebe23a3f74,10.1016/j.jece.2023.110850,True,True,479.5710497991756,,90.0585896076352,,,,,,,,,97.8,,CO2 + CO,,
6a7d9fab7bffe6ebe23a4070,,0.0,1000.0,5.0,,,Degussa,Printex-U,,0.01,0.1,1:10,0.11,0.3,2,,200,,6a7d9fa57bffe6ebe23a3f74,10.1016/j.jece.2023.110850,True,True,499.86086682592594,,94.92762460233298,,,,,,,,,97.8,,CO2 + CO,,
6a7d9fab7bffe6ebe23a4070,,0.0,1000.0,5.0,,,Degussa,Printex-U,,0.01,0.1,1:10,0.11,0.3,2,,200,,6a7d9fa57bffe6ebe23a3f74,10.1016/j.jece.2023.110850,True,True,599.3279605176804,,100.0424178154825,,,,,,,,,97.8,,CO2 + CO,,
6a7d9fab7bffe6ebe23a4071,,0.0,1000.0,5.0,,,Degussa,Printex-U,,0.01,0.1,1:10,0.11,0.3,2,,200,,6a7d9fa57bffe6ebe23a3f75,10.1016/j.jece.2023.110850,True,True,200.9188039797338,,0.7934782608695699,,,,,,,,,98.4,,CO2 + CO,,
6a7d9fab7bffe6ebe23a4071,,0.0,1000.0,5.0,,,Degussa,Printex-U,,0.01,0.1,1:10,0.11,0.3,2,,200,,6a7d9fa57bffe6ebe23a3f75,10.1016/j.jece.2023.110850,True,True,226.18853857664135,,1.0591198303287435,,,,,,,,,98.4,,CO2 + CO,,
6a7d9fab7bffe6ebe23a4071,,0.0,1000.0,5.0,,,Degussa,Printex-U,,0.01,0.1,1:10,0.11,0.3,2,,200,,6a7d9fa57bffe6ebe23a3f75,10.1016/j.jece.2023.110850,True,True,263.00370146746116,,2.3324496288441203,,,,,,,,,98.4,,CO2 + CO,,
6a7d9fab7bffe6ebe23a4071,,0.0,1000.0,5.0,,,Degussa,Printex-U,,0.01,0.1,1:10,0.11,0.3,2,,200,,6a7d9fa57bffe6ebe23a3f75,10.1016/j.jece.2023.110850,True,True,305.9197227837135,,4.932396606574766,,,,,,,,,98.4,,CO2 + CO,,
6a7d9fab7bffe6ebe23a4071,,0.0,1000.0,5.0,,,Degussa,Printex-U,,0.01,0.1,1:10,0.11,0.3,2,,200,,6a7d9fa57bffe6ebe23a3f75,10.1016/j.jece.2023.110850,True,True,333.28433045441415,,10.57131495227996,,,,,,,,,98.4,,CO2 + CO,,
6a7d9fab7bffe6ebe23a4071,,0.0,1000.0,5.0,,,Degussa,Printex-U,,0.01,0.1,1:10,0.11,0.3,2,,200,,6a7d9fa57bffe6ebe23a3f75,10.1016/j.jece.2023.110850,True,True,358.0684115191767,,21.716330858960763,,,,,,,,,98.4,,CO2 + CO,,
6a7d9fab7bffe6ebe23a4071,,0.0,1000.0,5.0,,,Degussa,Printex-U,,0.01,0.1,1:10,0.11,0.3,2,,200,,6a7d9fa57bffe6ebe23a3f75,10.1016/j.jece.2023.110850,True,True,378.48161079463415,,36.484093319194066,,,,,,,,,98.4,,CO2 + CO,,
6a7d9fab7bffe6ebe23a4071,,0.0,1000.0,5.0,,,Degussa,Printex-U,,0.01,0.1,1:10,0.11,0.3,2,,200,,6a7d9fa57bffe6ebe23a3f75,10.1016/j.jece.2023.110850,True,True,395.9073845588428,,50.84544008483563,,,,,,,,,98.4,,CO2 + CO,,
6a7d9fab7bffe6ebe23a4071,,0.0,1000.0,5.0,,,Degussa,Printex-U,,0.01,0.1,1:10,0.11,0.3,2,,200,,6a7d9fa57bffe6ebe23a3f75,10.1016/j.jece.2023.110850,True,True,408.3952432205391,,64.09809119830328,,,,,,,,,98.4,,CO2 + CO,,
6a7d9fab7bffe6ebe23a4071,,0.0,1000.0,5.0,,,Degussa,Printex-U,,0.01,0.1,1:10,0.11,0.3,2,,200,,6a7d9fa57bffe6ebe23a3f75,10.1016/j.jece.2023.110850,True,True,421.1587430761557,,75.13573700954402,,,,,,,,,98.4,,CO2 + CO,,
6a7d9fab7bffe6ebe23a4071,,0.0,1000.0,5.0,,,Degussa,Printex-U,,0.01,0.1,1:10,0.11,0.3,2,,200,,6a7d9fa57bffe6ebe23a3f75,10.1016/j.jece.2023.110850,True,True,435.1823169611214,,85.18557794273595,,,,,,,,,98.4,,CO2 + CO,,
6a7d9fab7bffe6ebe23a4071,,0.0,1000.0,5.0,,,Degussa,Printex-U,,0.01,0.1,1:10,0.11,0.3,2,,200,,6a7d9fa57bffe6ebe23a3f75,10.1016/j.jece.2023.110850,True,True,461.74362743811184,,94.11558854718982,,,,,,,,,98.4,,CO2 + CO,,
6a7d9fab7bffe6ebe23a4071,,0.0,1000.0,5.0,,,Degussa,Printex-U,,0.01,0.1,1:10,0.11,0.3,2,,200,,6a7d9fa57bffe6ebe23a3f75,10.1016/j.jece.2023.110850,True,True,502.6382799989499,,97.56972428419937,,,,,,,,,98.4,,CO2 + CO,,
6a7d9fab7bffe6ebe23a4071,,0.0,1000.0,5.0,,,Degussa,Printex-U,,0.01,0.1,1:10,0.11,0.3,2,,200,,6a7d9fa57bffe6ebe23a3f75,10.1016/j.jece.2023.110850,True,True,545.5674270863412,,99.95015906680806,,,,,,,,,98.4,,CO2 + CO,,
6a7d9fab7bffe6ebe23a4072,,0.0,1000.0,5.0,,,Degussa,Printex-U,,0.01,0.1,1:10,0.11,0.3,2,,200,,6a7d9fa57bffe6ebe23a3f76,10.1016/j.jece.2023.110850,True,True,202.24188171055044,,0.8531283138918404,,,,,,,,,98.4,,CO2 + CO,,
6a7d9fab7bffe6ebe23a4072,,0.0,1000.0,5.0,,,Degussa,Printex-U,,0.01,0.1,1:10,0.11,0.3,2,,200,,6a7d9fa57bffe6ebe23a3f76,10.1016/j.jece.2023.110850,True,True,260.4756779460793,,2.006362672322382,,,,,,,,,98.4,,CO2 + CO,,
6a7d9fab7bffe6ebe23a4072,,0.0,1000.0,5.0,,,Degussa,Printex-U,,0.01,0.1,1:10,0.11,0.3,2,,200,,6a7d9fa57bffe6ebe23a3f76,10.1016/j.jece.2023.110850,True,True,300.5329063082456,,4.976935312831394,,,,,,,,,98.4,,CO2 + CO,,
6a7d9fab7bffe6ebe23a4072,,0.0,1000.0,5.0,,,Degussa,Printex-U,,0.01,0.1,1:10,0.11,0.3,2,,200,,6a7d9fa57bffe6ebe23a3f76,10.1016/j.jece.2023.110850,True,True,338.58451684036436,,15.001325556733828,,,,,,,,,98.4,,CO2 + CO,,
6a7d9fab7bffe6ebe23a4072,,0.0,1000.0,5.0,,,Degussa,Printex-U,,0.01,0.1,1:10,0.11,0.3,2,,200,,6a7d9fa57bffe6ebe23a3f76,10.1016/j.jece.2023.110850,True,True,354.3013152022681,,25.002651113467657,,,,,,,,,98.4,,CO2 + CO,,
6a7d9fab7bffe6ebe23a4072,,0.0,1000.0,5.0,,,Degussa,Printex-U,,0.01,0.1,1:10,0.11,0.3,2,,200,,6a7d9fa57bffe6ebe23a3f76,10.1016/j.jece.2023.110850,True,True,366.65266584411825,,35.046924708377524,,,,,,,,,98.4,,CO2 + CO,,
6a7d9fab7bffe6ebe23a4072,,0.0,1000.0,5.0,,,Degussa,Printex-U,,0.01,0.1,1:10,0.11,0.3,2,,200,,6a7d9fa57bffe6ebe23a3f76,10.1016/j.jece.2023.110850,True,True,382.47972068359013,,50.14395546129374,,,,,,,,,98.4,,CO2 + CO,,
6a7d9fab7bffe6ebe23a4072,,0.0,1000.0,5.0,,,Degussa,Printex-U,,0.01,0.1,1:10,0.11,0.3,2,,200,,6a7d9fa57bffe6ebe23a3f76,10.1016/j.jece.2023.110850,True,True,397.4956028666684,,64.9467126193001,,,,,,,,,98.4,,CO2 + CO,,
6a7d9fab7bffe6ebe23a4072,,0.0,1000.0,5.0,,,Degussa,Printex-U,,0.01,0.1,1:10,0.11,0.3,2,,200,,6a7d9fa57bffe6ebe23a3f76,10.1016/j.jece.2023.110850,True,True,407.5840705641456,,75.04745493107106,,,,,,,,,98.4,,CO2 + CO,,
6a7d9fab7bffe6ebe23a4072,,0.0,1000.0,5.0,,,Degussa,Printex-U,,0.01,0.1,1:10,0.11,0.3,2,,200,,6a7d9fa57bffe6ebe23a3f76,10.1016/j.jece.2023.110850,True,True,418.90898590292176,,85.04718981972428,,,,,,,,,98.4,,CO2 + CO,,
6a7d9fab7bffe6ebe23a4072,,0.0,1000.0,5.0,,,Degussa,Printex-U,,0.01,0.1,1:10,0.11,0.3,2,,200,,6a7d9fa57bffe6ebe23a3f76,10.1016/j.jece.2023.110850,True,True,437.82322211429914,,95.09305408271474,,,,,,,,,98.4,,CO2 + CO,,
6a7d9fab7bffe6ebe23a4072,,0.0,1000.0,5.0,,,Degussa,Printex-U,,0.01,0.1,1:10,0.11,0.3,2,,200,,6a7d9fa57bffe6ebe23a3f76,10.1016/j.jece.2023.110850,True,True,482.9784999868741,,99.98435843054082,,,,,,,,,98.4,,CO2 + CO,,
6a7d9fab7bffe6ebe23a4073,,0.0,1000.0,5.0,,,Degussa,Printex-U,,0.01,0.1,1:10,0.11,0.3,2,,200,,6a7d9fa57bffe6ebe23a3f77,10.1016/j.jece.2023.110850,True,True,204.40500879426662,,0.9430010604453933,,,,,,,,,96.0,,CO2 + CO,,
6a7d9fab7bffe6ebe23a4073,,0.0,1000.0,5.0,,,Degussa,Printex-U,,0.01,0.1,1:10,0.11,0.3,2,,200,,6a7d9fa57bffe6ebe23a3f77,10.1016/j.jece.2023.110850,True,True,263.5576090095293,,1.9148992576882335,,,,,,,,,96.0,,CO2 + CO,,
6a7d9fab7bffe6ebe23a4073,,0.0,1000.0,5.0,,,Degussa,Printex-U,,0.01,0.1,1:10,0.11,0.3,2,,200,,6a7d9fa57bffe6ebe23a3f77,10.1016/j.jece.2023.110850,True,True,285.7322867718478,,2.9695121951219576,,,,,,,,,96.0,,CO2 + CO,,
6a7d9fab7bffe6ebe23a4073,,0.0,1000.0,5.0,,,Degussa,Printex-U,,0.01,0.1,1:10,0.11,0.3,2,,200,,6a7d9fa57bffe6ebe23a3f77,10.1016/j.jece.2023.110850,True,True,305.5758275798703,,5.116914103923651,,,,,,,,,96.0,,CO2 + CO,,
6a7d9fab7bffe6ebe23a4073,,0.0,1000.0,5.0,,,Degussa,Printex-U,,0.01,0.1,1:10,0.11,0.3,2,,200,,6a7d9fa57bffe6ebe23a3f77,10.1016/j.jece.2023.110850,True,True,327.9500170635024,,9.979586426299049,,,,,,,,,96.0,,CO2 + CO,,
6a7d9fab7bffe6ebe23a4073,,0.0,1000.0,5.0,,,Degussa,Printex-U,,0.01,0.1,1:10,0.11,0.3,2,,200,,6a7d9fa57bffe6ebe23a3f77,10.1016/j.jece.2023.110850,True,True,349.9251831045073,,19.906150583244962,,,,,,,,,96.0,,CO2 + CO,,
6a7d9fab7bffe6ebe23a4073,,0.0,1000.0,5.0,,,Degussa,Printex-U,,0.01,0.1,1:10,0.11,0.3,2,,200,,6a7d9fa57bffe6ebe23a3f77,10.1016/j.jece.2023.110850,True,True,366.13288530701175,,29.949628844114535,,,,,,,,,96.0,,CO2 + CO,,
6a7d9fab7bffe6ebe23a4073,,0.0,1000.0,5.0,,,Degussa,Printex-U,,0.01,0.1,1:10,0.11,0.3,2,,200,,6a7d9fa57bffe6ebe23a3f77,10.1016/j.jece.2023.110850,True,True,379.9621977791195,,39.77359490986215,,,,,,,,,96.0,,CO2 + CO,,
6a7d9fab7bffe6ebe23a4073,,0.0,1000.0,5.0,,,Degussa,Printex-U,,0.01,0.1,1:10,0.11,0.3,2,,200,,6a7d9fa57bffe6ebe23a3f77,10.1016/j.jece.2023.110850,True,True,391.84889612264715,,49.97852598091198,,,,,,,,,96.0,,CO2 + CO,,
6a7d9fab7bffe6ebe23a4073,,0.0,1000.0,5.0,,,Degussa,Printex-U,,0.01,0.1,1:10,0.11,0.3,2,,200,,6a7d9fa57bffe6ebe23a3f77,10.1016/j.jece.2023.110850,True,True,403.59383613787304,,59.93372216330859,,,,,,,,,96.0,,CO2 + CO,,
6a7d9fab7bffe6ebe23a4073,,0.0,1000.0,5.0,,,Degussa,Printex-U,,0.01,0.1,1:10,0.11,0.3,2,,200,,6a7d9fa57bffe6ebe23a3f77,10.1016/j.jece.2023.110850,True,True,414.7454912976137,,69.9398197242842,,,,,,,,,96.0,,CO2 + CO,,
6a7d9fab7bffe6ebe23a4073,,0.0,1000.0,5.0,,,Degussa,Printex-U,,0.01,0.1,1:10,0.11,0.3,2,,200,,6a7d9fa57bffe6ebe23a3f77,10.1016/j.jece.2023.110850,True,True,428.4120442075971,,80.04056203605515,,,,,,,,,96.0,,CO2 + CO,,
6a7d9fab7bffe6ebe23a4073,,0.0,1000.0,5.0,,,Degussa,Printex-U,,0.01,0.1,1:10,0.11,0.3,2,,200,,6a7d9fa57bffe6ebe23a3f77,10.1016/j.jece.2023.110850,True,True,446.1633370960543,,90.07211028632025,,,,,,,,,96.0,,CO2 + CO,,
6a7d9fab7bffe6ebe23a4073,,0.0,1000.0,5.0,,,Degussa,Printex-U,,0.01,0.1,1:10,0.11,0.3,2,,200,,6a7d9fa57bffe6ebe23a3f77,10.1016/j.jece.2023.110850,True,True,459.3704880161709,,95.06601272534465,,,,,,,,,96.0,,CO2 + CO,,
6a7d9fab7bffe6ebe23a4073,,0.0,1000.0,5.0,,,Degussa,Printex-U,,0.01,0.1,1:10,0.11,0.3,2,,200,,6a7d9fa57bffe6ebe23a3f77,10.1016/j.jece.2023.110850,True,True,512.1885910797259,,99.83324496288441,,,,,,,,,96.0,,CO2 + CO,,
6a7d9fab7bffe6ebe23a4074,,0.0,1000.0,5.0,,,Degussa,Printex-U,,0.01,0.1,1:10,0.11,0.3,2,,200,,6a7d9fa67bffe6ebe23a3f78,10.1016/j.jece.2023.110850,True,True,200.1732601790355,,0.9867444326617232,,,,,,,,,96.3,,CO2 + CO,,
6a7d9fab7bffe6ebe23a4074,,0.0,1000.0,5.0,,,Degussa,Printex-U,,0.01,0.1,1:10,0.11,0.3,2,,200,,6a7d9fa67bffe6ebe23a3f78,10.1016/j.jece.2023.110850,True,True,244.22334812170214,,1.9713679745493167,,,,,,,,,96.3,,CO2 + CO,,
6a7d9fab7bffe6ebe23a4074,,0.0,1000.0,5.0,,,Degussa,Printex-U,,0.01,0.1,1:10,0.11,0.3,2,,200,,6a7d9fa67bffe6ebe23a3f78,10.1016/j.jece.2023.110850,True,True,276.85664032761923,,2.9456521739130466,,,,,,,,,96.3,,CO2 + CO,,
6a7d9fab7bffe6ebe23a4074,,0.0,1000.0,5.0,,,Degussa,Printex-U,,0.01,0.1,1:10,0.11,0.3,2,,200,,6a7d9fa67bffe6ebe23a3f78,10.1016/j.jece.2023.110850,True,True,305.97485102249755,,4.945917285259814,,,,,,,,,96.3,,CO2 + CO,,
6a7d9fab7bffe6ebe23a4074,,0.0,1000.0,5.0,,,Degussa,Printex-U,,0.01,0.1,1:10,0.11,0.3,2,,200,,6a7d9fa67bffe6ebe23a3f78,10.1016/j.jece.2023.110850,True,True,334.2372614391095,,9.779162248144223,,,,,,,,,96.3,,CO2 + CO,,
6a7d9fab7bffe6ebe23a4074,,0.0,1000.0,5.0,,,Degussa,Printex-U,,0.01,0.1,1:10,0.11,0.3,2,,200,,6a7d9fa67bffe6ebe23a3f78,10.1016/j.jece.2023.110850,True,True,357.3018664846559,,19.876723223753977,,,,,,,,,96.3,,CO2 + CO,,
6a7d9fab7bffe6ebe23a4074,,0.0,1000.0,5.0,,,Degussa,Printex-U,,0.01,0.1,1:10,0.11,0.3,2,,200,,6a7d9fa67bffe6ebe23a3f78,10.1016/j.jece.2023.110850,True,True,372.14448848869864,,29.975079533404035,,,,,,,,,96.3,,CO2 + CO,,
6a7d9fab7bffe6ebe23a4074,,0.0,1000.0,5.0,,,Degussa,Printex-U,,0.01,0.1,1:10,0.11,0.3,2,,200,,6a7d9fa67bffe6ebe23a3f78,10.1016/j.jece.2023.110850,True,True,384.6375974588507,,39.93425238600213,,,,,,,,,96.3,,CO2 + CO,,
6a7d9fab7bffe6ebe23a4074,,0.0,1000.0,5.0,,,Degussa,Printex-U,,0.01,0.1,1:10,0.11,0.3,2,,200,,6a7d9fa67bffe6ebe23a3f78,10.1016/j.jece.2023.110850,True,True,396.60567558344053,,50.11452810180276,,,,,,,,,96.3,,CO2 + CO,,
6a7d9fab7bffe6ebe23a4074,,0.0,1000.0,5.0,,,Degussa,Printex-U,,0.01,0.1,1:10,0.11,0.3,2,,200,,6a7d9fa67bffe6ebe23a3f78,10.1016/j.jece.2023.110850,True,True,408.84414459349483,,60.07370095440085,,,,,,,,,96.3,,CO2 + CO,,
6a7d9fab7bffe6ebe23a4074,,0.0,1000.0,5.0,,,Degussa,Printex-U,,0.01,0.1,1:10,0.11,0.3,2,,200,,6a7d9fa67bffe6ebe23a3f78,10.1016/j.jece.2023.110850,True,True,419.54689838027974,,69.97163308589609,,,,,,,,,96.3,,CO2 + CO,,
6a7d9fab7bffe6ebe23a4074,,0.0,1000.0,5.0,,,Degussa,Printex-U,,0.01,0.1,1:10,0.11,0.3,2,,200,,6a7d9fa67bffe6ebe23a3f78,10.1016/j.jece.2023.110850,True,True,433.76473367810354,,80.10339342523861,,,,,,,,,96.3,,CO2 + CO,,
6a7d9fab7bffe6ebe23a4074,,0.0,1000.0,5.0,,,Degussa,Printex-U,,0.01,0.1,1:10,0.11,0.3,2,,200,,6a7d9fa67bffe6ebe23a3f78,10.1016/j.jece.2023.110850,True,True,451.72866405901345,,90.07370095440085,,,,,,,,,96.3,,CO2 + CO,,
6a7d9fab7bffe6ebe23a4074,,0.0,1000.0,5.0,,,Degussa,Printex-U,,0.01,0.1,1:10,0.11,0.3,2,,200,,6a7d9fa67bffe6ebe23a3f78,10.1016/j.jece.2023.110850,True,True,465.37684088940216,,95.03340402969246,,,,,,,,,96.3,,CO2 + CO,,
6a7d9fab7bffe6ebe23a4074,,0.0,1000.0,5.0,,,Degussa,Printex-U,,0.01,0.1,1:10,0.11,0.3,2,,200,,6a7d9fa67bffe6ebe23a3f78,10.1016/j.jece.2023.110850,True,True,536.8414144330978,,99.87460233297985,,,,,,,,,96.3,,CO2 + CO,,
6a7d9fab7bffe6ebe23a4075,,0.0,500.0,10.0,,,Degussa,Carbon Black,,0.01,0.1,1:10,0.11,1.0,5,25.0,200,,6a7d9fa67bffe6ebe23a3f79,10.1039/c6ra25738k,True,True,100.0,,0.0,,7.776579685141253,,,,,,,92.2,,,,
6a7d9fab7bffe6ebe23a4075,,0.0,500.0,10.0,,,Degussa,Carbon Black,,0.01,0.1,1:10,0.11,1.0,5,25.0,200,,6a7d9fa67bffe6ebe23a3f79,10.1039/c6ra25738k,True,True,150.0,,0.0,,10.059305585507868,,,,,,,92.2,,,,
6a7d9fab7bffe6ebe23a4075,,0.0,500.0,10.0,,,Degussa,Carbon Black,,0.01,0.1,1:10,0.11,1.0,5,25.0,200,,6a7d9fa67bffe6ebe23a3f79,10.1039/c6ra25738k,True,True,200.0,,0.0,,15.588742721587229,,,,,,,92.2,,,,
6a7d9fab7bffe6ebe23a4075,,0.0,500.0,10.0,,,Degussa,Carbon Black,,0.01,0.1,1:10,0.11,1.0,5,25.0,200,,6a7d9fa67bffe6ebe23a3f79,10.1039/c6ra25738k,True,True,250.0,,2.5619506976658393,,42.83049385378477,,,,,,,92.2,,,,
6a7d9fab7bffe6ebe23a4075,,0.0,500.0,10.0,,,Degussa,Carbon Black,,0.01,0.1,1:10,0.11,1.0,5,25.0,200,,6a7d9fa67bffe6ebe23a3f79,10.1039/c6ra25738k,True,True,275.0,,7.232115684339637,,55.10135863704981,,,,,,,92.2,,,,
6a7d9fab7bffe6ebe23a4075,,0.0,500.0,10.0,,,Degussa,Carbon Black,,0.01,0.1,1:10,0.11,1.0,5,25.0,200,,6a7d9fa67bffe6ebe23a3f79,10.1039/c6ra25738k,True,True,300.0,,20.835907887820124,,63.483933577744224,,,,,,,92.2,,,,
6a7d9fab7bffe6ebe23a4075,,0.0,500.0,10.0,,,Degussa,Carbon Black,,0.01,0.1,1:10,0.11,1.0,5,25.0,200,,6a7d9fa67bffe6ebe23a3f79,10.1039/c6ra25738k,True,True,325.0,,46.70257209521087,,59.92128531378046,,,,,,,92.2,,,,
6a7d9fab7bffe6ebe23a4075,,0.0,500.0,10.0,,,Degussa,Carbon Black,,0.01,0.1,1:10,0.11,1.0,5,25.0,200,,6a7d9fa67bffe6ebe23a3f79,10.1039/c6ra25738k,True,True,350.0,,71.50959578726032,,49.823161526849255,,,,,,,92.2,,,,
6a7d9fab7bffe6ebe23a4075,,0.0,500.0,10.0,,,Degussa,Carbon Black,,0.01,0.1,1:10,0.11,1.0,5,25.0,200,,6a7d9fa67bffe6ebe23a3f79,10.1039/c6ra25738k,True,True,375.0,,85.72298101131574,,45.848609014448996,,,,,,,92.2,,,,
6a7d9fab7bffe6ebe23a4075,,0.0,500.0,10.0,,,Degussa,Carbon Black,,0.01,0.1,1:10,0.11,1.0,5,25.0,200,,6a7d9fa67bffe6ebe23a3f79,10.1039/c6ra25738k,True,True,400.0,,94.8825542039785,,43.598231615268496,,,,,,,92.2,,,,
6a7d9fab7bffe6ebe23a4075,,0.0,500.0,10.0,,,Degussa,Carbon Black,,0.01,0.1,1:10,0.11,1.0,5,25.0,200,,6a7d9fa67bffe6ebe23a3f79,10.1039/c6ra25738k,True,True,425.0,,98.85459223668072,,38.90338580979081,,,,,,,92.2,,,,
6a7d9fab7bffe6ebe23a4075,,0.0,500.0,10.0,,,Degussa,Carbon Black,,0.01,0.1,1:10,0.11,1.0,5,25.0,200,,6a7d9fa67bffe6ebe23a3f79,10.1039/c6ra25738k,True,True,450.0,,99.81370984847786,,33.30062540435627,,,,,,,92.2,,,,
6a7d9fab7bffe6ebe23a4076,,,500.0,10.0,,,,,,,0.1,,0.1,1.0,5,25.0,200,,6a7d9fa67bffe6ebe23a3f79,10.1039/c6ra25738k,True,False,99.54076439972532,,,,5.269872848369514,,,,,,,,,,,
6a7d9fab7bffe6ebe23a4076,,,500.0,10.0,,,,,,,0.1,,0.1,1.0,5,25.0,200,,6a7d9fa67bffe6ebe23a3f79,10.1039/c6ra25738k,True,False,141.135098011634,,,,9.287691376178524,,,,,,,,,,,
6a7d9fab7bffe6ebe23a4076,,,500.0,10.0,,,,,,,0.1,,0.1,1.0,5,25.0,200,,6a7d9fa67bffe6ebe23a3f79,10.1039/c6ra25738k,True,False,187.10499532489885,,,,20.223164086151705,,,,,,,,,,,
6a7d9fab7bffe6ebe23a4076,,,500.0,10.0,,,,,,,0.1,,0.1,1.0,5,25.0,200,,6a7d9fa67bffe6ebe23a3f79,10.1039/c6ra25738k,True,False,220.9444531786551,,,,34.5515093850013,,,,,,,,,,,
6a7d9fab7bffe6ebe23a4076,,,500.0,10.0,,,,,,,0.1,,0.1,1.0,5,25.0,200,,6a7d9fa67bffe6ebe23a3f79,10.1039/c6ra25738k,True,False,252.40747023243117,,,,51.523440878816714,,,,,,,,,,,
6a7d9fab7bffe6ebe23a4076,,,500.0,10.0,,,,,,,0.1,,0.1,1.0,5,25.0,200,,6a7d9fa67bffe6ebe23a3f79,10.1039/c6ra25738k,True,False,280.9644775057301,,,,65.52525733068074,,,,,,,,,,,
6a7d9fab7bffe6ebe23a4076,,,500.0,10.0,,,,,,,0.1,,0.1,1.0,5,25.0,200,,6a7d9fa67bffe6ebe23a3f79,10.1039/c6ra25738k,True,False,314.50274300182866,,,,73.62360522446156,,,,,,,,,,,
6a7d9fab7bffe6ebe23a4076,,,500.0,10.0,,,,,,,0.1,,0.1,1.0,5,25.0,200,,6a7d9fa67bffe6ebe23a3f79,10.1039/c6ra25738k,True,False,351.64207756530664,,,,66.05721823371681,,,,,,,,,,,
6a7d9fab7bffe6ebe23a4076,,,500.0,10.0,,,,,,,0.1,,0.1,1.0,5,25.0,200,,6a7d9fa67bffe6ebe23a3f79,10.1039/c6ra25738k,True,False,382.6384119550197,,,,54.85576507222559,,,,,,,,,,,
6a7d9fab7bffe6ebe23a4076,,,500.0,10.0,,,,,,,0.1,,0.1,1.0,5,25.0,200,,6a7d9fa67bffe6ebe23a3f79,10.1039/c6ra25738k,True,False,415.637179052237,,,,43.85866274543724,,,,,,,,,,,
6a7d9fab7bffe6ebe23a4076,,,500.0,10.0,,,,,,,0.1,,0.1,1.0,5,25.0,200,,6a7d9fa67bffe6ebe23a3f79,10.1039/c6ra25738k,True,False,452.83609012602085,,,,31.654917394689054,,,,,,,,,,,
6a7d9fab7bffe6ebe23a4077,,0.0,1000.0,10.0,,,Degussa,Printex-U,100.0,0.01,0.1,1:10,0.11,0.0,20,,500,,6a7d9fa67bffe6ebe23a3f7a,10.1007/s10562-009-9917-y,True,True,100.0,,,,,,,961.8787802645512,,,,,,,0.0,
6a7d9fab7bffe6ebe23a4077,,0.0,1000.0,10.0,,,Degussa,Printex-U,100.0,0.01,0.1,1:10,0.11,0.0,20,,500,,6a7d9fa67bffe6ebe23a3f7a,10.1007/s10562-009-9917-y,True,True,150.0,,,,,,,948.5166107292209,,,,,,,0.0,
6a7d9fab7bffe6ebe23a4077,,0.0,1000.0,10.0,,,Degussa,Printex-U,100.0,0.01,0.1,1:10,0.11,0.0,20,,500,,6a7d9fa67bffe6ebe23a3f7a,10.1007/s10562-009-9917-y,True,True,200.0,,,,,,,767.2164689412567,,,,,,,0.016032703117015837,
6a7d9fab7bffe6ebe23a4077,,0.0,1000.0,10.0,,,Degussa,Printex-U,100.0,0.01,0.1,1:10,0.11,0.0,20,,500,,6a7d9fa67bffe6ebe23a3f7a,10.1007/s10562-009-9917-y,True,True,225.0,,,,,,,668.6738338388642,,,,,,,0.030274910577414407,
6a7d9fab7bffe6ebe23a4077,,0.0,1000.0,10.0,,,Degussa,Printex-U,100.0,0.01,0.1,1:10,0.11,0.0,20,,500,,6a7d9fa67bffe6ebe23a3f7a,10.1007/s10562-009-9917-y,True,True,250.0,,,,,,,612.0394134644722,,,,,,,0.028296371997956052,
6a7d9fab7bffe6ebe23a4077,,0.0,1000.0,10.0,,,Degussa,Printex-U,100.0,0.01,0.1,1:10,0.11,0.0,20,,500,,6a7d9fa67bffe6ebe23a3f7a,10.1007/s10562-009-9917-y,True,True,275.0,,,,,,,571.0016691494517,,,,,,,0.02772406745017884,
6a7d9fab7bffe6ebe23a4077,,0.0,1000.0,10.0,,,Degussa,Printex-U,100.0,0.01,0.1,1:10,0.11,0.0,20,,500,,6a7d9fa67bffe6ebe23a3f7a,10.1007/s10562-009-9917-y,True,True,300.0,,,,,,,547.8758727138934,,,,,,,0.03056923863055697,
6a7d9fab7bffe6ebe23a4077,,0.0,1000.0,10.0,,,Degussa,Printex-U,100.0,0.01,0.1,1:10,0.11,0.0,20,,500,,6a7d9fa67bffe6ebe23a3f7a,10.1007/s10562-009-9917-y,True,True,325.0,,,,,,,532.7099449001203,,,,,,,0.028369954011241694,
6a7d9fab7bffe6ebe23a4077,,0.0,1000.0,10.0,,,Degussa,Printex-U,100.0,0.01,0.1,1:10,0.11,0.0,20,,500,,6a7d9fa67bffe6ebe23a3f7a,10.1007/s10562-009-9917-y,True,True,350.0,,,,,,,605.5422940933647,,,,,,,0.08836382217680122,
6a7d9fab7bffe6ebe23a4077,,0.0,1000.0,10.0,,,Degussa,Printex-U,100.0,0.01,0.1,1:10,0.11,0.0,20,,500,,6a7d9fa67bffe6ebe23a3f7a,10.1007/s10562-009-9917-y,True,True,375.0,,,,,,,701.2222481468851,,,,,,,0.21004394481349,
6a7d9fab7bffe6ebe23a4077,,0.0,1000.0,10.0,,,Degussa,Printex-U,100.0,0.01,0.1,1:10,0.11,0.0,20,,500,,6a7d9fa67bffe6ebe23a3f7a,10.1007/s10562-009-9917-y,True,True,400.0,,,,,,,771.8470125814383,,,,,,,0.4211180378129791,
6a7d9fab7bffe6ebe23a4077,,0.0,1000.0,10.0,,,Degussa,Printex-U,100.0,0.01,0.1,1:10,0.11,0.0,20,,500,,6a7d9fa67bffe6ebe23a3f7a,10.1007/s10562-009-9917-y,True,True,425.0,,,,,,,810.6592242942011,,,,,,,0.7152662238119571,
6a7d9fab7bffe6ebe23a4077,,0.0,1000.0,10.0,,,Degussa,Printex-U,100.0,0.01,0.1,1:10,0.11,0.0,20,,500,,6a7d9fa67bffe6ebe23a3f7a,10.1007/s10562-009-9917-y,True,True,450.0,,,,,,,831.7748622503007,,,,,,,0.5706285130301482,
6a7d9fab7bffe6ebe23a4077,,0.0,1000.0,10.0,,,Degussa,Printex-U,100.0,0.01,0.1,1:10,0.11,0.0,20,,500,,6a7d9fa67bffe6ebe23a3f7a,10.1007/s10562-009-9917-y,True,True,475.0,,,,,,,862.770788089811,,,,,,,0.41761880429228415,
6a7d9fab7bffe6ebe23a4077,,0.0,1000.0,10.0,,,Degussa,Printex-U,100.0,0.01,0.1,1:10,0.11,0.0,20,,500,,6a7d9fa67bffe6ebe23a3f7a,10.1007/s10562-009-9917-y,True,True,500.0,,,,,,,889.1361702891398,,,,,,,0.2966417986714358,
6a7d9fab7bffe6ebe23a4077,,0.0,1000.0,10.0,,,Degussa,Printex-U,100.0,0.01,0.1,1:10,0.11,0.0,20,,500,,6a7d9fa67bffe6ebe23a3f7a,10.1007/s10562-009-9917-y,True,True,525.0,,,,,,,907.2814401349679,,,,,,,0.17079202861522735,
6a7d9fab7bffe6ebe23a4077,,0.0,1000.0,10.0,,,Degussa,Printex-U,100.0,0.01,0.1,1:10,0.11,0.0,20,,500,,6a7d9fa67bffe6ebe23a3f7a,10.1007/s10562-009-9917-y,True,True,550.0,,,,,,,910.9876698314698,,,,,,,0.03628410832907511,
6a7d9fab7bffe6ebe23a4077,,0.0,1000.0,10.0,,,Degussa,Printex-U,100.0,0.01,0.1,1:10,0.11,0.0,20,,500,,6a7d9fa67bffe6ebe23a3f7a,10.1007/s10562-009-9917-y,True,True,575.0,,,,,,,918.3552596155572,,,,,,,0.00690035769034236,
6a7d9fab7bffe6ebe23a4078,,0.0,1000.0,10.0,,,Degussa,Printex-U,100.0,0.01,0.1,1:10,0.11,0.0,20,,500,,6a7d9fa67bffe6ebe23a3f7b,10.1007/s10562-009-9917-y,True,True,100.0,,,,,,,992.4439578584634,,,,,,,0.0003760858456821665,
6a7d9fab7bffe6ebe23a4078,,0.0,1000.0,10.0,,,Degussa,Printex-U,100.0,0.01,0.1,1:10,0.11,0.0,20,,500,,6a7d9fa67bffe6ebe23a3f7b,10.1007/s10562-009-9917-y,True,True,150.0,,,,,,,1011.5404634133209,,,,,,,0.0008502810424118548,
6a7d9fab7bffe6ebe23a4078,,0.0,1000.0,10.0,,,Degussa,Printex-U,100.0,0.01,0.1,1:10,0.11,0.0,20,,500,,6a7d9fa67bffe6ebe23a3f7b,10.1007/s10562-009-9917-y,True,True,200.0,,,,,,,974.2627923255021,,,,,,,0.0172100153295861,
6a7d9fab7bffe6ebe23a4078,,0.0,1000.0,10.0,,,Degussa,Printex-U,100.0,0.01,0.1,1:10,0.11,0.0,20,,500,,6a7d9fa67bffe6ebe23a3f7b,10.1007/s10562-009-9917-y,True,True,225.0,,,,,,,936.2761814168028,,,,,,,0.020537557485947877,
6a7d9fab7bffe6ebe23a4078,,0.0,1000.0,10.0,,,Degussa,Printex-U,100.0,0.01,0.1,1:10,0.11,0.0,20,,500,,6a7d9fa67bffe6ebe23a3f7b,10.1007/s10562-009-9917-y,True,True,250.0,,,,,,,896.7729777267261,,,,,,,0.014364844149207969,
6a7d9fab7bffe6ebe23a4078,,0.0,1000.0,10.0,,,Degussa,Printex-U,100.0,0.01,0.1,1:10,0.11,0.0,20,,500,,6a7d9fa67bffe6ebe23a3f7b,10.1007/s10562-009-9917-y,True,True,275.0,,,,,,,838.0476335768258,,,,,,,0.007243740419008686,
6a7d9fab7bffe6ebe23a4078,,0.0,1000.0,10.0,,,Degussa,Printex-U,100.0,0.01,0.1,1:10,0.11,0.0,20,,500,,6a7d9fa67bffe6ebe23a3f7b,10.1007/s10562-009-9917-y,True,True,300.0,,,,,,,781.0093867221854,,,,,,,0.007758814512008175,
6a7d9fab7bffe6ebe23a4078,,0.0,1000.0,10.0,,,Degussa,Printex-U,100.0,0.01,0.1,1:10,0.11,0.0,20,,500,,6a7d9fa67bffe6ebe23a3f7b,10.1007/s10562-009-9917-y,True,True,325.0,,,,,,,752.4543676077319,,,,,,,0.009042411854879917,
6a7d9fab7bffe6ebe23a4078,,0.0,1000.0,10.0,,,Degussa,Printex-U,100.0,0.01,0.1,1:10,0.11,0.0,20,,500,,6a7d9fa67bffe6ebe23a3f7b,10.1007/s10562-009-9917-y,True,True,350.0,,,,,,,773.3277096756825,,,,,,,0.0312396525293817,
6a7d9fab7bffe6ebe23a4078,,0.0,1000.0,10.0,,,Degussa,Printex-U,100.0,0.01,0.1,1:10,0.11,0.0,20,,500,,6a7d9fa67bffe6ebe23a3f7b,10.1007/s10562-009-9917-y,True,True,375.0,,,,,,,808.0926826641779,,,,,,,0.07930505876341337,
6a7d9fab7bffe6ebe23a4078,,0.0,1000.0,10.0,,,Degussa,Printex-U,100.0,0.01,0.1,1:10,0.11,0.0,20,,500,,6a7d9fa67bffe6ebe23a3f7b,10.1007/s10562-009-9917-y,True,True,400.0,,,,,,,851.4905684082058,,,,,,,0.1504588656106285,
6a7d9fab7bffe6ebe23a4078,,0.0,1000.0,10.0,,,Degussa,Printex-U,100.0,0.01,0.1,1:10,0.11,0.0,20,,500,,6a7d9fa67bffe6ebe23a3f7b,10.1007/s10562-009-9917-y,True,True,425.0,,,,,,,878.5110468977152,,,,,,,0.27536842105263154,
6a7d9fab7bffe6ebe23a4078,,0.0,1000.0,10.0,,,Degussa,Printex-U,100.0,0.01,0.1,1:10,0.11,0.0,20,,500,,6a7d9fa67bffe6ebe23a3f7b,10.1007/s10562-009-9917-y,True,True,450.0,,,,,,,905.5584471525747,,,,,,,0.4689136433316301,
6a7d9fab7bffe6ebe23a4078,,0.0,1000.0,10.0,,,Degussa,Printex-U,100.0,0.01,0.1,1:10,0.11,0.0,20,,500,,6a7d9fa67bffe6ebe23a3f7b,10.1007/s10562-009-9917-y,True,True,475.0,,,,,,,924.7716136906151,,,,,,,0.5707511497189576,
6a7d9fab7bffe6ebe23a4078,,0.0,1000.0,10.0,,,Degussa,Printex-U,100.0,0.01,0.1,1:10,0.11,0.0,20,,500,,6a7d9fa67bffe6ebe23a3f7b,10.1007/s10562-009-9917-y,True,True,500.0,,,,,,,944.3347631782042,,,,,,,0.4208972917731222,
6a7d9fab7bffe6ebe23a4078,,0.0,1000.0,10.0,,,Degussa,Printex-U,100.0,0.01,0.1,1:10,0.11,0.0,20,,500,,6a7d9fa67bffe6ebe23a3f7b,10.1007/s10562-009-9917-y,True,True,525.0,,,,,,,957.2123409372364,,,,,,,0.3036239141543179,
6a7d9fab7bffe6ebe23a4078,,0.0,1000.0,10.0,,,Degussa,Printex-U,100.0,0.01,0.1,1:10,0.11,0.0,20,,500,,6a7d9fa67bffe6ebe23a3f7b,10.1007/s10562-009-9917-y,True,True,550.0,,,,,,,960.003230611842,,,,,,,0.1503117015840572,
6a7d9fab7bffe6ebe23a4078,,0.0,1000.0,10.0,,,Degussa,Printex-U,100.0,0.01,0.1,1:10,0.11,0.0,20,,500,,6a7d9fa67bffe6ebe23a3f7b,10.1007/s10562-009-9917-y,True,True,575.0,,,,,,,954.9957822567619,,,,,,,0.03009504343382728,
6a7d9fab7bffe6ebe23a4079,,,600.0,10.0,,,,,,,1.0,,1.0,0.0,10,100.0,400,,6a7d9fa67bffe6ebe23a3f7c,10.1016/j.cej.2010.08.036,True,False,100.44511875411368,,,,,,,,,580.9882223881278,,,,,,
6a7d9fab7bffe6ebe23a4079,,,600.0,10.0,,,,,,,1.0,,1.0,0.0,10,100.0,400,,6a7d9fa67bffe6ebe23a3f7c,10.1016/j.cej.2010.08.036,True,False,127.48691975590977,,,,,,,,,288.84859750430417,,,,,,
6a7d9fab7bffe6ebe23a4079,,,600.0,10.0,,,,,,,1.0,,1.0,0.0,10,100.0,400,,6a7d9fa67bffe6ebe23a3f7c,10.1016/j.cej.2010.08.036,True,False,183.35992146275612,,,,,,,,,216.202215348986,,,,,,
6a7d9fab7bffe6ebe23a4079,,,600.0,10.0,,,,,,,1.0,,1.0,0.0,10,100.0,400,,6a7d9fa67bffe6ebe23a3f7c,10.1016/j.cej.2010.08.036,True,False,230.35732214772588,,,,,,,,,190.33108344887478,,,,,,
6a7d9fab7bffe6ebe23a4079,,,600.0,10.0,,,,,,,1.0,,1.0,0.0,10,100.0,400,,6a7d9fa67bffe6ebe23a3f7c,10.1016/j.cej.2010.08.036,True,False,266.72988319816153,,,,,,,,,70.9094510383496,,,,,,
6a7d9fab7bffe6ebe23a4079,,,600.0,10.0,,,,,,,1.0,,1.0,0.0,10,100.0,400,,6a7d9fa67bffe6ebe23a3f7c,10.1016/j.cej.2010.08.036,True,False,318.564464128337,,,,,,,,,14.56584340194719,,,,,,
6a7d9fab7bffe6ebe23a4079,,,600.0,10.0,,,,,,,1.0,,1.0,0.0,10,100.0,400,,6a7d9fa67bffe6ebe23a3f7c,10.1016/j.cej.2010.08.036,True,False,360.68006113410456,,,,,,,,,127.83203571374155,,,,,,
6a7d9fab7bffe6ebe23a4079,,,600.0,10.0,,,,,,,1.0,,1.0,0.0,10,100.0,400,,6a7d9fa67bffe6ebe23a3f7c,10.1016/j.cej.2010.08.036,True,False,383.12118609087565,,,,,,,,,440.66247162250687,,,,,,
6a7d9fab7bffe6ebe23a4079,,,600.0,10.0,,,,,,,1.0,,1.0,0.0,10,100.0,400,,6a7d9fa67bffe6ebe23a3f7c,10.1016/j.cej.2010.08.036,True,False,416.9234373431207,,,,,,,,,727.408468301007,,,,,,
6a7d9fab7bffe6ebe23a4079,,,600.0,10.0,,,,,,,1.0,,1.0,0.0,10,100.0,400,,6a7d9fa67bffe6ebe23a3f7c,10.1016/j.cej.2010.08.036,True,False,474.9606755987907,,,,,,,,,821.0199137628937,,,,,,
6a7d9fab7bffe6ebe23a4079,,,600.0,10.0,,,,,,,1.0,,1.0,0.0,10,100.0,400,,6a7d9fa67bffe6ebe23a3f7c,10.1016/j.cej.2010.08.036,True,False,528.9416437041912,,,,,,,,,904.36213490165,,,,,,
6a7d9fab7bffe6ebe23a4079,,,600.0,10.0,,,,,,,1.0,,1.0,0.0,10,100.0,400,,6a7d9fa67bffe6ebe23a3f7c,10.1016/j.cej.2010.08.036,True,False,575.82748580417,,,,,,,,,1001.2036627915835,,,,,,
6a7d9fab7bffe6ebe23a4079,,,600.0,10.0,,,,,,,1.0,,1.0,0.0,10,100.0,400,,6a7d9fa67bffe6ebe23a3f7c,10.1016/j.cej.2010.08.036,True,False,615.2210533361595,,,,,,,,,951.137385156857,,,,,,
6a7d9fab7bffe6ebe23a4079,,,600.0,10.0,,,,,,,1.0,,1.0,0.0,10,100.0,400,,6a7d9fa67bffe6ebe23a3f7c,10.1016/j.cej.2010.08.036,True,False,658.0952487198654,,,,,,,,,965.0633065683421,,,,,,
6a7d9fab7bffe6ebe23a4079,,,600.0,10.0,,,,,,,1.0,,1.0,0.0,10,100.0,400,,6a7d9fa67bffe6ebe23a3f7c,10.1016/j.cej.2010.08.036,True,False,695.436138288022,,,,,,,,,962.6864534609115,,,,,,
6a7d9fab7bffe6ebe23a407a,,,1000.0,5.0,,,,,,,0.05,,0.05,0.0,10,100.0,100,,6a7d9fa67bffe6ebe23a3f7d,10.1016/j.materresbull.2013.12.003,True,False,100.0,,,,,,,774.1230998111732,217.48459821854317,993.223216158996,,,,,,
6a7d9fab7bffe6ebe23a407a,,,1000.0,5.0,,,,,,,0.05,,0.05,0.0,10,100.0,100,,6a7d9fa67bffe6ebe23a3f7d,10.1016/j.materresbull.2013.12.003,True,False,150.0,,,,,,,737.4868870281714,194.42102653111826,935.4612905071621,,,,,,
6a7d9fab7bffe6ebe23a407a,,,1000.0,5.0,,,,,,,0.05,,0.05,0.0,10,100.0,100,,6a7d9fa67bffe6ebe23a3f7d,10.1016/j.materresbull.2013.12.003,True,False,200.0,,,,,,,757.5597474680043,197.93816399320986,954.5804802685537,,,,,,
6a7d9fab7bffe6ebe23a407a,,,1000.0,5.0,,,,,,,0.05,,0.05,0.0,10,100.0,100,,6a7d9fa67bffe6ebe23a3f7d,10.1016/j.materresbull.2013.12.003,True,False,250.0,,,,,,,754.0654981021953,199.6776593106868,951.7728737912224,,,,,,
6a7d9fab7bffe6ebe23a407a,,,1000.0,5.0,,,,,,,0.05,,0.05,0.0,10,100.0,100,,6a7d9fa67bffe6ebe23a3f7d,10.1016/j.materresbull.2013.12.003,True,False,300.0,,,,,,,756.5984474241354,199.76158233038967,955.9995422380744,,,,,,
6a7d9fab7bffe6ebe23a407a,,,1000.0,5.0,,,,,,,0.05,,0.05,0.0,10,100.0,100,,6a7d9fa67bffe6ebe23a3f7d,10.1016/j.materresbull.2013.12.003,True,False,350.0,,,,,,,757.4300482557363,203.1947967727784,961.5994964618818,,,,,,
6a7d9fab7bffe6ebe23a407a,,,1000.0,5.0,,,,,,,0.05,,0.05,0.0,10,100.0,100,,6a7d9fa67bffe6ebe23a3f7d,10.1016/j.materresbull.2013.12.003,True,False,400.0,,,,,,,785.3611550859258,225.2818096854794,1011.6252455701997,,,,,,
6a7d9fab7bffe6ebe23a407a,,,1000.0,5.0,,,,,,,0.05,,0.05,0.0,10,100.0,100,,6a7d9fa67bffe6ebe23a3f7d,10.1016/j.materresbull.2013.12.003,True,False,450.0,,,,,,,790.5948997692118,242.19611283831466,1030.6757710427437,,,,,,
6a7d9fab7bffe6ebe23a407a,,,1000.0,5.0,,,,,,,0.05,,0.05,0.0,10,100.0,100,,6a7d9fa67bffe6ebe23a3f7d,10.1016/j.materresbull.2013.12.003,True,False,500.0,,,,,,,764.3956588910718,238.2212134505712,1005.2776135344943,,,,,,
6a7d9fab7bffe6ebe23a407a,,,1000.0,5.0,,,,,,,0.05,,0.05,0.0,10,100.0,100,,6a7d9fa67bffe6ebe23a3f7d,10.1016/j.materresbull.2013.12.003,True,False,550.0,,,,,,,737.5860687787293,244.11108356062482,981.7867973831277,,,,,,
6a7d9fab7bffe6ebe23a407a,,,1000.0,5.0,,,,,,,0.05,,0.05,0.0,10,100.0,100,,6a7d9fa67bffe6ebe23a3f7d,10.1016/j.materresbull.2013.12.003,True,False,600.0,,,,,,,744.4067214709416,267.754487020542,1009.3516946727956,,,,,,
6a7d9fab7bffe6ebe23a407a,,,1000.0,5.0,,,,,,,0.05,,0.05,0.0,10,100.0,100,,6a7d9fa67bffe6ebe23a3f7d,10.1016/j.materresbull.2013.12.003,True,False,650.0,,,,,,,752.8600583646455,258.29407389040415,1010.7554979114612,,,,,,
6a7d9fab7bffe6ebe23a407b,,1.0,1350.0,5.0,,,Degussa,Printex-U,,0.005,0.045,1:9,0.05,0.0,10,25.0,100,,6a7d9fa67bffe6ebe23a3f7d,10.1016/j.materresbull.2013.12.003,True,True,206.85706246482835,,0.524584403033888,,,,,,,,,88.8,,,,
6a7d9fab7bffe6ebe23a407b,,1.0,1350.0,5.0,,,Degussa,Printex-U,,0.005,0.045,1:9,0.05,0.0,10,25.0,100,,6a7d9fa67bffe6ebe23a3f7d,10.1016/j.materresbull.2013.12.003,True,True,236.75576814856498,,1.0298409847427408,,,,,,,,,88.8,,,,
6a7d9fab7bffe6ebe23a407b,,1.0,1350.0,5.0,,,Degussa,Printex-U,,0.005,0.045,1:9,0.05,0.0,10,25.0,100,,6a7d9fa67bffe6ebe23a3f7d,10.1016/j.materresbull.2013.12.003,True,True,274.9718626899268,,2.1262555762716886,,,,,,,,,88.8,,,,
6a7d9fab7bffe6ebe23a407b,,1.0,1350.0,5.0,,,Degussa,Printex-U,,0.005,0.045,1:9,0.05,0.0,10,25.0,100,,6a7d9fa67bffe6ebe23a3f7d,10.1016/j.materresbull.2013.12.003,True,True,314.7017445132245,,4.252706383061804,,,,,,,,,88.8,,,,
6a7d9fab7bffe6ebe23a407b,,1.0,1350.0,5.0,,,Degussa,Printex-U,,0.005,0.045,1:9,0.05,0.0,10,25.0,100,,6a7d9fa67bffe6ebe23a3f7d,10.1016/j.materresbull.2013.12.003,True,True,371.2830613393359,,13.966596058295835,,,,,,,,,88.8,,,,
6a7d9fab7bffe6ebe23a407b,,1.0,1350.0,5.0,,,Degussa,Printex-U,,0.005,0.045,1:9,0.05,0.0,10,25.0,100,,6a7d9fa67bffe6ebe23a3f7d,10.1016/j.materresbull.2013.12.003,True,True,419.4710185706246,,22.390402467713752,,,,,,,,,88.8,,,,
6a7d9fab7bffe6ebe23a407b,,1.0,1350.0,5.0,,,Degussa,Printex-U,,0.005,0.045,1:9,0.05,0.0,10,25.0,100,,6a7d9fa67bffe6ebe23a3f7d,10.1016/j.materresbull.2013.12.003,True,True,467.05683736634774,,28.407407045869405,,,,,,,,,88.8,,,,
6a7d9fab7bffe6ebe23a407b,,1.0,1350.0,5.0,,,Degussa,Printex-U,,0.005,0.045,1:9,0.05,0.0,10,25.0,100,,6a7d9fa67bffe6ebe23a3f7d,10.1016/j.materresbull.2013.12.003,True,True,508.38210467079335,,36.596155911092026,,,,,,,,,88.8,,,,
6a7d9fab7bffe6ebe23a407b,,1.0,1350.0,5.0,,,Degussa,Printex-U,,0.005,0.045,1:9,0.05,0.0,10,25.0,100,,6a7d9fa67bffe6ebe23a3f7d,10.1016/j.materresbull.2013.12.003,True,True,550.5796285875069,,55.568657692570504,,,,,,,,,88.8,,,,
6a7d9fab7bffe6ebe23a407b,,1.0,1350.0,5.0,,,Degussa,Printex-U,,0.005,0.045,1:9,0.05,0.0,10,25.0,100,,6a7d9fa67bffe6ebe23a3f7d,10.1016/j.materresbull.2013.12.003,True,True,571.9808666291501,,71.7470202942124,,,,,,,,,88.8,,,,
6a7d9fab7bffe6ebe23a407b,,1.0,1350.0,5.0,,,Degussa,Printex-U,,0.005,0.045,1:9,0.05,0.0,10,25.0,100,,6a7d9fa67bffe6ebe23a3f7d,10.1016/j.materresbull.2013.12.003,True,True,595.1631963984244,,89.89955389826538,,,,,,,,,88.8,,,,
6a7d9fab7bffe6ebe23a407b,,1.0,1350.0,5.0,,,Degussa,Printex-U,,0.005,0.045,1:9,0.05,0.0,10,25.0,100,,6a7d9fa67bffe6ebe23a3f7d,10.1016/j.materresbull.2013.12.003,True,True,621.7529544175577,,99.31122673096257,,,,,,,,,88.8,,,,
6a7d9fab7bffe6ebe23a407c,,,1000.0,5.0,,,,,,,0.05,,0.05,0.0,10,100.0,100,,6a7d9fa67bffe6ebe23a3f7e,10.1016/j.materresbull.2013.12.003,True,False,100.0,,,,,,,821.3304410701373,192.28871592020755,1010.926800221173,,,,,,
6a7d9fab7bffe6ebe23a407c,,,1000.0,5.0,,,,,,,0.05,,0.05,0.0,10,100.0,100,,6a7d9fa67bffe6ebe23a3f7e,10.1016/j.materresbull.2013.12.003,True,False,150.0,,,,,,,790.3066649653354,179.21398494321807,970.579728637659,,,,,,
6a7d9fab7bffe6ebe23a407c,,,1000.0,5.0,,,,,,,0.05,,0.05,0.0,10,100.0,100,,6a7d9fa67bffe6ebe23a3f7e,10.1016/j.materresbull.2013.12.003,True,False,200.0,,,,,,,790.9446641997363,176.5003615328995,966.0031474628897,,,,,,
6a7d9fab7bffe6ebe23a407c,,,1000.0,5.0,,,,,,,0.05,,0.05,0.0,10,100.0,100,,6a7d9fa67bffe6ebe23a3f7e,10.1016/j.materresbull.2013.12.003,True,False,250.0,,,,,,,790.4938114074263,174.07596444217597,963.5362170898728,,,,,,
6a7d9fab7bffe6ebe23a407c,,,1000.0,5.0,,,,,,,0.05,,0.05,0.0,10,100.0,100,,6a7d9fa67bffe6ebe23a3f7e,10.1016/j.materresbull.2013.12.003,True,False,300.0,,,,,,,790.7234911318105,174.40772404406448,962.949257794224,,,,,,
6a7d9fab7bffe6ebe23a407c,,,1000.0,5.0,,,,,,,0.05,,0.05,0.0,10,100.0,100,,6a7d9fa67bffe6ebe23a3f7e,10.1016/j.materresbull.2013.12.003,True,False,350.0,,,,,,,790.6384245672238,175.02020330908934,965.3311216026541,,,,,,
6a7d9fab7bffe6ebe23a407c,,,1000.0,5.0,,,,,,,0.05,,0.05,0.0,10,100.0,100,,6a7d9fa67bffe6ebe23a3f7e,10.1016/j.materresbull.2013.12.003,True,False,400.0,,,,,,,784.1223257198758,174.1099910680107,957.5475309429629,,,,,,
6a7d9fab7bffe6ebe23a407c,,,1000.0,5.0,,,,,,,0.05,,0.05,0.0,10,100.0,100,,6a7d9fa67bffe6ebe23a3f7e,10.1016/j.materresbull.2013.12.003,True,False,450.0,,,,,,,776.0239887712135,182.1402747650036,959.7337416528434,,,,,,
6a7d9fab7bffe6ebe23a407c,,,1000.0,5.0,,,,,,,0.05,,0.05,0.0,10,100.0,100,,6a7d9fa67bffe6ebe23a3f7e,10.1016/j.materresbull.2013.12.003,True,False,500.0,,,,,,,746.863170430862,192.9182084981498,940.7553910935306,,,,,,
6a7d9fab7bffe6ebe23a407c,,,1000.0,5.0,,,,,,,0.05,,0.05,0.0,10,100.0,100,,6a7d9fa67bffe6ebe23a3f7e,10.1016/j.materresbull.2013.12.003,True,False,550.0,,,,,,,677.9507464591043,193.4371145421292,871.5367274892603,,,,,,
6a7d9fab7bffe6ebe23a407c,,,1000.0,5.0,,,,,,,0.05,,0.05,0.0,10,100.0,100,,6a7d9fa67bffe6ebe23a3f7e,10.1016/j.materresbull.2013.12.003,True,False,600.0,,,,,,,834.0478924758623,260.469567436519,1096.9376036748754,,,,,,
6a7d9fab7bffe6ebe23a407c,,,1000.0,5.0,,,,,,,0.05,,0.05,0.0,10,100.0,100,,6a7d9fa67bffe6ebe23a3f7e,10.1016/j.materresbull.2013.12.003,True,False,650.0,,,,,,,864.1614563395857,279.88175747522433,1145.5021053974735,,,,,,
6a7d9fab7bffe6ebe23a407d,,1.0,1350.0,5.0,,,Degussa,Printex-U,,0.005,0.045,1:9,0.05,0.0,10,25.0,100,,6a7d9fa67bffe6ebe23a3f7e,10.1016/j.materresbull.2013.12.003,True,True,200.3263927968486,,0.7448044278281643,,,,,,,,,97.1,,,,
6a7d9fab7bffe6ebe23a407d,,1.0,1350.0,5.0,,,Degussa,Printex-U,,0.005,0.045,1:9,0.05,0.0,10,25.0,100,,6a7d9fa67bffe6ebe23a3f7e,10.1016/j.materresbull.2013.12.003,True,True,249.65109735509284,,1.9294632136895693,,,,,,,,,97.1,,,,
6a7d9fab7bffe6ebe23a407d,,1.0,1350.0,5.0,,,Degussa,Printex-U,,0.005,0.045,1:9,0.05,0.0,10,25.0,100,,6a7d9fa67bffe6ebe23a3f7e,10.1016/j.materresbull.2013.12.003,True,True,300.4501969611705,,4.7962281463838465,,,,,,,,,97.1,,,,
6a7d9fab7bffe6ebe23a407d,,1.0,1350.0,5.0,,,Degussa,Printex-U,,0.005,0.045,1:9,0.05,0.0,10,25.0,100,,6a7d9fa67bffe6ebe23a3f7e,10.1016/j.materresbull.2013.12.003,True,True,349.831176139561,,8.907001942543662,,,,,,,,,97.1,,,,
6a7d9fab7bffe6ebe23a407d,,1.0,1350.0,5.0,,,Degussa,Printex-U,,0.005,0.045,1:9,0.05,0.0,10,25.0,100,,6a7d9fa67bffe6ebe23a3f7e,10.1016/j.materresbull.2013.12.003,True,True,399.87056837366345,,21.265874681530217,,,,,,,,,97.1,,,,
6a7d9fab7bffe6ebe23a407d,,1.0,1350.0,5.0,,,Degussa,Printex-U,,0.005,0.045,1:9,0.05,0.0,10,25.0,100,,6a7d9fa67bffe6ebe23a3f7e,10.1016/j.materresbull.2013.12.003,True,True,420.9257175014068,,40.25789951485217,,,,,,,,,97.1,,,,
6a7d9fab7bffe6ebe23a407d,,1.0,1350.0,5.0,,,Degussa,Printex-U,,0.005,0.045,1:9,0.05,0.0,10,25.0,100,,6a7d9fa67bffe6ebe23a3f7e,10.1016/j.materresbull.2013.12.003,True,True,456.84862127180634,,85.92544146500981,,,,,,,,,97.1,,,,
6a7d9fab7bffe6ebe23a407d,,1.0,1350.0,5.0,,,Degussa,Printex-U,,0.005,0.045,1:9,0.05,0.0,10,25.0,100,,6a7d9fa67bffe6ebe23a3f7e,10.1016/j.materresbull.2013.12.003,True,True,483.9898705683736,,98.73334439639603,,,,,,,,,97.1,,,,
6a7d9fab7bffe6ebe23a407d,,1.0,1350.0,5.0,,,Degussa,Printex-U,,0.005,0.045,1:9,0.05,0.0,10,25.0,100,,6a7d9fa67bffe6ebe23a3f7e,10.1016/j.materresbull.2013.12.003,True,True,540.891952729319,,99.77977997520571,,,,,,,,,97.1,,,,
6a7d9fab7bffe6ebe23a407e,,,1000.0,5.0,,,,,,,0.05,,0.05,0.0,10,100.0,100,,6a7d9fa67bffe6ebe23a3f7f,10.1016/j.materresbull.2013.12.003,True,False,100.0,,,,,,,819.9489328270263,191.47898389419927,1008.1691109074244,,,,,,
6a7d9fab7bffe6ebe23a407e,,,1000.0,5.0,,,,,,,0.05,,0.05,0.0,10,100.0,100,,6a7d9fa67bffe6ebe23a3f7f,10.1016/j.materresbull.2013.12.003,True,False,150.0,,,,,,,710.0972240408537,145.89498494173102,852.2669241848894,,,,,,
6a7d9fab7bffe6ebe23a407e,,,1000.0,5.0,,,,,,,0.05,,0.05,0.0,10,100.0,100,,6a7d9fa67bffe6ebe23a3f7f,10.1016/j.materresbull.2013.12.003,True,False,200.0,,,,,,,803.1884247741259,158.03980620662563,964.311902579547,,,,,,
6a7d9fab7bffe6ebe23a407e,,,1000.0,5.0,,,,,,,0.05,,0.05,0.0,10,100.0,100,,6a7d9fa67bffe6ebe23a3f7f,10.1016/j.materresbull.2013.12.003,True,False,250.0,,,,,,,828.3455545371219,173.58092182794292,1001.5893020819694,,,,,,
6a7d9fab7bffe6ebe23a407e,,,1000.0,5.0,,,,,,,0.05,,0.05,0.0,10,100.0,100,,6a7d9fa67bffe6ebe23a3f7f,10.1016/j.materresbull.2013.12.003,True,False,300.0,,,,,,,784.0464187508184,187.9108288594998,969.9014665444547,,,,,,
6a7d9fab7bffe6ebe23a407e,,,1000.0,5.0,,,,,,,0.05,,0.05,0.0,10,100.0,100,,6a7d9fa67bffe6ebe23a3f7f,10.1016/j.materresbull.2013.12.003,True,False,350.0,,,,,,,725.6874427131072,241.50680895639647,961.758543930863,,,,,,
6a7d9fab7bffe6ebe23a407e,,,1000.0,5.0,,,,,,,0.05,,0.05,0.0,10,100.0,100,,6a7d9fa67bffe6ebe23a3f7f,10.1016/j.materresbull.2013.12.003,True,False,400.0,,,,,,,588.7144821264894,374.28964252978915,965.4985596438393,,,,,,
6a7d9fab7bffe6ebe23a407e,,,1000.0,5.0,,,,,,,0.05,,0.05,0.0,10,100.0,100,,6a7d9fa67bffe6ebe23a3f7f,10.1016/j.materresbull.2013.12.003,True,False,450.0,,,,,,,575.4730260573524,445.04713892889885,1020.395770590546,,,,,,
6a7d9fab7bffe6ebe23a407e,,,1000.0,5.0,,,,,,,0.05,,0.05,0.0,10,100.0,100,,6a7d9fa67bffe6ebe23a3f7f,10.1016/j.materresbull.2013.12.003,True,False,500.0,,,,,,,676.3797957313081,393.65261228230975,1069.3596962157917,,,,,,
6a7d9fab7bffe6ebe23a407e,,,1000.0,5.0,,,,,,,0.05,,0.05,0.0,10,100.0,100,,6a7d9fa67bffe6ebe23a3f7f,10.1016/j.materresbull.2013.12.003,True,False,550.0,,,,,,,737.8977347125834,338.0925101479638,1073.8608092182794,,,,,,
6a7d9fab7bffe6ebe23a407e,,,1000.0,5.0,,,,,,,0.05,,0.05,0.0,10,100.0,100,,6a7d9fa67bffe6ebe23a3f7f,10.1016/j.materresbull.2013.12.003,True,False,600.0,,,,,,,767.5559774780673,294.5462878093492,1057.214874950897,,,,,,
6a7d9fab7bffe6ebe23a407e,,,1000.0,5.0,,,,,,,0.05,,0.05,0.0,10,100.0,100,,6a7d9fa67bffe6ebe23a3f7f,10.1016/j.materresbull.2013.12.003,True,False,650.0,,,,,,,784.1773602199817,264.5279560036663,1046.6413513159619,,,,,,
6a7d9fab7bffe6ebe23a407f,,1.0,1350.0,5.0,,,Degussa,Printex-U,,0.005,0.045,1:9,0.05,0.0,10,25.0,100,,6a7d9fa67bffe6ebe23a3f7f,10.1016/j.materresbull.2013.12.003,True,True,200.44456949915588,,0.17082670363031838,,,,,,,,,100.0,,,,
6a7d9fab7bffe6ebe23a407f,,1.0,1350.0,5.0,,,Degussa,Printex-U,,0.005,0.045,1:9,0.05,0.0,10,25.0,100,,6a7d9fa67bffe6ebe23a3f7f,10.1016/j.materresbull.2013.12.003,True,True,243.69161508159817,,0.7088820124361881,,,,,,,,,100.0,,,,
6a7d9fab7bffe6ebe23a407f,,1.0,1350.0,5.0,,,Degussa,Printex-U,,0.005,0.045,1:9,0.05,0.0,10,25.0,100,,6a7d9fa67bffe6ebe23a3f7f,10.1016/j.materresbull.2013.12.003,True,True,293.4665166010129,,2.8197143777515343,,,,,,,,,100.0,,,,
6a7d9fab7bffe6ebe23a407f,,1.0,1350.0,5.0,,,Degussa,Printex-U,,0.005,0.045,1:9,0.05,0.0,10,25.0,100,,6a7d9fa67bffe6ebe23a3f7f,10.1016/j.materresbull.2013.12.003,True,True,342.29037703995493,,7.761389260369185,,,,,,,,,100.0,,,,
6a7d9fab7bffe6ebe23a407f,,1.0,1350.0,5.0,,,Degussa,Printex-U,,0.005,0.045,1:9,0.05,0.0,10,25.0,100,,6a7d9fa67bffe6ebe23a3f7f,10.1016/j.materresbull.2013.12.003,True,True,383.6325267304445,,16.82789453647394,,,,,,,,,100.0,,,,
6a7d9fab7bffe6ebe23a407f,,1.0,1350.0,5.0,,,Degussa,Printex-U,,0.005,0.045,1:9,0.05,0.0,10,25.0,100,,6a7d9fa67bffe6ebe23a3f7f,10.1016/j.materresbull.2013.12.003,True,True,407.60832864378165,,29.175053444354425,,,,,,,,,100.0,,,,
6a7d9fab7bffe6ebe23a407f,,1.0,1350.0,5.0,,,Degussa,Printex-U,,0.005,0.045,1:9,0.05,0.0,10,25.0,100,,6a7d9fa67bffe6ebe23a3f7f,10.1016/j.materresbull.2013.12.003,True,True,434.5751266178953,,53.872494948410335,,,,,,,,,100.0,,,,
6a7d9fab7bffe6ebe23a407f,,1.0,1350.0,5.0,,,Degussa,Printex-U,,0.005,0.045,1:9,0.05,0.0,10,25.0,100,,6a7d9fa67bffe6ebe23a3f7f,10.1016/j.materresbull.2013.12.003,True,True,463.1851435002813,,84.70486026375643,,,,,,,,,100.0,,,,
6a7d9fab7bffe6ebe23a407f,,1.0,1350.0,5.0,,,Degussa,Printex-U,,0.005,0.045,1:9,0.05,0.0,10,25.0,100,,6a7d9fa67bffe6ebe23a3f7f,10.1016/j.materresbull.2013.12.003,True,True,489.2599887450759,,98.66071864353836,,,,,,,,,100.0,,,,
6a7d9fab7bffe6ebe23a407f,,1.0,1350.0,5.0,,,Degussa,Printex-U,,0.005,0.045,1:9,0.05,0.0,10,25.0,100,,6a7d9fa67bffe6ebe23a3f7f,10.1016/j.materresbull.2013.12.003,True,True,520.9172763083848,,98.92154661616703,,,,,,,,,100.0,,,,
6a7d9fab7bffe6ebe23a407f,,1.0,1350.0,5.0,,,Degussa,Printex-U,,0.005,0.045,1:9,0.05,0.0,10,25.0,100,,6a7d9fa67bffe6ebe23a3f7f,10.1016/j.materresbull.2013.12.003,True,True,551.9921215531795,,99.21126870552405,,,,,,,,,100.0,,,,
6a7d9fab7bffe6ebe23a4080,,,1000.0,5.0,,,,,,,0.05,,0.05,0.0,10,100.0,100,,6a7d9fa77bffe6ebe23a3f80,10.1016/j.materresbull.2013.12.003,True,False,100.0,,,,,,,806.3477848601381,200.3993046409946,1006.9820365590266,,,,,,
6a7d9fab7bffe6ebe23a4080,,,1000.0,5.0,,,,,,,0.05,,0.05,0.0,10,100.0,100,,6a7d9fa77bffe6ebe23a3f80,10.1016/j.materresbull.2013.12.003,True,False,150.0,,,,,,,669.7287046304589,139.09814044144764,807.2496444186904,,,,,,
6a7d9fab7bffe6ebe23a4080,,,1000.0,5.0,,,,,,,0.05,,0.05,0.0,10,100.0,100,,6a7d9fa77bffe6ebe23a3f80,10.1016/j.materresbull.2013.12.003,True,False,200.0,,,,,,,758.3300848127271,155.33161249539063,909.3704893852395,,,,,,
6a7d9fab7bffe6ebe23a4080,,,1000.0,5.0,,,,,,,0.05,,0.05,0.0,10,100.0,100,,6a7d9fa77bffe6ebe23a3f80,10.1016/j.materresbull.2013.12.003,True,False,250.0,,,,,,,811.9865142495917,182.58125691408105,992.8809987883897,,,,,,
6a7d9fab7bffe6ebe23a4080,,,1000.0,5.0,,,,,,,0.05,,0.05,0.0,10,100.0,100,,6a7d9fa77bffe6ebe23a3f80,10.1016/j.materresbull.2013.12.003,True,False,300.0,,,,,,,722.2135595006058,189.86356213454144,914.9502186166571,,,,,,
6a7d9fab7bffe6ebe23a4080,,,1000.0,5.0,,,,,,,0.05,,0.05,0.0,10,100.0,100,,6a7d9fa77bffe6ebe23a3f80,10.1016/j.materresbull.2013.12.003,True,False,350.0,,,,,,,536.4642048148344,188.80998788389616,730.9708686719697,,,,,,
6a7d9fab7bffe6ebe23a4080,,,1000.0,5.0,,,,,,,0.05,,0.05,0.0,10,100.0,100,,6a7d9fa77bffe6ebe23a3f80,10.1016/j.materresbull.2013.12.003,True,False,400.0,,,,,,,463.85186746035936,396.87825949533794,857.2059210872886,,,,,,
6a7d9fab7bffe6ebe23a4080,,,1000.0,5.0,,,,,,,0.05,,0.05,0.0,10,100.0,100,,6a7d9fa77bffe6ebe23a3f80,10.1016/j.materresbull.2013.12.003,True,False,450.0,,,,,,,611.9422641310647,459.94099984196396,1071.3006374124216,,,,,,
6a7d9fab7bffe6ebe23a4080,,,1000.0,5.0,,,,,,,0.05,,0.05,0.0,10,100.0,100,,6a7d9fa77bffe6ebe23a3f80,10.1016/j.materresbull.2013.12.003,True,False,500.0,,,,,,,738.455460148554,417.08159932571243,1158.8737291260602,,,,,,
6a7d9fab7bffe6ebe23a4080,,,1000.0,5.0,,,,,,,0.05,,0.05,0.0,10,100.0,100,,6a7d9fa77bffe6ebe23a3f80,10.1016/j.materresbull.2013.12.003,True,False,550.0,,,,,,,813.0822314702629,373.67434019912554,1186.401517146921,,,,,,
6a7d9fab7bffe6ebe23a4080,,,1000.0,5.0,,,,,,,0.05,,0.05,0.0,10,100.0,100,,6a7d9fa77bffe6ebe23a3f80,10.1016/j.materresbull.2013.12.003,True,False,600.0,,,,,,,842.8014539324658,335.5096665437497,1180.332929463204,,,,,,
6a7d9fab7bffe6ebe23a4080,,,1000.0,5.0,,,,,,,0.05,,0.05,0.0,10,100.0,100,,6a7d9fa77bffe6ebe23a3f80,10.1016/j.materresbull.2013.12.003,True,False,650.0,,,,,,,837.5588684612549,299.6459990517832,1135.7709529579097,,,,,,
6a7d9fab7bffe6ebe23a4081,,1.0,1350.0,5.0,,,Degussa,Printex-U,,0.005,0.045,1:9,0.05,0.0,10,25.0,100,,6a7d9fa77bffe6ebe23a3f80,10.1016/j.materresbull.2013.12.003,True,True,150.0,,0.0,,,,23.985379516183343,1144.7896900695762,174.76280834914613,1316.8840923466162,,100.0,,,,
6a7d9fab7bffe6ebe23a4081,,1.0,1350.0,5.0,,,Degussa,Printex-U,,0.005,0.045,1:9,0.05,0.0,10,25.0,100,,6a7d9fa77bffe6ebe23a3f80,10.1016/j.materresbull.2013.12.003,True,True,200.0,,0.5448883769510893,,,,74.64881641127704,1186.3259013282732,157.39840290955092,1341.913741302973,,100.0,,,,
6a7d9fab7bffe6ebe23a4081,,1.0,1350.0,5.0,,,Degussa,Printex-U,,0.005,0.045,1:9,0.05,0.0,10,25.0,100,,6a7d9fa77bffe6ebe23a3f80,10.1016/j.materresbull.2013.12.003,True,True,225.0,,0.9993850238669353,,,,91.84302445038031,1218.9516129032259,141.52830487033523,1361.201375711575,,100.0,,,,
6a7d9fab7bffe6ebe23a4081,,1.0,1350.0,5.0,,,Degussa,Printex-U,,0.005,0.045,1:9,0.05,0.0,10,25.0,100,,6a7d9fa77bffe6ebe23a3f80,10.1016/j.materresbull.2013.12.003,True,True,250.0,,1.54837324170515,,,,134.93668422134044,1225.0810404807085,139.4528779253637,1360.7724541429477,,100.0,,,,
6a7d9fab7bffe6ebe23a4081,,1.0,1350.0,5.0,,,Degussa,Printex-U,,0.005,0.045,1:9,0.05,0.0,10,25.0,100,,6a7d9fa77bffe6ebe23a3f80,10.1016/j.materresbull.2013.12.003,True,True,275.0,,2.434719795398422,,,,227.45017464557236,1185.9523244781783,148.87531625553447,1333.155439595193,,100.0,,,,
6a7d9fab7bffe6ebe23a4081,,1.0,1350.0,5.0,,,Degussa,Printex-U,,0.005,0.045,1:9,0.05,0.0,10,25.0,100,,6a7d9fa77bffe6ebe23a3f80,10.1016/j.materresbull.2013.12.003,True,True,300.0,,4.117606864305033,,,,430.42834124555293,1113.8104838709678,155.82107843137254,1265.6625553447186,,100.0,,,,
6a7d9fab7bffe6ebe23a4081,,1.0,1350.0,5.0,,,Degussa,Printex-U,,0.005,0.045,1:9,0.05,0.0,10,25.0,100,,6a7d9fa77bffe6ebe23a3f80,10.1016/j.materresbull.2013.12.003,True,True,325.0,,7.186630614097599,,,,813.1887145437047,1111.416824794434,185.9009329538267,1294.0820683111956,,100.0,,,,
6a7d9fab7bffe6ebe23a4081,,1.0,1350.0,5.0,,,Degussa,Printex-U,,0.005,0.045,1:9,0.05,0.0,10,25.0,100,,6a7d9fa77bffe6ebe23a3f80,10.1016/j.materresbull.2013.12.003,True,True,350.0,,14.816239274523394,,,,2284.104549436052,1277.7277039848198,264.82250158127766,1539.5220588235295,,100.0,,,,
6a7d9fab7bffe6ebe23a4081,,1.0,1350.0,5.0,,,Degussa,Printex-U,,0.005,0.045,1:9,0.05,0.0,10,25.0,100,,6a7d9fa77bffe6ebe23a3f80,10.1016/j.materresbull.2013.12.003,True,True,375.0,,32.66889880226078,,,,4999.113254679745,842.4830012650222,437.2628083491461,1262.8676470588236,,100.0,,,,
6a7d9fab7bffe6ebe23a4081,,1.0,1350.0,5.0,,,Degussa,Printex-U,,0.005,0.045,1:9,0.05,0.0,10,25.0,100,,6a7d9fa77bffe6ebe23a3f80,10.1016/j.materresbull.2013.12.003,True,True,400.0,,62.746893394375405,,,,6948.222724470927,671.1772612270715,613.4388836179635,1282.1967900063253,,100.0,,,,
6a7d9fab7bffe6ebe23a4081,,1.0,1350.0,5.0,,,Degussa,Printex-U,,0.005,0.045,1:9,0.05,0.0,10,25.0,100,,6a7d9fa77bffe6ebe23a3f80,10.1016/j.materresbull.2013.12.003,True,True,425.0,,89.94094276817351,,,,3704.6813664529104,349.7628083491461,351.34013282732445,670.7206672991779,,100.0,,,,
6a7d9fab7bffe6ebe23a4081,,1.0,1350.0,5.0,,,Degussa,Printex-U,,0.005,0.045,1:9,0.05,0.0,10,25.0,100,,6a7d9fa77bffe6ebe23a3f80,10.1016/j.materresbull.2013.12.003,True,True,450.0,,98.9676210185176,,,,271.40895180214784,828.1625553447186,950.972485768501,1777.2829696394688,,100.0,,,,
6a7d9fab7bffe6ebe23a4081,,1.0,1350.0,5.0,,,Degussa,Printex-U,,0.005,0.045,1:9,0.05,0.0,10,25.0,100,,6a7d9fa77bffe6ebe23a3f80,10.1016/j.materresbull.2013.12.003,True,True,475.0,,99.48146774303758,,,,26.0400333070196,924.3101676154333,812.0987507906389,1728.6211258697028,,100.0,,,,
6a7d9fab7bffe6ebe23a4081,,1.0,1350.0,5.0,,,Degussa,Printex-U,,0.005,0.045,1:9,0.05,0.0,10,25.0,100,,6a7d9fa77bffe6ebe23a3f80,10.1016/j.materresbull.2013.12.003,True,True,500.0,,99.62281463838427,,,,9.170244287521996,988.9112903225806,668.2578273244783,1655.2893738140417,,100.0,,,,
6a7d9fab7bffe6ebe23a4081,,1.0,1350.0,5.0,,,Degussa,Printex-U,,0.005,0.045,1:9,0.05,0.0,10,25.0,100,,6a7d9fa77bffe6ebe23a3f80,10.1016/j.materresbull.2013.12.003,True,True,525.0,,99.66810811866111,,,,15.009786640424977,1030.945604048071,544.9221220746363,1578.0696552814675,,100.0,,,,
6a7d9fab7bffe6ebe23a4081,,1.0,1350.0,5.0,,,Degussa,Printex-U,,0.005,0.045,1:9,0.05,0.0,10,25.0,100,,6a7d9fa77bffe6ebe23a3f80,10.1016/j.materresbull.2013.12.003,True,True,550.0,,99.89223275382408,,,,8.034777718901978,1070.4340607210625,458.75039531941803,1533.7246995572423,,100.0,,,,
6a7d9fab7bffe6ebe23a4082,NO oxidation,,1000.0,5.0,,,,,,,0.05,,0.05,0.0,4,25.0,100,,6a7d9fa77bffe6ebe23a3f81,10.1039/c5ra07414b,True,False,101.03338311871798,,,,11.761866750821435,,,,,,,,,,,
6a7d9fab7bffe6ebe23a4082,NO oxidation,,1000.0,5.0,,,,,,,0.05,,0.05,0.0,4,25.0,100,,6a7d9fa77bffe6ebe23a3f81,10.1039/c5ra07414b,True,False,136.88794251806402,,,,11.568805806679164,,,,,,,,,,,
6a7d9fab7bffe6ebe23a4082,NO oxidation,,1000.0,5.0,,,,,,,0.05,,0.05,0.0,4,25.0,100,,6a7d9fa77bffe6ebe23a3f81,10.1039/c5ra07414b,True,False,177.87409679893432,,,,11.687612541535946,,,,,,,,,,,
6a7d9fab7bffe6ebe23a4082,NO oxidation,,1000.0,5.0,,,,,,,0.05,,0.05,0.0,4,25.0,100,,6a7d9fa77bffe6ebe23a3f81,10.1039/c5ra07414b,True,False,218.70887659952365,,,,12.011360894020678,,,,,,,,,,,
6a7d9fab7bffe6ebe23a4082,NO oxidation,,1000.0,5.0,,,,,,,0.05,,0.05,0.0,4,25.0,100,,6a7d9fa77bffe6ebe23a3f81,10.1039/c5ra07414b,True,False,263.15847898922215,,,,12.931370547067884,,,,,,,,,,,
6a7d9fab7bffe6ebe23a4082,NO oxidation,,1000.0,5.0,,,,,,,0.05,,0.05,0.0,4,25.0,100,,6a7d9fa77bffe6ebe23a3f81,10.1039/c5ra07414b,True,False,304.0144512170508,,,,13.779353617108168,,,,,,,,,,,
6a7d9fab7bffe6ebe23a4082,NO oxidation,,1000.0,5.0,,,,,,,0.05,,0.05,0.0,4,25.0,100,,6a7d9fa77bffe6ebe23a3f81,10.1039/c5ra07414b,True,False,345.75747789932586,,,,13.579609794130201,,,,,,,,,,,
6a7d9fab7bffe6ebe23a4082,NO oxidation,,1000.0,5.0,,,,,,,0.05,,0.05,0.0,4,25.0,100,,6a7d9fa77bffe6ebe23a3f81,10.1039/c5ra07414b,True,False,388.4965486618496,,,,13.18754756910282,,,,,,,,,,,
6a7d9fab7bffe6ebe23a4082,NO oxidation,,1000.0,5.0,,,,,,,0.05,,0.05,0.0,4,25.0,100,,6a7d9fa77bffe6ebe23a3f81,10.1039/c5ra07414b,True,False,428.1869373915149,,,,12.995229167053404,,,,,,,,,,,
6a7d9fab7bffe6ebe23a4082,NO oxidation,,1000.0,5.0,,,,,,,0.05,,0.05,0.0,4,25.0,100,,6a7d9fa77bffe6ebe23a3f81,10.1039/c5ra07414b,True,False,465.11322811125007,,,,13.72960329688689,,,,,,,,,,,
6a7d9fab7bffe6ebe23a4082,NO oxidation,,1000.0,5.0,,,,,,,0.05,,0.05,0.0,4,25.0,100,,6a7d9fa77bffe6ebe23a3f81,10.1039/c5ra07414b,True,False,502.07584870625266,,,,15.065436521932835,,,,,,,,,,,
6a7d9fab7bffe6ebe23a4082,NO oxidation,,1000.0,5.0,,,,,,,0.05,,0.05,0.0,4,25.0,100,,6a7d9fa77bffe6ebe23a3f81,10.1039/c5ra07414b,True,False,531.9057037904169,,,,16.508938350442737,,,,,,,,,,,
6a7d9fab7bffe6ebe23a4082,NO oxidation,,1000.0,5.0,,,,,,,0.05,,0.05,0.0,4,25.0,100,,6a7d9fa77bffe6ebe23a3f81,10.1039/c5ra07414b,True,False,568.7774996972511,,,,17.479440865804076,,,,,,,,,,,
6a7d9fab7bffe6ebe23a4082,NO oxidation,,1000.0,5.0,,,,,,,0.05,,0.05,0.0,4,25.0,100,,6a7d9fa77bffe6ebe23a3f81,10.1039/c5ra07414b,True,False,612.4823396439672,,,,16.64927880599231,,,,,,,,,,,
6a7d9fab7bffe6ebe23a4082,NO oxidation,,1000.0,5.0,,,,,,,0.05,,0.05,0.0,4,25.0,100,,6a7d9fa77bffe6ebe23a3f81,10.1039/c5ra07414b,True,False,644.2740079925725,,,,15.975050585680073,,,,,,,,,,,
6a7d9fab7bffe6ebe23a4083,soot + NO,1.0,1000.0,5.0,,,Degussa,Printex-U,93.5,0.005,0.045,1:9,0.05,0.0,10,25.0,100,,6a7d9fa77bffe6ebe23a3f81,10.1039/c5ra07414b,True,True,214.48970226171946,,1.0109360069165312,,,,,,,,,88.3,,,,
6a7d9fab7bffe6ebe23a4083,soot + NO,1.0,1000.0,5.0,,,Degussa,Printex-U,93.5,0.005,0.045,1:9,0.05,0.0,10,25.0,100,,6a7d9fa77bffe6ebe23a3f81,10.1039/c5ra07414b,True,True,247.61858988272795,,1.560769919155455,,,,,,,,,88.3,,,,
6a7d9fab7bffe6ebe23a4083,soot + NO,1.0,1000.0,5.0,,,Degussa,Printex-U,93.5,0.005,0.045,1:9,0.05,0.0,10,25.0,100,,6a7d9fa77bffe6ebe23a3f81,10.1039/c5ra07414b,True,True,279.8718131585312,,2.9038814482246047,,,,,,,,,88.3,,,,
6a7d9fab7bffe6ebe23a4083,soot + NO,1.0,1000.0,5.0,,,Degussa,Printex-U,93.5,0.005,0.045,1:9,0.05,0.0,10,25.0,100,,6a7d9fa77bffe6ebe23a3f81,10.1039/c5ra07414b,True,True,313.0081426861562,,4.936370944500902,,,,,,,,,88.3,,,,
6a7d9fab7bffe6ebe23a4083,soot + NO,1.0,1000.0,5.0,,,Degussa,Printex-U,93.5,0.005,0.045,1:9,0.05,0.0,10,25.0,100,,6a7d9fa77bffe6ebe23a3f81,10.1039/c5ra07414b,True,True,345.7599737052633,,7.512627220191417,,,,,,,,,88.3,,,,
6a7d9fab7bffe6ebe23a4083,soot + NO,1.0,1000.0,5.0,,,Degussa,Printex-U,93.5,0.005,0.045,1:9,0.05,0.0,10,25.0,100,,6a7d9fa77bffe6ebe23a3f81,10.1039/c5ra07414b,True,True,379.1220410669214,,10.063856572980022,,,,,,,,,88.3,,,,
6a7d9fab7bffe6ebe23a4083,soot + NO,1.0,1000.0,5.0,,,Degussa,Printex-U,93.5,0.005,0.045,1:9,0.05,0.0,10,25.0,100,,6a7d9fa77bffe6ebe23a3f81,10.1039/c5ra07414b,True,True,410.958517572202,,12.17901075399293,,,,,,,,,88.3,,,,
6a7d9fab7bffe6ebe23a4083,soot + NO,1.0,1000.0,5.0,,,Degussa,Printex-U,93.5,0.005,0.045,1:9,0.05,0.0,10,25.0,100,,6a7d9fa77bffe6ebe23a3f81,10.1039/c5ra07414b,True,True,444.91345682763927,,14.621031715936839,,,,,,,,,88.3,,,,
6a7d9fab7bffe6ebe23a4083,soot + NO,1.0,1000.0,5.0,,,Degussa,Printex-U,93.5,0.005,0.045,1:9,0.05,0.0,10,25.0,100,,6a7d9fa77bffe6ebe23a3f81,10.1039/c5ra07414b,True,True,476.80202667923515,,17.583309317599234,,,,,,,,,88.3,,,,
6a7d9fab7bffe6ebe23a4083,soot + NO,1.0,1000.0,5.0,,,Degussa,Printex-U,93.5,0.005,0.045,1:9,0.05,0.0,10,25.0,100,,6a7d9fa77bffe6ebe23a3f81,10.1039/c5ra07414b,True,True,492.9286383171368,,19.759134826859192,,,,,,,,,88.3,,,,
6a7d9fab7bffe6ebe23a4083,soot + NO,1.0,1000.0,5.0,,,Degussa,Printex-U,93.5,0.005,0.045,1:9,0.05,0.0,10,25.0,100,,6a7d9fa77bffe6ebe23a3f81,10.1039/c5ra07414b,True,True,509.05276931949965,,22.759332008675997,,,,,,,,,88.3,,,,
6a7d9fab7bffe6ebe23a4083,soot + NO,1.0,1000.0,5.0,,,Degussa,Printex-U,93.5,0.005,0.045,1:9,0.05,0.0,10,25.0,100,,6a7d9fa77bffe6ebe23a3f81,10.1039/c5ra07414b,True,True,525.8689976371945,,27.54174945775,,,,,,,,,88.3,,,,
6a7d9fab7bffe6ebe23a4083,soot + NO,1.0,1000.0,5.0,,,Degussa,Printex-U,93.5,0.005,0.045,1:9,0.05,0.0,10,25.0,100,,6a7d9fa77bffe6ebe23a3f81,10.1039/c5ra07414b,True,True,541.8740581336938,,34.80865779854086,,,,,,,,,88.3,,,,
6a7d9fab7bffe6ebe23a4083,soot + NO,1.0,1000.0,5.0,,,Degussa,Printex-U,93.5,0.005,0.045,1:9,0.05,0.0,10,25.0,100,,6a7d9fa77bffe6ebe23a3f81,10.1039/c5ra07414b,True,True,559.7668822752389,,47.36003882965008,,,,,,,,,88.3,,,,
6a7d9fab7bffe6ebe23a4083,soot + NO,1.0,1000.0,5.0,,,Degussa,Printex-U,93.5,0.005,0.045,1:9,0.05,0.0,10,25.0,100,,6a7d9fa77bffe6ebe23a3f81,10.1039/c5ra07414b,True,True,576.0894641207078,,62.72505270821642,,,,,,,,,88.3,,,,
6a7d9fab7bffe6ebe23a4083,soot + NO,1.0,1000.0,5.0,,,Degussa,Printex-U,93.5,0.005,0.045,1:9,0.05,0.0,10,25.0,100,,6a7d9fa77bffe6ebe23a3f81,10.1039/c5ra07414b,True,True,591.8563836054798,,79.36643965478015,,,,,,,,,88.3,,,,
6a7d9fab7bffe6ebe23a4083,soot + NO,1.0,1000.0,5.0,,,Degussa,Printex-U,93.5,0.005,0.045,1:9,0.05,0.0,10,25.0,100,,6a7d9fa77bffe6ebe23a3f81,10.1039/c5ra07414b,True,True,606.7426774739688,,91.21327488662045,,,,,,,,,88.3,,,,
6a7d9fab7bffe6ebe23a4083,soot + NO,1.0,1000.0,5.0,,,Degussa,Printex-U,93.5,0.005,0.045,1:9,0.05,0.0,10,25.0,100,,6a7d9fa77bffe6ebe23a3f81,10.1039/c5ra07414b,True,True,623.8020080744686,,97.66415386248843,,,,,,,,,88.3,,,,
6a7d9fab7bffe6ebe23a4083,soot + NO,1.0,1000.0,5.0,,,Degussa,Printex-U,93.5,0.005,0.045,1:9,0.05,0.0,10,25.0,100,,6a7d9fa77bffe6ebe23a3f81,10.1039/c5ra07414b,True,True,640.8216485063474,,99.48505210150313,,,,,,,,,88.3,,,,
6a7d9fab7bffe6ebe23a4084,soot + O2,1.0,,5.0,,,Degussa,Printex-U,93.5,0.005,0.045,1:9,0.05,0.0,10,25.0,100,,6a7d9fa77bffe6ebe23a3f81,10.1039/c5ra07414b,False,True,200.23743173837522,,0.14326756356549453,,,,,,,,,70.9,,,,
6a7d9fab7bffe6ebe23a4084,soot + O2,1.0,,5.0,,,Degussa,Printex-U,93.5,0.005,0.045,1:9,0.05,0.0,10,25.0,100,,6a7d9fa77bffe6ebe23a3f81,10.1039/c5ra07414b,False,True,232.40318408457568,,0.32475668560870474,,,,,,,,,70.9,,,,
6a7d9fab7bffe6ebe23a4084,soot + O2,1.0,,5.0,,,Degussa,Printex-U,93.5,0.005,0.045,1:9,0.05,0.0,10,25.0,100,,6a7d9fa77bffe6ebe23a3f81,10.1039/c5ra07414b,False,True,255.51403971358235,,0.5867388910685634,,,,,,,,,70.9,,,,
6a7d9fab7bffe6ebe23a4084,soot + O2,1.0,,5.0,,,Degussa,Printex-U,93.5,0.005,0.045,1:9,0.05,0.0,10,25.0,100,,6a7d9fa77bffe6ebe23a3f81,10.1039/c5ra07414b,False,True,293.10823138347723,,1.2861174743396724,,,,,,,,,70.9,,,,
6a7d9fab7bffe6ebe23a4084,soot + O2,1.0,,5.0,,,Degussa,Printex-U,93.5,0.005,0.045,1:9,0.05,0.0,10,25.0,100,,6a7d9fa77bffe6ebe23a3f81,10.1039/c5ra07414b,False,True,330.88986916261575,,2.0090364876665916,,,,,,,,,70.9,,,,
6a7d9fab7bffe6ebe23a4084,soot + O2,1.0,,5.0,,,Degussa,Printex-U,93.5,0.005,0.045,1:9,0.05,0.0,10,25.0,100,,6a7d9fa77bffe6ebe23a3f81,10.1039/c5ra07414b,False,True,370.1935693488122,,3.1146773315783527,,,,,,,,,70.9,,,,
6a7d9fab7bffe6ebe23a4084,soot + O2,1.0,,5.0,,,Degussa,Printex-U,93.5,0.005,0.045,1:9,0.05,0.0,10,25.0,100,,6a7d9fa77bffe6ebe23a3f81,10.1039/c5ra07414b,False,True,407.12795071416963,,4.3296672699429255,,,,,,,,,70.9,,,,
6a7d9fab7bffe6ebe23a4084,soot + O2,1.0,,5.0,,,Degussa,Printex-U,93.5,0.005,0.045,1:9,0.05,0.0,10,25.0,100,,6a7d9fa77bffe6ebe23a3f81,10.1039/c5ra07414b,False,True,434.89746697824376,,5.7587991849442535,,,,,,,,,70.9,,,,
6a7d9fab7bffe6ebe23a4084,soot + O2,1.0,,5.0,,,Degussa,Printex-U,93.5,0.005,0.045,1:9,0.05,0.0,10,25.0,100,,6a7d9fa77bffe6ebe23a3f81,10.1039/c5ra07414b,False,True,459.6478512427677,,7.452950780251355,,,,,,,,,70.9,,,,
6a7d9fab7bffe6ebe23a4084,soot + O2,1.0,,5.0,,,Degussa,Printex-U,93.5,0.005,0.045,1:9,0.05,0.0,10,25.0,100,,6a7d9fa77bffe6ebe23a3f81,10.1039/c5ra07414b,False,True,489.16936380790514,,10.607368407730377,,,,,,,,,70.9,,,,
6a7d9fab7bffe6ebe23a4084,soot + O2,1.0,,5.0,,,Degussa,Printex-U,93.5,0.005,0.045,1:9,0.05,0.0,10,25.0,100,,6a7d9fa77bffe6ebe23a3f81,10.1039/c5ra07414b,False,True,517.3137722904664,,15.71488236113045,,,,,,,,,70.9,,,,
6a7d9fab7bffe6ebe23a4084,soot + O2,1.0,,5.0,,,Degussa,Printex-U,93.5,0.005,0.045,1:9,0.05,0.0,10,25.0,100,,6a7d9fa77bffe6ebe23a3f81,10.1039/c5ra07414b,False,True,547.0627194681529,,26.615620214395097,,,,,,,,,70.9,,,,
6a7d9fab7bffe6ebe23a4084,soot + O2,1.0,,5.0,,,Degussa,Printex-U,93.5,0.005,0.045,1:9,0.05,0.0,10,25.0,100,,6a7d9fa77bffe6ebe23a3f81,10.1039/c5ra07414b,False,True,562.0634067705535,,35.9680052649564,,,,,,,,,70.9,,,,
6a7d9fab7bffe6ebe23a4084,soot + O2,1.0,,5.0,,,Degussa,Printex-U,93.5,0.005,0.045,1:9,0.05,0.0,10,25.0,100,,6a7d9fa77bffe6ebe23a3f81,10.1039/c5ra07414b,False,True,576.2693225697612,,47.903762671965374,,,,,,,,,70.9,,,,
6a7d9fab7bffe6ebe23a4084,soot + O2,1.0,,5.0,,,Degussa,Printex-U,93.5,0.005,0.045,1:9,0.05,0.0,10,25.0,100,,6a7d9fa77bffe6ebe23a3f81,10.1039/c5ra07414b,False,True,591.2375192132263,,64.11020971232581,,,,,,,,,70.9,,,,
6a7d9fab7bffe6ebe23a4084,soot + O2,1.0,,5.0,,,Degussa,Printex-U,93.5,0.005,0.045,1:9,0.05,0.0,10,25.0,100,,6a7d9fa77bffe6ebe23a3f81,10.1039/c5ra07414b,False,True,602.0719043275059,,77.08402414792502,,,,,,,,,70.9,,,,
6a7d9fab7bffe6ebe23a4084,soot + O2,1.0,,5.0,,,Degussa,Printex-U,93.5,0.005,0.045,1:9,0.05,0.0,10,25.0,100,,6a7d9fa77bffe6ebe23a3f81,10.1039/c5ra07414b,False,True,616.2378316234083,,91.00553073544859,,,,,,,,,70.9,,,,
6a7d9fab7bffe6ebe23a4084,soot + O2,1.0,,5.0,,,Degussa,Printex-U,93.5,0.005,0.045,1:9,0.05,0.0,10,25.0,100,,6a7d9fa77bffe6ebe23a3f81,10.1039/c5ra07414b,False,True,630.9710958099547,,98.56884310176805,,,,,,,,,70.9,,,,
6a7d9fab7bffe6ebe23a4085,NO oxidation,,1000.0,5.0,,,,,,,0.05,,0.05,0.0,4,25.0,100,,6a7d9fa77bffe6ebe23a3f82,10.1039/c5ra07414b,True,False,100.88503612804264,,,,11.6653362787503,,,,,,,,,,,
6a7d9fab7bffe6ebe23a4085,NO oxidation,,1000.0,5.0,,,,,,,0.05,,0.05,0.0,4,25.0,100,,6a7d9fa77bffe6ebe23a3f82,10.1039/c5ra07414b,True,False,139.31598918177048,,,,12.35515788301249,,,,,,,,,,,
6a7d9fab7bffe6ebe23a4085,NO oxidation,,1000.0,5.0,,,,,,,0.05,,0.05,0.0,4,25.0,100,,6a7d9fa77bffe6ebe23a3f82,10.1039/c5ra07414b,True,False,184.62842610907035,,,,12.358128051383911,,,,,,,,,,,
6a7d9fab7bffe6ebe23a4085,NO oxidation,,1000.0,5.0,,,,,,,0.05,,0.05,0.0,4,25.0,100,,6a7d9fa77bffe6ebe23a3f82,10.1039/c5ra07414b,True,False,224.1311104831873,,,,12.377434145798137,,,,,,,,,,,
6a7d9fab7bffe6ebe23a4085,NO oxidation,,1000.0,5.0,,,,,,,0.05,,0.05,0.0,4,25.0,100,,6a7d9fa77bffe6ebe23a3f82,10.1039/c5ra07414b,True,False,264.91139547087556,,,,12.893500900332285,,,,,,,,,,,
6a7d9fab7bffe6ebe23a4085,NO oxidation,,1000.0,5.0,,,,,,,0.05,,0.05,0.0,4,25.0,100,,6a7d9fa77bffe6ebe23a3f82,10.1039/c5ra07414b,True,False,302.5279538206919,,,,14.247897677699601,,,,,,,,,,,
6a7d9fab7bffe6ebe23a4085,NO oxidation,,1000.0,5.0,,,,,,,0.05,,0.05,0.0,4,25.0,100,,6a7d9fa77bffe6ebe23a3f82,10.1039/c5ra07414b,True,False,340.2323093690711,,,,19.98774805546789,,,,,,,,,,,
6a7d9fab7bffe6ebe23a4085,NO oxidation,,1000.0,5.0,,,,,,,0.05,,0.05,0.0,4,25.0,100,,6a7d9fa77bffe6ebe23a3f82,10.1039/c5ra07414b,True,False,371.7848060388326,,,,26.547364903747976,,,,,,,,,,,
6a7d9fab7bffe6ebe23a4085,NO oxidation,,1000.0,5.0,,,,,,,0.05,,0.05,0.0,4,25.0,100,,6a7d9fa77bffe6ebe23a3f82,10.1039/c5ra07414b,True,False,396.36802163645905,,,,32.05034435389556,,,,,,,,,,,
6a7d9fab7bffe6ebe23a4085,NO oxidation,,1000.0,5.0,,,,,,,0.05,,0.05,0.0,4,25.0,100,,6a7d9fa77bffe6ebe23a3f82,10.1039/c5ra07414b,True,False,422.39837726557136,,,,34.923239711151126,,,,,,,,,,,
6a7d9fab7bffe6ebe23a4085,NO oxidation,,1000.0,5.0,,,,,,,0.05,,0.05,0.0,4,25.0,100,,6a7d9fa77bffe6ebe23a3f82,10.1039/c5ra07414b,True,False,460.9746498203689,,,,31.464478642633058,,,,,,,,,,,
6a7d9fab7bffe6ebe23a4085,NO oxidation,,1000.0,5.0,,,,,,,0.05,,0.05,0.0,4,25.0,100,,6a7d9fa77bffe6ebe23a3f82,10.1039/c5ra07414b,True,False,501.90025430912675,,,,25.769923332528908,,,,,,,,,,,
6a7d9fab7bffe6ebe23a4085,NO oxidation,,1000.0,5.0,,,,,,,0.05,,0.05,0.0,4,25.0,100,,6a7d9fa77bffe6ebe23a3f82,10.1039/c5ra07414b,True,False,537.3400476325032,,,,21.769849078319623,,,,,,,,,,,
6a7d9fab7bffe6ebe23a4085,NO oxidation,,1000.0,5.0,,,,,,,0.05,,0.05,0.0,4,25.0,100,,6a7d9fa77bffe6ebe23a3f82,10.1039/c5ra07414b,True,False,579.8490291849998,,,,18.302920046780148,,,,,,,,,,,
6a7d9fab7bffe6ebe23a4085,NO oxidation,,1000.0,5.0,,,,,,,0.05,,0.05,0.0,4,25.0,100,,6a7d9fa77bffe6ebe23a3f82,10.1039/c5ra07414b,True,False,616.0245024825415,,,,16.880209396870182,,,,,,,,,,,
6a7d9fab7bffe6ebe23a4085,NO oxidation,,1000.0,5.0,,,,,,,0.05,,0.05,0.0,4,25.0,100,,6a7d9fa77bffe6ebe23a3f82,10.1039/c5ra07414b,True,False,648.2793767408066,,,,15.704022721788037,,,,,,,,,,,
6a7d9fab7bffe6ebe23a4086,soot + NO,1.0,1000.0,5.0,,,Degussa,Printex-U,93.5,0.005,0.045,1:9,0.05,0.0,10,25.0,100,,6a7d9fa77bffe6ebe23a3f82,10.1039/c5ra07414b,True,True,218.7069515998041,,1.0634830396058363,,,,,,,,,99.0,,,,
6a7d9fab7bffe6ebe23a4086,soot + NO,1.0,1000.0,5.0,,,Degussa,Printex-U,93.5,0.005,0.045,1:9,0.05,0.0,10,25.0,100,,6a7d9fa77bffe6ebe23a3f82,10.1039/c5ra07414b,True,True,266.36443667429216,,2.4635209399279887,,,,,,,,,99.0,,,,
6a7d9fab7bffe6ebe23a4086,soot + NO,1.0,1000.0,5.0,,,Degussa,Printex-U,93.5,0.005,0.045,1:9,0.05,0.0,10,25.0,100,,6a7d9fa77bffe6ebe23a3f82,10.1039/c5ra07414b,True,True,299.43304753225334,,4.482850104225885,,,,,,,,,99.0,,,,
6a7d9fab7bffe6ebe23a4086,soot + NO,1.0,1000.0,5.0,,,Degussa,Printex-U,93.5,0.005,0.045,1:9,0.05,0.0,10,25.0,100,,6a7d9fa77bffe6ebe23a3f82,10.1039/c5ra07414b,True,True,332.49173904687507,,7.754405912450254,,,,,,,,,99.0,,,,
6a7d9fab7bffe6ebe23a4086,soot + NO,1.0,1000.0,5.0,,,Degussa,Printex-U,93.5,0.005,0.045,1:9,0.05,0.0,10,25.0,100,,6a7d9fa77bffe6ebe23a3f82,10.1039/c5ra07414b,True,True,364.44690361498067,,11.361758574947885,,,,,,,,,99.0,,,,
6a7d9fab7bffe6ebe23a4086,soot + NO,1.0,1000.0,5.0,,,Degussa,Printex-U,93.5,0.005,0.045,1:9,0.05,0.0,10,25.0,100,,6a7d9fa77bffe6ebe23a3f82,10.1039/c5ra07414b,True,True,397.65934495136423,,15.167708925525863,,,,,,,,,99.0,,,,
6a7d9fab7bffe6ebe23a4086,soot + NO,1.0,1000.0,5.0,,,Degussa,Printex-U,93.5,0.005,0.045,1:9,0.05,0.0,10,25.0,100,,6a7d9fa77bffe6ebe23a3f82,10.1039/c5ra07414b,True,True,429.9939244022046,,19.558082243699065,,,,,,,,,99.0,,,,
6a7d9fab7bffe6ebe23a4086,soot + NO,1.0,1000.0,5.0,,,Degussa,Printex-U,93.5,0.005,0.045,1:9,0.05,0.0,10,25.0,100,,6a7d9fa77bffe6ebe23a3f82,10.1039/c5ra07414b,True,True,446.00870422378034,,22.63634640894447,,,,,,,,,99.0,,,,
6a7d9fab7bffe6ebe23a4086,soot + NO,1.0,1000.0,5.0,,,Degussa,Printex-U,93.5,0.005,0.045,1:9,0.05,0.0,10,25.0,100,,6a7d9fa77bffe6ebe23a3f82,10.1039/c5ra07414b,True,True,462.2069918971364,,28.289558461246912,,,,,,,,,99.0,,,,
6a7d9fab7bffe6ebe23a4086,soot + NO,1.0,1000.0,5.0,,,Degussa,Printex-U,93.5,0.005,0.045,1:9,0.05,0.0,10,25.0,100,,6a7d9fa77bffe6ebe23a3f82,10.1039/c5ra07414b,True,True,478.0407437027668,,39.024445707788516,,,,,,,,,99.0,,,,
6a7d9fab7bffe6ebe23a4086,soot + NO,1.0,1000.0,5.0,,,Degussa,Printex-U,93.5,0.005,0.045,1:9,0.05,0.0,10,25.0,100,,6a7d9fa77bffe6ebe23a3f82,10.1039/c5ra07414b,True,True,495.24088505340944,,58.53098351335986,,,,,,,,,99.0,,,,
6a7d9fab7bffe6ebe23a4086,soot + NO,1.0,1000.0,5.0,,,Degussa,Printex-U,93.5,0.005,0.045,1:9,0.05,0.0,10,25.0,100,,6a7d9fa77bffe6ebe23a3f82,10.1039/c5ra07414b,True,True,510.74481869300246,,79.9143452719348,,,,,,,,,99.0,,,,
6a7d9fab7bffe6ebe23a4086,soot + NO,1.0,1000.0,5.0,,,Degussa,Printex-U,93.5,0.005,0.045,1:9,0.05,0.0,10,25.0,100,,6a7d9fa77bffe6ebe23a3f82,10.1039/c5ra07414b,True,True,526.8463927687986,,90.26795527761986,,,,,,,,,99.0,,,,
6a7d9fab7bffe6ebe23a4086,soot + NO,1.0,1000.0,5.0,,,Degussa,Printex-U,93.5,0.005,0.045,1:9,0.05,0.0,10,25.0,100,,6a7d9fa77bffe6ebe23a3f82,10.1039/c5ra07414b,True,True,544.3565135987997,,96.34944097024824,,,,,,,,,99.0,,,,
6a7d9fab7bffe6ebe23a4086,soot + NO,1.0,1000.0,5.0,,,Degussa,Printex-U,93.5,0.005,0.045,1:9,0.05,0.0,10,25.0,100,,6a7d9fa77bffe6ebe23a3f82,10.1039/c5ra07414b,True,True,577.1126651415677,,97.9973469774493,,,,,,,,,99.0,,,,
6a7d9fab7bffe6ebe23a4086,soot + NO,1.0,1000.0,5.0,,,Degussa,Printex-U,93.5,0.005,0.045,1:9,0.05,0.0,10,25.0,100,,6a7d9fa77bffe6ebe23a3f82,10.1039/c5ra07414b,True,True,608.9735959479483,,98.59693007390563,,,,,,,,,99.0,,,,
6a7d9fab7bffe6ebe23a4086,soot + NO,1.0,1000.0,5.0,,,Degussa,Printex-U,93.5,0.005,0.045,1:9,0.05,0.0,10,25.0,100,,6a7d9fa77bffe6ebe23a3f82,10.1039/c5ra07414b,True,True,641.5016025939083,,99.27155580822436,,,,,,,,,99.0,,,,
6a7d9fab7bffe6ebe23a4087,soot + O2,1.0,,5.0,,,Degussa,Printex-U,93.5,0.005,0.045,1:9,0.05,0.0,10,25.0,100,,6a7d9fa77bffe6ebe23a3f82,10.1039/c5ra07414b,False,True,224.97531959561627,,0.1804766304279113,,,,,,,,,100.0,,,,
6a7d9fab7bffe6ebe23a4087,soot + O2,1.0,,5.0,,,Degussa,Printex-U,93.5,0.005,0.045,1:9,0.05,0.0,10,25.0,100,,6a7d9fa77bffe6ebe23a3f82,10.1039/c5ra07414b,False,True,249.98312985016807,,0.8525179400858143,,,,,,,,,100.0,,,,
6a7d9fab7bffe6ebe23a4087,soot + O2,1.0,,5.0,,,Degussa,Printex-U,93.5,0.005,0.045,1:9,0.05,0.0,10,25.0,100,,6a7d9fa77bffe6ebe23a3f82,10.1039/c5ra07414b,False,True,295.18263499243966,,3.336412995329887,,,,,,,,,100.0,,,,
6a7d9fab7bffe6ebe23a4087,soot + O2,1.0,,5.0,,,Degussa,Printex-U,93.5,0.005,0.045,1:9,0.05,0.0,10,25.0,100,,6a7d9fa77bffe6ebe23a3f82,10.1039/c5ra07414b,False,True,343.7111830348775,,8.074114386240243,,,,,,,,,100.0,,,,
6a7d9fab7bffe6ebe23a4087,soot + O2,1.0,,5.0,,,Degussa,Printex-U,93.5,0.005,0.045,1:9,0.05,0.0,10,25.0,100,,6a7d9fa77bffe6ebe23a3f82,10.1039/c5ra07414b,False,True,393.1619659347937,,13.944793894675563,,,,,,,,,100.0,,,,
6a7d9fab7bffe6ebe23a4087,soot + O2,1.0,,5.0,,,Degussa,Printex-U,93.5,0.005,0.045,1:9,0.05,0.0,10,25.0,100,,6a7d9fa77bffe6ebe23a3f82,10.1039/c5ra07414b,False,True,442.16037889106883,,19.515522762077126,,,,,,,,,100.0,,,,
6a7d9fab7bffe6ebe23a4087,soot + O2,1.0,,5.0,,,Degussa,Printex-U,93.5,0.005,0.045,1:9,0.05,0.0,10,25.0,100,,6a7d9fa77bffe6ebe23a3f82,10.1039/c5ra07414b,False,True,475.1383977106581,,24.22588687937428,,,,,,,,,100.0,,,,
6a7d9fab7bffe6ebe23a4087,soot + O2,1.0,,5.0,,,Degussa,Printex-U,93.5,0.005,0.045,1:9,0.05,0.0,10,25.0,100,,6a7d9fa77bffe6ebe23a3f82,10.1039/c5ra07414b,False,True,506.9142621496319,,34.83502714743144,,,,,,,,,100.0,,,,
6a7d9fab7bffe6ebe23a4087,soot + O2,1.0,,5.0,,,Degussa,Printex-U,93.5,0.005,0.045,1:9,0.05,0.0,10,25.0,100,,6a7d9fa77bffe6ebe23a3f82,10.1039/c5ra07414b,False,True,524.1742998887819,,48.1566324528875,,,,,,,,,100.0,,,,
6a7d9fab7bffe6ebe23a4087,soot + O2,1.0,,5.0,,,Degussa,Printex-U,93.5,0.005,0.045,1:9,0.05,0.0,10,25.0,100,,6a7d9fa77bffe6ebe23a3f82,10.1039/c5ra07414b,False,True,540.2446796545992,,66.85532760431828,,,,,,,,,100.0,,,,
6a7d9fab7bffe6ebe23a4087,soot + O2,1.0,,5.0,,,Degussa,Printex-U,93.5,0.005,0.045,1:9,0.05,0.0,10,25.0,100,,6a7d9fa77bffe6ebe23a3f82,10.1039/c5ra07414b,False,True,555.9351686390162,,84.70960474858568,,,,,,,,,100.0,,,,
6a7d9fab7bffe6ebe23a4087,soot + O2,1.0,,5.0,,,Degussa,Printex-U,93.5,0.005,0.045,1:9,0.05,0.0,10,25.0,100,,6a7d9fa77bffe6ebe23a3f82,10.1039/c5ra07414b,False,True,571.9930519975508,,95.0385379621075,,,,,,,,,100.0,,,,
6a7d9fab7bffe6ebe23a4087,soot + O2,1.0,,5.0,,,Degussa,Printex-U,93.5,0.005,0.045,1:9,0.05,0.0,10,25.0,100,,6a7d9fa77bffe6ebe23a3f82,10.1039/c5ra07414b,False,True,588.9931644652163,,98.41772872818396,,,,,,,,,100.0,,,,
6a7d9fab7bffe6ebe23a4087,soot + O2,1.0,,5.0,,,Degussa,Printex-U,93.5,0.005,0.045,1:9,0.05,0.0,10,25.0,100,,6a7d9fa77bffe6ebe23a3f82,10.1039/c5ra07414b,False,True,604.3462504529948,,99.0032020047334,,,,,,,,,100.0,,,,
6a7d9fab7bffe6ebe23a4087,soot + O2,1.0,,5.0,,,Degussa,Printex-U,93.5,0.005,0.045,1:9,0.05,0.0,10,25.0,100,,6a7d9fa77bffe6ebe23a3f82,10.1039/c5ra07414b,False,True,637.3742549017159,,99.51197904142356,,,,,,,,,100.0,,,,
6a7d9fab7bffe6ebe23a4088,NO oxidation,,1000.0,5.0,,,,,,,0.05,,0.05,0.0,4,25.0,100,,6a7d9fa77bffe6ebe23a3f83,10.1039/c5ra07414b,True,False,100.7669640334235,,,,11.138131392823329,,,,,,,,,,,
6a7d9fab7bffe6ebe23a4088,NO oxidation,,1000.0,5.0,,,,,,,0.05,,0.05,0.0,4,25.0,100,,6a7d9fa77bffe6ebe23a3f83,10.1039/c5ra07414b,True,False,130.71791870181247,,,,11.79305351872134,,,,,,,,,,,
6a7d9fab7bffe6ebe23a4088,NO oxidation,,1000.0,5.0,,,,,,,0.05,,0.05,0.0,4,25.0,100,,6a7d9fa77bffe6ebe23a3f83,10.1039/c5ra07414b,True,False,164.00213942598796,,,,12.641779130854477,,,,,,,,,,,
6a7d9fab7bffe6ebe23a4088,NO oxidation,,1000.0,5.0,,,,,,,0.05,,0.05,0.0,4,25.0,100,,6a7d9fa77bffe6ebe23a3f83,10.1039/c5ra07414b,True,False,198.9787268397045,,,,13.41699307579498,,,,,,,,,,,
6a7d9fab7bffe6ebe23a4088,NO oxidation,,1000.0,5.0,,,,,,,0.05,,0.05,0.0,4,25.0,100,,6a7d9fa77bffe6ebe23a3f83,10.1039/c5ra07414b,True,False,234.60925200823476,,,,13.268484657224004,,,,,,,,,,,
6a7d9fab7bffe6ebe23a4088,NO oxidation,,1000.0,5.0,,,,,,,0.05,,0.05,0.0,4,25.0,100,,6a7d9fa77bffe6ebe23a3f83,10.1039/c5ra07414b,True,False,273.927259516409,,,,12.487330375540662,,,,,,,,,,,
6a7d9fab7bffe6ebe23a4088,NO oxidation,,1000.0,5.0,,,,,,,0.05,,0.05,0.0,4,25.0,100,,6a7d9fa77bffe6ebe23a3f83,10.1039/c5ra07414b,True,False,308.58898801114117,,,,13.10215522842451,,,,,,,,,,,
6a7d9fab7bffe6ebe23a4088,NO oxidation,,1000.0,5.0,,,,,,,0.05,,0.05,0.0,4,25.0,100,,6a7d9fa77bffe6ebe23a3f83,10.1039/c5ra07414b,True,False,342.0033907883583,,,,15.421856726503181,,,,,,,,,,,
6a7d9fab7bffe6ebe23a4088,NO oxidation,,1000.0,5.0,,,,,,,0.05,,0.05,0.0,4,25.0,100,,6a7d9fa77bffe6ebe23a3f83,10.1039/c5ra07414b,True,False,377.3765793404109,,,,18.395737808387008,,,,,,,,,,,
6a7d9fab7bffe6ebe23a4088,NO oxidation,,1000.0,5.0,,,,,,,0.05,,0.05,0.0,4,25.0,100,,6a7d9fa77bffe6ebe23a3f83,10.1039/c5ra07414b,True,False,408.6444919872441,,,,22.75223226716664,,,,,,,,,,,
6a7d9fab7bffe6ebe23a4088,NO oxidation,,1000.0,5.0,,,,,,,0.05,,0.05,0.0,4,25.0,100,,6a7d9fa77bffe6ebe23a3f83,10.1039/c5ra07414b,True,False,436.24611472167277,,,,27.135458241289047,,,,,,,,,,,
6a7d9fab7bffe6ebe23a4088,NO oxidation,,1000.0,5.0,,,,,,,0.05,,0.05,0.0,4,25.0,100,,6a7d9fa77bffe6ebe23a3f83,10.1039/c5ra07414b,True,False,458.7494449602389,,,,28.96508195808349,,,,,,,,,,,
6a7d9fab7bffe6ebe23a4088,NO oxidation,,1000.0,5.0,,,,,,,0.05,,0.05,0.0,4,25.0,100,,6a7d9fa77bffe6ebe23a3f83,10.1039/c5ra07414b,True,False,490.5411133088442,,,,26.72854517440457,,,,,,,,,,,
6a7d9fab7bffe6ebe23a4088,NO oxidation,,1000.0,5.0,,,,,,,0.05,,0.05,0.0,4,25.0,100,,6a7d9fa77bffe6ebe23a3f83,10.1039/c5ra07414b,True,False,521.7091187986921,,,,23.161372960329683,,,,,,,,,,,
6a7d9fab7bffe6ebe23a4088,NO oxidation,,1000.0,5.0,,,,,,,0.05,,0.05,0.0,4,25.0,100,,6a7d9fa77bffe6ebe23a3f83,10.1039/c5ra07414b,True,False,561.1240059742462,,,,20.222391356810036,,,,,,,,,,,
6a7d9fab7bffe6ebe23a4088,NO oxidation,,1000.0,5.0,,,,,,,0.05,,0.05,0.0,4,25.0,100,,6a7d9fa77bffe6ebe23a3f83,10.1039/c5ra07414b,True,False,598.498365155613,,,,18.172975180530543,,,,,,,,,,,
6a7d9fab7bffe6ebe23a4088,NO oxidation,,1000.0,5.0,,,,,,,0.05,,0.05,0.0,4,25.0,100,,6a7d9fa77bffe6ebe23a3f83,10.1039/c5ra07414b,True,False,638.4006781576717,,,,16.97154207429133,,,,,,,,,,,
6a7d9fab7bffe6ebe23a4089,soot + NO,1.0,1000.0,5.0,,,Degussa,Printex-U,93.5,0.005,0.045,1:9,0.05,0.0,10,25.0,100,,6a7d9fa77bffe6ebe23a3f83,10.1039/c5ra07414b,True,True,200.1776182416724,,0.04169035436801212,,,,,,,,,99.1,,,,
6a7d9fab7bffe6ebe23a4089,soot + NO,1.0,1000.0,5.0,,,Degussa,Printex-U,93.5,0.005,0.045,1:9,0.05,0.0,10,25.0,100,,6a7d9fa77bffe6ebe23a3f83,10.1039/c5ra07414b,True,True,234.0224177159472,,0.8830775061588021,,,,,,,,,99.1,,,,
6a7d9fab7bffe6ebe23a4089,soot + NO,1.0,1000.0,5.0,,,Degussa,Printex-U,93.5,0.005,0.045,1:9,0.05,0.0,10,25.0,100,,6a7d9fa77bffe6ebe23a3f83,10.1039/c5ra07414b,True,True,296.3927687987055,,2.4945992040932343,,,,,,,,,99.1,,,,
6a7d9fab7bffe6ebe23a4089,soot + NO,1.0,1000.0,5.0,,,Degussa,Printex-U,93.5,0.005,0.045,1:9,0.05,0.0,10,25.0,100,,6a7d9fa77bffe6ebe23a3f83,10.1039/c5ra07414b,True,True,328.9480536388491,,4.66173962478681,,,,,,,,,99.1,,,,
6a7d9fab7bffe6ebe23a4089,soot + NO,1.0,1000.0,5.0,,,Degussa,Printex-U,93.5,0.005,0.045,1:9,0.05,0.0,10,25.0,100,,6a7d9fa77bffe6ebe23a3f83,10.1039/c5ra07414b,True,True,361.87283401838795,,8.164487398142882,,,,,,,,,99.1,,,,
6a7d9fab7bffe6ebe23a4089,soot + NO,1.0,1000.0,5.0,,,Degussa,Printex-U,93.5,0.005,0.045,1:9,0.05,0.0,10,25.0,100,,6a7d9fa77bffe6ebe23a3f83,10.1039/c5ra07414b,True,True,394.6810621136881,,12.695091908281217,,,,,,,,,99.1,,,,
6a7d9fab7bffe6ebe23a4089,soot + NO,1.0,1000.0,5.0,,,Degussa,Printex-U,93.5,0.005,0.045,1:9,0.05,0.0,10,25.0,100,,6a7d9fa77bffe6ebe23a3f83,10.1039/c5ra07414b,True,True,427.1619518787856,,17.385635777904106,,,,,,,,,99.1,,,,
6a7d9fab7bffe6ebe23a4089,soot + NO,1.0,1000.0,5.0,,,Degussa,Printex-U,93.5,0.005,0.045,1:9,0.05,0.0,10,25.0,100,,6a7d9fa77bffe6ebe23a3f83,10.1039/c5ra07414b,True,True,459.9404219440673,,24.822436990714415,,,,,,,,,99.1,,,,
6a7d9fab7bffe6ebe23a4089,soot + NO,1.0,1000.0,5.0,,,Degussa,Printex-U,93.5,0.005,0.045,1:9,0.05,0.0,10,25.0,100,,6a7d9fa77bffe6ebe23a3f83,10.1039/c5ra07414b,True,True,475.79649227221154,,33.68050028425242,,,,,,,,,99.1,,,,
6a7d9fab7bffe6ebe23a4089,soot + NO,1.0,1000.0,5.0,,,Degussa,Printex-U,93.5,0.005,0.045,1:9,0.05,0.0,10,25.0,100,,6a7d9fa77bffe6ebe23a3f83,10.1039/c5ra07414b,True,True,492.9247183836429,,50.06405154443812,,,,,,,,,99.1,,,,
6a7d9fab7bffe6ebe23a4089,soot + NO,1.0,1000.0,5.0,,,Degussa,Printex-U,93.5,0.005,0.045,1:9,0.05,0.0,10,25.0,100,,6a7d9fa77bffe6ebe23a3f83,10.1039/c5ra07414b,True,True,508.05667664800586,,71.87644494978207,,,,,,,,,99.1,,,,
6a7d9fab7bffe6ebe23a4089,soot + NO,1.0,1000.0,5.0,,,Degussa,Printex-U,93.5,0.005,0.045,1:9,0.05,0.0,10,25.0,100,,6a7d9fa77bffe6ebe23a3f83,10.1039/c5ra07414b,True,True,525.1749834160978,,88.7072200113701,,,,,,,,,99.1,,,,
6a7d9fab7bffe6ebe23a4089,soot + NO,1.0,1000.0,5.0,,,Degussa,Printex-U,93.5,0.005,0.045,1:9,0.05,0.0,10,25.0,100,,6a7d9fa77bffe6ebe23a3f83,10.1039/c5ra07414b,True,True,541.8419600622437,,95.58233844987681,,,,,,,,,99.1,,,,
6a7d9fab7bffe6ebe23a4089,soot + NO,1.0,1000.0,5.0,,,Degussa,Printex-U,93.5,0.005,0.045,1:9,0.05,0.0,10,25.0,100,,6a7d9fa77bffe6ebe23a3f83,10.1039/c5ra07414b,True,True,575.9942591800423,,97.0740951298086,,,,,,,,,99.1,,,,
6a7d9fab7bffe6ebe23a4089,soot + NO,1.0,1000.0,5.0,,,Degussa,Printex-U,93.5,0.005,0.045,1:9,0.05,0.0,10,25.0,100,,6a7d9fa77bffe6ebe23a3f83,10.1039/c5ra07414b,True,True,608.1552501224419,,98.50293727496683,,,,,,,,,99.1,,,,
6a7d9fab7bffe6ebe23a4089,soot + NO,1.0,1000.0,5.0,,,Degussa,Printex-U,93.5,0.005,0.045,1:9,0.05,0.0,10,25.0,100,,6a7d9fa77bffe6ebe23a3f83,10.1039/c5ra07414b,True,True,641.9851705817075,,99.37009664582148,,,,,,,,,99.1,,,,
6a7d9fab7bffe6ebe23a408a,soot + O2,1.0,,5.0,,,Degussa,Printex-U,93.5,0.005,0.045,1:9,0.05,0.0,10,25.0,100,,6a7d9fa77bffe6ebe23a3f83,10.1039/c5ra07414b,False,True,200.11496694700273,,0.04227152493893982,,,,,,,,,100.0,,,,
6a7d9fab7bffe6ebe23a408a,soot + O2,1.0,,5.0,,,Degussa,Printex-U,93.5,0.005,0.045,1:9,0.05,0.0,10,25.0,100,,6a7d9fa77bffe6ebe23a3f83,10.1039/c5ra07414b,False,True,248.1261637279282,,0.5966106843177776,,,,,,,,,100.0,,,,
6a7d9fab7bffe6ebe23a408a,soot + O2,1.0,,5.0,,,Degussa,Printex-U,93.5,0.005,0.045,1:9,0.05,0.0,10,25.0,100,,6a7d9fa77bffe6ebe23a3f83,10.1039/c5ra07414b,False,True,297.15206878022565,,1.8070444104134822,,,,,,,,,100.0,,,,
6a7d9fab7bffe6ebe23a408a,soot + O2,1.0,,5.0,,,Degussa,Printex-U,93.5,0.005,0.045,1:9,0.05,0.0,10,25.0,100,,6a7d9fa77bffe6ebe23a3f83,10.1039/c5ra07414b,False,True,330.05011059320447,,3.7001506081277817,,,,,,,,,100.0,,,,
6a7d9fab7bffe6ebe23a408a,soot + O2,1.0,,5.0,,,Degussa,Printex-U,93.5,0.005,0.045,1:9,0.05,0.0,10,25.0,100,,6a7d9fa77bffe6ebe23a3f83,10.1039/c5ra07414b,False,True,362.1658773102733,,7.163631301178292,,,,,,,,,100.0,,,,
6a7d9fab7bffe6ebe23a408a,soot + O2,1.0,,5.0,,,Degussa,Printex-U,93.5,0.005,0.045,1:9,0.05,0.0,10,25.0,100,,6a7d9fa77bffe6ebe23a3f83,10.1039/c5ra07414b,False,True,395.18138535171136,,12.812575145862077,,,,,,,,,100.0,,,,
6a7d9fab7bffe6ebe23a408a,soot + O2,1.0,,5.0,,,Degussa,Printex-U,93.5,0.005,0.045,1:9,0.05,0.0,10,25.0,100,,6a7d9fa77bffe6ebe23a3f83,10.1039/c5ra07414b,False,True,426.8047936218337,,19.143432093452976,,,,,,,,,100.0,,,,
6a7d9fab7bffe6ebe23a408a,soot + O2,1.0,,5.0,,,Degussa,Printex-U,93.5,0.005,0.045,1:9,0.05,0.0,10,25.0,100,,6a7d9fa77bffe6ebe23a3f83,10.1039/c5ra07414b,False,True,460.1776989115629,,25.145482388973964,,,,,,,,,100.0,,,,
6a7d9fab7bffe6ebe23a408a,soot + O2,1.0,,5.0,,,Degussa,Printex-U,93.5,0.005,0.045,1:9,0.05,0.0,10,25.0,100,,6a7d9fa77bffe6ebe23a3f83,10.1039/c5ra07414b,False,True,491.933569098884,,31.941072987989322,,,,,,,,,100.0,,,,
6a7d9fab7bffe6ebe23a408a,soot + O2,1.0,,5.0,,,Degussa,Printex-U,93.5,0.005,0.045,1:9,0.05,0.0,10,25.0,100,,6a7d9fa77bffe6ebe23a3f83,10.1039/c5ra07414b,False,True,509.0161578546167,,37.88768936757243,,,,,,,,,100.0,,,,
6a7d9fab7bffe6ebe23a408a,soot + O2,1.0,,5.0,,,Degussa,Printex-U,93.5,0.005,0.045,1:9,0.05,0.0,10,25.0,100,,6a7d9fa77bffe6ebe23a3f83,10.1039/c5ra07414b,False,True,525.0715419316946,,47.334995507068456,,,,,,,,,100.0,,,,
6a7d9fab7bffe6ebe23a408a,soot + O2,1.0,,5.0,,,Degussa,Printex-U,93.5,0.005,0.045,1:9,0.05,0.0,10,25.0,100,,6a7d9fa77bffe6ebe23a3f83,10.1039/c5ra07414b,False,True,542.1291378728615,,60.24046675863465,,,,,,,,,100.0,,,,
6a7d9fab7bffe6ebe23a408a,soot + O2,1.0,,5.0,,,Degussa,Printex-U,93.5,0.005,0.045,1:9,0.05,0.0,10,25.0,100,,6a7d9fa77bffe6ebe23a3f83,10.1039/c5ra07414b,False,True,559.1742374067455,,76.3542708161948,,,,,,,,,100.0,,,,
6a7d9fab7bffe6ebe23a408a,soot + O2,1.0,,5.0,,,Degussa,Printex-U,93.5,0.005,0.045,1:9,0.05,0.0,10,25.0,100,,6a7d9fa77bffe6ebe23a3f83,10.1039/c5ra07414b,False,True,575.2096272321708,,88.67123131636566,,,,,,,,,100.0,,,,
6a7d9fab7bffe6ebe23a408a,soot + O2,1.0,,5.0,,,Degussa,Printex-U,93.5,0.005,0.045,1:9,0.05,0.0,10,25.0,100,,6a7d9fa77bffe6ebe23a3f83,10.1039/c5ra07414b,False,True,591.0500731039826,,95.29444521787553,,,,,,,,,100.0,,,,
6a7d9fab7bffe6ebe23a408a,soot + O2,1.0,,5.0,,,Degussa,Printex-U,93.5,0.005,0.045,1:9,0.05,0.0,10,25.0,100,,6a7d9fa77bffe6ebe23a3f83,10.1039/c5ra07414b,False,True,608.1676518001075,,97.51787680508271,,,,,,,,,100.0,,,,
6a7d9fab7bffe6ebe23a408a,soot + O2,1.0,,5.0,,,Degussa,Printex-U,93.5,0.005,0.045,1:9,0.05,0.0,10,25.0,100,,6a7d9fa77bffe6ebe23a3f83,10.1039/c5ra07414b,False,True,640.1559551628907,,98.85436573728373,,,,,,,,,100.0,,,,
6a7d9fab7bffe6ebe23a408b,NO oxidation,,1000.0,5.0,,,,,,,0.05,,0.05,0.0,4,25.0,100,,6a7d9fa77bffe6ebe23a3f84,10.1039/c5ra07414b,True,False,100.30981310297503,,,,11.580686480164841,,,,,,,,,,,
6a7d9fab7bffe6ebe23a408b,NO oxidation,,1000.0,5.0,,,,,,,0.05,,0.05,0.0,4,25.0,100,,6a7d9fa77bffe6ebe23a3f84,10.1039/c5ra07414b,True,False,135.35906026722643,,,,12.251201990012806,,,,,,,,,,,
6a7d9fab7bffe6ebe23a408b,NO oxidation,,1000.0,5.0,,,,,,,0.05,,0.05,0.0,4,25.0,100,,6a7d9fa77bffe6ebe23a3f84,10.1039/c5ra07414b,True,False,174.02918499979816,,,,12.92468766823219,,,,,,,,,,,
6a7d9fab7bffe6ebe23a408b,NO oxidation,,1000.0,5.0,,,,,,,0.05,,0.05,0.0,4,25.0,100,,6a7d9fa77bffe6ebe23a3f84,10.1039/c5ra07414b,True,False,218.96015823679005,,,,12.809593643839683,,,,,,,,,,,
6a7d9fab7bffe6ebe23a408b,NO oxidation,,1000.0,5.0,,,,,,,0.05,,0.05,0.0,4,25.0,100,,6a7d9fa77bffe6ebe23a3f84,10.1039/c5ra07414b,True,False,262.9798571024906,,,,12.691529451075755,,,,,,,,,,,
6a7d9fab7bffe6ebe23a408b,NO oxidation,,1000.0,5.0,,,,,,,0.05,,0.05,0.0,4,25.0,100,,6a7d9fa77bffe6ebe23a3f84,10.1039/c5ra07414b,True,False,299.8244056028741,,,,16.49260242439993,,,,,,,,,,,
6a7d9fab7bffe6ebe23a408b,NO oxidation,,1000.0,5.0,,,,,,,0.05,,0.05,0.0,4,25.0,100,,6a7d9fa77bffe6ebe23a3f84,10.1039/c5ra07414b,True,False,336.84152101077785,,,,22.68391839462399,,,,,,,,,,,
6a7d9fab7bffe6ebe23a408b,NO oxidation,,1000.0,5.0,,,,,,,0.05,,0.05,0.0,4,25.0,100,,6a7d9fa77bffe6ebe23a3f84,10.1039/c5ra07414b,True,False,366.96201509708146,,,,28.628710390020228,,,,,,,,,,,
6a7d9fab7bffe6ebe23a408b,NO oxidation,,1000.0,5.0,,,,,,,0.05,,0.05,0.0,4,25.0,100,,6a7d9fa77bffe6ebe23a3f84,10.1039/c5ra07414b,True,False,391.40596617284945,,,,34.07451409901799,,,,,,,,,,,
6a7d9fab7bffe6ebe23a408b,NO oxidation,,1000.0,5.0,,,,,,,0.05,,0.05,0.0,4,25.0,100,,6a7d9fa77bffe6ebe23a3f84,10.1039/c5ra07414b,True,False,416.8338513704436,,,,37.080324490894576,,,,,,,,,,,
6a7d9fab7bffe6ebe23a408b,NO oxidation,,1000.0,5.0,,,,,,,0.05,,0.05,0.0,4,25.0,100,,6a7d9fa77bffe6ebe23a3f84,10.1039/c5ra07414b,True,False,448.3954305090219,,,,33.57181310215523,,,,,,,,,,,
6a7d9fab7bffe6ebe23a408b,NO oxidation,,1000.0,5.0,,,,,,,0.05,,0.05,0.0,4,25.0,100,,6a7d9fa77bffe6ebe23a3f84,10.1039/c5ra07414b,True,False,477.0687845638396,,,,28.656926989548715,,,,,,,,,,,
6a7d9fab7bffe6ebe23a408b,NO oxidation,,1000.0,5.0,,,,,,,0.05,,0.05,0.0,4,25.0,100,,6a7d9fa77bffe6ebe23a3f84,10.1039/c5ra07414b,True,False,503.82271020869484,,,,24.940503814809997,,,,,,,,,,,
6a7d9fab7bffe6ebe23a408b,NO oxidation,,1000.0,5.0,,,,,,,0.05,,0.05,0.0,4,25.0,100,,6a7d9fa77bffe6ebe23a3f84,10.1039/c5ra07414b,True,False,541.1062447018933,,,,20.937459392229293,,,,,,,,,,,
6a7d9fab7bffe6ebe23a408b,NO oxidation,,1000.0,5.0,,,,,,,0.05,,0.05,0.0,4,25.0,100,,6a7d9fa77bffe6ebe23a3f84,10.1039/c5ra07414b,True,False,577.6359342832923,,,,18.304405130965858,,,,,,,,,,,
6a7d9fab7bffe6ebe23a408b,NO oxidation,,1000.0,5.0,,,,,,,0.05,,0.05,0.0,4,25.0,100,,6a7d9fa77bffe6ebe23a3f84,10.1039/c5ra07414b,True,False,615.1525854761232,,,,16.436911767435813,,,,,,,,,,,
6a7d9fab7bffe6ebe23a408b,NO oxidation,,1000.0,5.0,,,,,,,0.05,,0.05,0.0,4,25.0,100,,6a7d9fa77bffe6ebe23a3f84,10.1039/c5ra07414b,True,False,648.7123077544101,,,,15.209489687946682,,,,,,,,,,,
6a7d9fab7bffe6ebe23a408c,soot + NO,1.0,1000.0,5.0,,,Degussa,Printex-U,93.5,0.005,0.045,1:9,0.05,0.0,10,25.0,100,,6a7d9fa77bffe6ebe23a3f84,10.1039/c5ra07414b,True,True,200.19001742084674,,0.7125260564714798,,,,,,,,,99.5,,,,
6a7d9fab7bffe6ebe23a408c,soot + NO,1.0,1000.0,5.0,,,Degussa,Printex-U,93.5,0.005,0.045,1:9,0.05,0.0,10,25.0,100,,6a7d9fa77bffe6ebe23a3f84,10.1039/c5ra07414b,True,True,231.48802549271238,,1.1150274777335605,,,,,,,,,99.5,,,,
6a7d9fab7bffe6ebe23a408c,soot + NO,1.0,1000.0,5.0,,,Degussa,Printex-U,93.5,0.005,0.045,1:9,0.05,0.0,10,25.0,100,,6a7d9fa77bffe6ebe23a3f84,10.1039/c5ra07414b,True,True,264.18962064711314,,2.21716884593519,,,,,,,,,99.5,,,,
6a7d9fab7bffe6ebe23a408c,soot + NO,1.0,1000.0,5.0,,,Degussa,Printex-U,93.5,0.005,0.045,1:9,0.05,0.0,10,25.0,100,,6a7d9fa77bffe6ebe23a3f84,10.1039/c5ra07414b,True,True,296.14974488688847,,4.447223801402311,,,,,,,,,99.5,,,,
6a7d9fab7bffe6ebe23a408c,soot + NO,1.0,1000.0,5.0,,,Degussa,Printex-U,93.5,0.005,0.045,1:9,0.05,0.0,10,25.0,100,,6a7d9fa77bffe6ebe23a3f84,10.1039/c5ra07414b,True,True,329.06708575892276,,7.247299602046616,,,,,,,,,99.5,,,,
6a7d9fab7bffe6ebe23a408c,soot + NO,1.0,1000.0,5.0,,,Degussa,Printex-U,93.5,0.005,0.045,1:9,0.05,0.0,10,25.0,100,,6a7d9fa77bffe6ebe23a3f84,10.1039/c5ra07414b,True,True,361.9695476159478,,10.620428273640323,,,,,,,,,99.5,,,,
6a7d9fab7bffe6ebe23a408c,soot + NO,1.0,1000.0,5.0,,,Degussa,Printex-U,93.5,0.005,0.045,1:9,0.05,0.0,10,25.0,100,,6a7d9fa77bffe6ebe23a3f84,10.1039/c5ra07414b,True,True,394.12805872251255,,14.811445897290124,,,,,,,,,99.5,,,,
6a7d9fab7bffe6ebe23a408c,soot + NO,1.0,1000.0,5.0,,,Degussa,Printex-U,93.5,0.005,0.045,1:9,0.05,0.0,10,25.0,100,,6a7d9fa77bffe6ebe23a3f84,10.1039/c5ra07414b,True,True,410.1626772307673,,18.123176046996395,,,,,,,,,99.5,,,,
6a7d9fab7bffe6ebe23a408c,soot + NO,1.0,1000.0,5.0,,,Degussa,Printex-U,93.5,0.005,0.045,1:9,0.05,0.0,10,25.0,100,,6a7d9fa77bffe6ebe23a3f84,10.1039/c5ra07414b,True,True,426.9536456686567,,23.370854652264537,,,,,,,,,99.5,,,,
6a7d9fab7bffe6ebe23a408c,soot + NO,1.0,1000.0,5.0,,,Degussa,Printex-U,93.5,0.005,0.045,1:9,0.05,0.0,10,25.0,100,,6a7d9fa77bffe6ebe23a3f84,10.1039/c5ra07414b,True,True,443.0031431919207,,30.96759522455941,,,,,,,,,99.5,,,,
6a7d9fab7bffe6ebe23a408c,soot + NO,1.0,1000.0,5.0,,,Degussa,Printex-U,93.5,0.005,0.045,1:9,0.05,0.0,10,25.0,100,,6a7d9fa77bffe6ebe23a3f84,10.1039/c5ra07414b,True,True,460.0420952132969,,43.06310403638431,,,,,,,,,99.5,,,,
6a7d9fab7bffe6ebe23a408c,soot + NO,1.0,1000.0,5.0,,,Degussa,Printex-U,93.5,0.005,0.045,1:9,0.05,0.0,10,25.0,100,,6a7d9fa77bffe6ebe23a3f84,10.1039/c5ra07414b,True,True,476.8851402037185,,59.61569073337123,,,,,,,,,99.5,,,,
6a7d9fab7bffe6ebe23a408c,soot + NO,1.0,1000.0,5.0,,,Degussa,Printex-U,93.5,0.005,0.045,1:9,0.05,0.0,10,25.0,100,,6a7d9fa77bffe6ebe23a3f84,10.1039/c5ra07414b,True,True,492.0369371547603,,76.67841576653402,,,,,,,,,99.5,,,,
6a7d9fab7bffe6ebe23a408c,soot + NO,1.0,1000.0,5.0,,,Degussa,Printex-U,93.5,0.005,0.045,1:9,0.05,0.0,10,25.0,100,,6a7d9fa77bffe6ebe23a3f84,10.1039/c5ra07414b,True,True,509.01885295193455,,92.00682205798749,,,,,,,,,99.5,,,,
6a7d9fab7bffe6ebe23a408c,soot + NO,1.0,1000.0,5.0,,,Degussa,Printex-U,93.5,0.005,0.045,1:9,0.05,0.0,10,25.0,100,,6a7d9fa77bffe6ebe23a3f84,10.1039/c5ra07414b,True,True,525.8916559723746,,98.4983892363085,,,,,,,,,99.5,,,,
6a7d9fab7bffe6ebe23a408c,soot + NO,1.0,1000.0,5.0,,,Degussa,Printex-U,93.5,0.005,0.045,1:9,0.05,0.0,10,25.0,100,,6a7d9fa77bffe6ebe23a3f84,10.1039/c5ra07414b,True,True,541.9138753014549,,99.47166950919082,,,,,,,,,99.5,,,,
6a7d9fab7bffe6ebe23a408c,soot + NO,1.0,1000.0,5.0,,,Degussa,Printex-U,93.5,0.005,0.045,1:9,0.05,0.0,10,25.0,100,,6a7d9fa77bffe6ebe23a3f84,10.1039/c5ra07414b,True,True,560.0092373884847,,99.91813530415008,,,,,,,,,99.5,,,,
6a7d9fab7bffe6ebe23a408d,soot + O2,1.0,,5.0,,,Degussa,Printex-U,93.5,0.005,0.045,1:9,0.05,0.0,10,25.0,100,,6a7d9fa77bffe6ebe23a3f84,10.1039/c5ra07414b,False,True,211.27425865063793,,0.310328680090624,,,,,,,,,100.0,,,,
6a7d9fab7bffe6ebe23a408d,soot + O2,1.0,,5.0,,,Degussa,Printex-U,93.5,0.005,0.045,1:9,0.05,0.0,10,25.0,100,,6a7d9fa77bffe6ebe23a3f84,10.1039/c5ra07414b,False,True,256.17385001811977,,0.5487704554946724,,,,,,,,,100.0,,,,
6a7d9fab7bffe6ebe23a408d,soot + O2,1.0,,5.0,,,Degussa,Printex-U,93.5,0.005,0.045,1:9,0.05,0.0,10,25.0,100,,6a7d9fa77bffe6ebe23a3f84,10.1039/c5ra07414b,False,True,292.9932644364745,,1.2883955804741056,,,,,,,,,100.0,,,,
6a7d9fab7bffe6ebe23a408d,soot + O2,1.0,,5.0,,,Degussa,Printex-U,93.5,0.005,0.045,1:9,0.05,0.0,10,25.0,100,,6a7d9fa77bffe6ebe23a3f84,10.1039/c5ra07414b,False,True,319.2007297901853,,1.8100818852593932,,,,,,,,,100.0,,,,
6a7d9fab7bffe6ebe23a408d,soot + O2,1.0,,5.0,,,Degussa,Printex-U,93.5,0.005,0.045,1:9,0.05,0.0,10,25.0,100,,6a7d9fa77bffe6ebe23a3f84,10.1039/c5ra07414b,False,True,356.03014133436636,,2.690190221862231,,,,,,,,,100.0,,,,
6a7d9fab7bffe6ebe23a408d,soot + O2,1.0,,5.0,,,Degussa,Printex-U,93.5,0.005,0.045,1:9,0.05,0.0,10,25.0,100,,6a7d9fa77bffe6ebe23a3f84,10.1039/c5ra07414b,False,True,392.98451695137646,,3.8846772050168994,,,,,,,,,100.0,,,,
6a7d9fab7bffe6ebe23a408d,soot + O2,1.0,,5.0,,,Degussa,Printex-U,93.5,0.005,0.045,1:9,0.05,0.0,10,25.0,100,,6a7d9fa77bffe6ebe23a3f84,10.1039/c5ra07414b,False,True,422.1686265198755,,5.079164188171571,,,,,,,,,100.0,,,,
6a7d9fab7bffe6ebe23a408d,soot + O2,1.0,,5.0,,,Degussa,Printex-U,93.5,0.005,0.045,1:9,0.05,0.0,10,25.0,100,,6a7d9fa77bffe6ebe23a3f84,10.1039/c5ra07414b,False,True,447.94121690014117,,6.508296103172899,,,,,,,,,100.0,,,,
6a7d9fab7bffe6ebe23a408d,soot + O2,1.0,,5.0,,,Degussa,Printex-U,93.5,0.005,0.045,1:9,0.05,0.0,10,25.0,100,,6a7d9fa77bffe6ebe23a3f84,10.1039/c5ra07414b,False,True,474.02871674393606,,8.711984103881644,,,,,,,,,100.0,,,,
6a7d9fab7bffe6ebe23a408d,soot + O2,1.0,,5.0,,,Degussa,Printex-U,93.5,0.005,0.045,1:9,0.05,0.0,10,25.0,100,,6a7d9fa77bffe6ebe23a3f84,10.1039/c5ra07414b,False,True,502.12563887882226,,12.569577158189162,,,,,,,,,100.0,,,,
6a7d9fab7bffe6ebe23a408d,soot + O2,1.0,,5.0,,,Degussa,Printex-U,93.5,0.005,0.045,1:9,0.05,0.0,10,25.0,100,,6a7d9fa77bffe6ebe23a3f84,10.1039/c5ra07414b,False,True,517.0763405520912,,15.672357713287688,,,,,,,,,100.0,,,,
6a7d9fab7bffe6ebe23a408d,soot + O2,1.0,,5.0,,,Degussa,Printex-U,93.5,0.005,0.045,1:9,0.05,0.0,10,25.0,100,,6a7d9fa77bffe6ebe23a3f84,10.1039/c5ra07414b,False,True,531.9495645002062,,20.182248490754684,,,,,,,,,100.0,,,,
6a7d9fab7bffe6ebe23a408d,soot + O2,1.0,,5.0,,,Degussa,Printex-U,93.5,0.005,0.045,1:9,0.05,0.0,10,25.0,100,,6a7d9fa77bffe6ebe23a3f84,10.1039/c5ra07414b,False,True,546.8652762330829,,26.68927897940845,,,,,,,,,100.0,,,,
6a7d9fab7bffe6ebe23a408d,soot + O2,1.0,,5.0,,,Degussa,Printex-U,93.5,0.005,0.045,1:9,0.05,0.0,10,25.0,100,,6a7d9fa77bffe6ebe23a3f84,10.1039/c5ra07414b,False,True,562.0309161116179,,35.95281789072685,,,,,,,,,100.0,,,,
6a7d9fab7bffe6ebe23a408d,soot + O2,1.0,,5.0,,,Degussa,Printex-U,93.5,0.005,0.045,1:9,0.05,0.0,10,25.0,100,,6a7d9fa77bffe6ebe23a3f84,10.1039/c5ra07414b,False,True,576.0368893942991,,47.93869363269336,,,,,,,,,100.0,,,,
6a7d9fab7bffe6ebe23a408d,soot + O2,1.0,,5.0,,,Degussa,Printex-U,93.5,0.005,0.045,1:9,0.05,0.0,10,25.0,100,,6a7d9fa77bffe6ebe23a3f84,10.1039/c5ra07414b,False,True,591.0650687927221,,64.1314720362472,,,,,,,,,100.0,,,,
6a7d9fab7bffe6ebe23a408d,soot + O2,1.0,,5.0,,,Degussa,Printex-U,93.5,0.005,0.045,1:9,0.05,0.0,10,25.0,100,,6a7d9fa77bffe6ebe23a3f84,10.1039/c5ra07414b,False,True,602.196868400335,,76.98986242770178,,,,,,,,,100.0,,,,
6a7d9fab7bffe6ebe23a408d,soot + O2,1.0,,5.0,,,Degussa,Printex-U,93.5,0.005,0.045,1:9,0.05,0.0,10,25.0,100,,6a7d9fa77bffe6ebe23a3f84,10.1039/c5ra07414b,False,True,615.9779063519238,,91.03134927163885,,,,,,,,,100.0,,,,
6a7d9fab7bffe6ebe23a408d,soot + O2,1.0,,5.0,,,Degussa,Printex-U,93.5,0.005,0.045,1:9,0.05,0.0,10,25.0,100,,6a7d9fa77bffe6ebe23a3f84,10.1039/c5ra07414b,False,True,631.136048386089,,98.53846835330894,,,,,,,,,100.0,,,,
6a7d9fab7bffe6ebe23a408e,,,500.0,5.0,,,,,,,0.08,,0.08,0.3,10,25.0,500,,6a7d9fa77bffe6ebe23a3f85,10.1016/j.apcatb.2009.09.015,True,False,200.0,,,,0.005698785019033941,,,,,,-0.6013242993532586,,,,,
6a7d9fab7bffe6ebe23a408e,,,500.0,5.0,,,,,,,0.08,,0.08,0.3,10,25.0,500,,6a7d9fa77bffe6ebe23a3f85,10.1016/j.apcatb.2009.09.015,True,False,250.0,,,,0.005698785019033941,,,,,,-0.787650138589477,,,,,
6a7d9fab7bffe6ebe23a408e,,,500.0,5.0,,,,,,,0.08,,0.08,0.3,10,25.0,500,,6a7d9fa77bffe6ebe23a3f85,10.1016/j.apcatb.2009.09.015,True,False,300.0,,,,0.032673034109127926,,,,,,-0.6613797351401374,,,,,
6a7d9fab7bffe6ebe23a408e,,,500.0,5.0,,,,,,,0.08,,0.08,0.3,10,25.0,500,,6a7d9fa77bffe6ebe23a3f85,10.1016/j.apcatb.2009.09.015,True,False,350.0,,,,0.022035302073597905,,,,,,0.053125962426847195,,,,,
6a7d9fab7bffe6ebe23a408e,,,500.0,5.0,,,,,,,0.08,,0.08,0.3,10,25.0,500,,6a7d9fa77bffe6ebe23a3f85,10.1016/j.apcatb.2009.09.015,True,False,400.0,,,,0.018995950063446468,,,,,,0.21866338158299214,,,,,
6a7d9fab7bffe6ebe23a408e,,,500.0,5.0,,,,,,,0.08,,0.08,0.3,10,25.0,500,,6a7d9fa77bffe6ebe23a3f85,10.1016/j.apcatb.2009.09.015,True,False,450.0,,,,0.021655383072328976,,,,,,0.7345241761626013,,,,,
6a7d9fab7bffe6ebe23a408e,,,500.0,5.0,,,,,,,0.08,,0.08,0.3,10,25.0,500,,6a7d9fa77bffe6ebe23a3f85,10.1016/j.apcatb.2009.09.015,True,False,500.0,,,,0.03989149513323759,,,,,,1.3959039113027316,,,,,
6a7d9fab7bffe6ebe23a408e,,,500.0,5.0,,,,,,,0.08,,0.08,0.3,10,25.0,500,,6a7d9fa77bffe6ebe23a3f85,10.1016/j.apcatb.2009.09.015,True,False,550.0,,,,0.07256452924236552,,,,,,1.873267631659985,,,,,
6a7d9fab7bffe6ebe23a408e,,,500.0,5.0,,,,,,,0.08,,0.08,0.3,10,25.0,500,,6a7d9fa77bffe6ebe23a3f85,10.1016/j.apcatb.2009.09.015,True,False,600.0,,,,0.16374508954690856,,,,,,1.8740375731444345,,,,,
6a7d9fab7bffe6ebe23a408f,,0.0,500.0,5.0,,,unspecified,unspecified,,0.02,0.08,1:4,0.1,0.3,10,25.0,500,,6a7d9fa77bffe6ebe23a3f85,10.1016/j.apcatb.2009.09.015,True,True,400.0,,0.0,,,,,,,,,,,,,
6a7d9fab7bffe6ebe23a408f,,0.0,500.0,5.0,,,unspecified,unspecified,,0.02,0.08,1:4,0.1,0.3,10,25.0,500,,6a7d9fa77bffe6ebe23a3f85,10.1016/j.apcatb.2009.09.015,True,True,425.0,,0.0,,,,,,,,,,,,,
6a7d9fab7bffe6ebe23a408f,,0.0,500.0,5.0,,,unspecified,unspecified,,0.02,0.08,1:4,0.1,0.3,10,25.0,500,,6a7d9fa77bffe6ebe23a3f85,10.1016/j.apcatb.2009.09.015,True,True,450.0,,0.0,,,,,,,,,,,,,
6a7d9fab7bffe6ebe23a408f,,0.0,500.0,5.0,,,unspecified,unspecified,,0.02,0.08,1:4,0.1,0.3,10,25.0,500,,6a7d9fa77bffe6ebe23a3f85,10.1016/j.apcatb.2009.09.015,True,True,475.0,,0.08629789725927123,,,,,,,,,,,,,
6a7d9fab7bffe6ebe23a408f,,0.0,500.0,5.0,,,unspecified,unspecified,,0.02,0.08,1:4,0.1,0.3,10,25.0,500,,6a7d9fa77bffe6ebe23a3f85,10.1016/j.apcatb.2009.09.015,True,True,500.0,,0.3498146906759744,,,,,,,,,,,,,
6a7d9fab7bffe6ebe23a408f,,0.0,500.0,5.0,,,unspecified,unspecified,,0.02,0.08,1:4,0.1,0.3,10,25.0,500,,6a7d9fa77bffe6ebe23a3f85,10.1016/j.apcatb.2009.09.015,True,True,525.0,,0.324387631662082,,,,,,,,,,,,,
6a7d9fab7bffe6ebe23a408f,,0.0,500.0,5.0,,,unspecified,unspecified,,0.02,0.08,1:4,0.1,0.3,10,25.0,500,,6a7d9fa77bffe6ebe23a3f85,10.1016/j.apcatb.2009.09.015,True,True,550.0,,1.0078361572779175,,,,,,,,,,,,,
6a7d9fab7bffe6ebe23a408f,,0.0,500.0,5.0,,,unspecified,unspecified,,0.02,0.08,1:4,0.1,0.3,10,25.0,500,,6a7d9fa77bffe6ebe23a3f85,10.1016/j.apcatb.2009.09.015,True,True,575.0,,2.252991532018831,,,,,,,,,,,,,
6a7d9fab7bffe6ebe23a408f,,0.0,500.0,5.0,,,unspecified,unspecified,,0.02,0.08,1:4,0.1,0.3,10,25.0,500,,6a7d9fa77bffe6ebe23a3f85,10.1016/j.apcatb.2009.09.015,True,True,600.0,,5.907553377561005,,,,,,,,,,,,,
6a7d9fab7bffe6ebe23a408f,,0.0,500.0,5.0,,,unspecified,unspecified,,0.02,0.08,1:4,0.1,0.3,10,25.0,500,,6a7d9fa77bffe6ebe23a3f85,10.1016/j.apcatb.2009.09.015,True,True,625.0,,15.428060685914177,,,,,,,,,,,,,
6a7d9fab7bffe6ebe23a408f,,0.0,500.0,5.0,,,unspecified,unspecified,,0.02,0.08,1:4,0.1,0.3,10,25.0,500,,6a7d9fa77bffe6ebe23a3f85,10.1016/j.apcatb.2009.09.015,True,True,650.0,,36.53174915050508,,,,,,,,,,,,,
6a7d9fab7bffe6ebe23a408f,,0.0,500.0,5.0,,,unspecified,unspecified,,0.02,0.08,1:4,0.1,0.3,10,25.0,500,,6a7d9fa77bffe6ebe23a3f85,10.1016/j.apcatb.2009.09.015,True,True,675.0,,61.8717397501984,,,,,,,,,,,,,
6a7d9fab7bffe6ebe23a4090,,,500.0,5.0,,,,,,,0.08,,0.08,0.3,10,25.0,500,,6a7d9fa77bffe6ebe23a3f86,10.1016/j.apcatb.2009.09.015,True,False,200.0,,,,0.0,,,,,,-0.31952571604558955,,,,,
6a7d9fab7bffe6ebe23a4090,,,500.0,5.0,,,,,,,0.08,,0.08,0.3,10,25.0,500,,6a7d9fa77bffe6ebe23a3f86,10.1016/j.apcatb.2009.09.015,True,False,250.0,,,,0.09535966931850128,,,,,,-0.7699414844471875,,,,,
6a7d9fab7bffe6ebe23a4090,,,500.0,5.0,,,,,,,0.08,,0.08,0.3,10,25.0,500,,6a7d9fa77bffe6ebe23a3f86,10.1016/j.apcatb.2009.09.015,True,False,300.0,,,,0.016336517054563963,,,,,,-0.4904527255928599,,,,,
6a7d9fab7bffe6ebe23a4090,,,500.0,5.0,,,,,,,0.08,,0.08,0.3,10,25.0,500,,6a7d9fa77bffe6ebe23a3f86,10.1016/j.apcatb.2009.09.015,True,False,350.0,,,,0.04331076614465795,,,,,,0.5212503849707346,,,,,
6a7d9fab7bffe6ebe23a4090,,,500.0,5.0,,,,,,,0.08,,0.08,0.3,10,25.0,500,,6a7d9fa77bffe6ebe23a3f86,10.1016/j.apcatb.2009.09.015,True,False,400.0,,,,0.6006519410061774,,,,,,3.6664613489374744,,,,,
6a7d9fab7bffe6ebe23a4090,,,500.0,5.0,,,,,,,0.08,,0.08,0.3,10,25.0,500,,6a7d9fa77bffe6ebe23a3f86,10.1016/j.apcatb.2009.09.015,True,False,450.0,,,,1.490042322976741,,,,,,6.480597474591917,,,,,
6a7d9fab7bffe6ebe23a4090,,,500.0,5.0,,,,,,,0.08,,0.08,0.3,10,25.0,500,,6a7d9fa77bffe6ebe23a3f86,10.1016/j.apcatb.2009.09.015,True,False,500.0,,,,2.8847249766349807,,,,,,8.712657838004304,,,,,
6a7d9fab7bffe6ebe23a4090,,,500.0,5.0,,,,,,,0.08,,0.08,0.3,10,25.0,500,,6a7d9fa77bffe6ebe23a3f86,10.1016/j.apcatb.2009.09.015,True,False,550.0,,,,3.7418222434976856,,,,,,8.588697259008313,,,,,
6a7d9fab7bffe6ebe23a4090,,,500.0,5.0,,,,,,,0.08,,0.08,0.3,10,25.0,500,,6a7d9fa77bffe6ebe23a3f86,10.1016/j.apcatb.2009.09.015,True,False,600.0,,,,3.12635346144202,,,,,,5.4080689867570015,,,,,
6a7d9fab7bffe6ebe23a4090,,,500.0,5.0,,,,,,,0.08,,0.08,0.3,10,25.0,500,,6a7d9fa77bffe6ebe23a3f86,10.1016/j.apcatb.2009.09.015,True,False,650.0,,,,2.190233042315378,,,,,,2.76331998768093,,,,,
6a7d9fab7bffe6ebe23a4091,,0.0,500.0,5.0,,,unspecified,unspecified,,0.02,0.08,1:4,0.1,0.3,10,25.0,500,,6a7d9fa77bffe6ebe23a3f86,10.1016/j.apcatb.2009.09.015,True,True,475.13484907395406,,0.1386930491666859,,,,,,,,,,,,,
6a7d9fab7bffe6ebe23a4091,,0.0,500.0,5.0,,,unspecified,unspecified,,0.02,0.08,1:4,0.1,0.3,10,25.0,500,,6a7d9fa77bffe6ebe23a3f86,10.1016/j.apcatb.2009.09.015,True,True,525.0543099245216,,1.3853894577872292,,,,,,,,,,,,,
6a7d9fab7bffe6ebe23a4091,,0.0,500.0,5.0,,,unspecified,unspecified,,0.02,0.08,1:4,0.1,0.3,10,25.0,500,,6a7d9fa77bffe6ebe23a3f86,10.1016/j.apcatb.2009.09.015,True,True,574.9626619268914,,4.656233867301571,,,,,,,,,,,,,
6a7d9fab7bffe6ebe23a4091,,0.0,500.0,5.0,,,unspecified,unspecified,,0.02,0.08,1:4,0.1,0.3,10,25.0,500,,6a7d9fa77bffe6ebe23a3f86,10.1016/j.apcatb.2009.09.015,True,True,603.7382817080471,,11.545425826186786,,,,,,,,,,,,,
6a7d9fab7bffe6ebe23a4091,,0.0,500.0,5.0,,,unspecified,unspecified,,0.02,0.08,1:4,0.1,0.3,10,25.0,500,,6a7d9fa77bffe6ebe23a3f86,10.1016/j.apcatb.2009.09.015,True,True,625.0425839180907,,27.551374216962156,,,,,,,,,,,,,
6a7d9fab7bffe6ebe23a4091,,0.0,500.0,5.0,,,unspecified,unspecified,,0.02,0.08,1:4,0.1,0.3,10,25.0,500,,6a7d9fa77bffe6ebe23a3f86,10.1016/j.apcatb.2009.09.015,True,True,639.0347953811878,,53.8313954832297,,,,,,,,,,,,,
6a7d9fab7bffe6ebe23a4091,,0.0,500.0,5.0,,,unspecified,unspecified,,0.02,0.08,1:4,0.1,0.3,10,25.0,500,,6a7d9fa77bffe6ebe23a3f86,10.1016/j.apcatb.2009.09.015,True,True,652.4419408392117,,77.44388710385797,,,,,,,,,,,,,
6a7d9fab7bffe6ebe23a4091,,0.0,500.0,5.0,,,unspecified,unspecified,,0.02,0.08,1:4,0.1,0.3,10,25.0,500,,6a7d9fa77bffe6ebe23a3f86,10.1016/j.apcatb.2009.09.015,True,True,671.4430085229552,,91.88106300517016,,,,,,,,,,,,,
6a7d9fab7bffe6ebe23a4091,,0.0,500.0,5.0,,,unspecified,unspecified,,0.02,0.08,1:4,0.1,0.3,10,25.0,500,,6a7d9fa77bffe6ebe23a3f86,10.1016/j.apcatb.2009.09.015,True,True,698.5967364672629,,98.49980351818034,,,,,,,,,,,,,
6a7d9fab7bffe6ebe23a4092,,1.0,,8.0,,,Degussa,Printex-U,,0.005,0.045,1:9,0.05,0.2,5,200.0,100,,6a7d9fa87bffe6ebe23a3f87,10.1016/j.apcatb.2017.02.074,False,True,199.99622339380937,,,,,,4.407192538222378,,,,,98.6,,,,
6a7d9fab7bffe6ebe23a4092,,1.0,,8.0,,,Degussa,Printex-U,,0.005,0.045,1:9,0.05,0.2,5,200.0,100,,6a7d9fa87bffe6ebe23a3f87,10.1016/j.apcatb.2017.02.074,False,True,229.64862456002538,,,,,,78.3678964069361,,,,,98.6,,,,
6a7d9fab7bffe6ebe23a4092,,1.0,,8.0,,,Degussa,Printex-U,,0.005,0.045,1:9,0.05,0.2,5,200.0,100,,6a7d9fa87bffe6ebe23a3f87,10.1016/j.apcatb.2017.02.074,False,True,259.9286976751212,,,,,,120.03589858649313,,,,,98.6,,,,
6a7d9fab7bffe6ebe23a4092,,1.0,,8.0,,,Degussa,Printex-U,,0.005,0.045,1:9,0.05,0.2,5,200.0,100,,6a7d9fa87bffe6ebe23a3f87,10.1016/j.apcatb.2017.02.074,False,True,289.58563076876595,,,,,,203.7725568127183,,,,,98.6,,,,
6a7d9fab7bffe6ebe23a4092,,1.0,,8.0,,,Degussa,Printex-U,,0.005,0.045,1:9,0.05,0.2,5,200.0,100,,6a7d9fa87bffe6ebe23a3f87,10.1016/j.apcatb.2017.02.074,False,True,319.9495445412934,,,,,,313.55171640116663,,,,,98.6,,,,
6a7d9fab7bffe6ebe23a4092,,1.0,,8.0,,,Degussa,Printex-U,,0.005,0.045,1:9,0.05,0.2,5,200.0,100,,6a7d9fa87bffe6ebe23a3f87,10.1016/j.apcatb.2017.02.074,False,True,349.9214465912352,,,,,,724.542453283759,,,,,98.6,,,,
6a7d9fab7bffe6ebe23a4092,,1.0,,8.0,,,Degussa,Printex-U,,0.005,0.045,1:9,0.05,0.2,5,200.0,100,,6a7d9fa87bffe6ebe23a3f87,10.1016/j.apcatb.2017.02.074,False,True,364.8496155414898,,,,,,1283.0539440366676,,,,,98.6,,,,
6a7d9fab7bffe6ebe23a4092,,1.0,,8.0,,,Degussa,Printex-U,,0.005,0.045,1:9,0.05,0.2,5,200.0,100,,6a7d9fa87bffe6ebe23a3f87,10.1016/j.apcatb.2017.02.074,False,True,380.02024260918165,,,,,,2274.9927882303914,,,,,98.6,,,,
6a7d9fab7bffe6ebe23a4092,,1.0,,8.0,,,Degussa,Printex-U,,0.005,0.045,1:9,0.05,0.2,5,200.0,100,,6a7d9fa87bffe6ebe23a3f87,10.1016/j.apcatb.2017.02.074,False,True,394.95520945057933,,,,,,3867.6720407705375,,,,,98.6,,,,
6a7d9fab7bffe6ebe23a4092,,1.0,,8.0,,,Degussa,Printex-U,,0.005,0.045,1:9,0.05,0.2,5,200.0,100,,6a7d9fa87bffe6ebe23a3f87,10.1016/j.apcatb.2017.02.074,False,True,409.8584527999758,,,,,,5576.781307093176,,,,,98.6,,,,
6a7d9fab7bffe6ebe23a4092,,1.0,,8.0,,,Degussa,Printex-U,,0.005,0.045,1:9,0.05,0.2,5,200.0,100,,6a7d9fa87bffe6ebe23a3f87,10.1016/j.apcatb.2017.02.074,False,True,425.11518648881366,,,,,,6351.726016859514,,,,,98.6,,,,
6a7d9fab7bffe6ebe23a4092,,1.0,,8.0,,,Degussa,Printex-U,,0.005,0.045,1:9,0.05,0.2,5,200.0,100,,6a7d9fa87bffe6ebe23a3f87,10.1016/j.apcatb.2017.02.074,False,True,439.61055636962396,,,,,,5630.148402192378,,,,,98.6,,,,
6a7d9fab7bffe6ebe23a4092,,1.0,,8.0,,,Degussa,Printex-U,,0.005,0.045,1:9,0.05,0.2,5,200.0,100,,6a7d9fa87bffe6ebe23a3f87,10.1016/j.apcatb.2017.02.074,False,True,457.04941311539795,,,,,,3566.0598096092826,,,,,98.6,,,,
6a7d9fab7bffe6ebe23a4092,,1.0,,8.0,,,Degussa,Printex-U,,0.005,0.045,1:9,0.05,0.2,5,200.0,100,,6a7d9fa87bffe6ebe23a3f87,10.1016/j.apcatb.2017.02.074,False,True,469.85437406528996,,,,,,2038.4467450879831,,,,,98.6,,,,
6a7d9fab7bffe6ebe23a4092,,1.0,,8.0,,,Degussa,Printex-U,,0.005,0.045,1:9,0.05,0.2,5,200.0,100,,6a7d9fa87bffe6ebe23a3f87,10.1016/j.apcatb.2017.02.074,False,True,484.88677734640544,,,,,,791.2913875444724,,,,,98.6,,,,
6a7d9fab7bffe6ebe23a4092,,1.0,,8.0,,,Degussa,Printex-U,,0.005,0.045,1:9,0.05,0.2,5,200.0,100,,6a7d9fa87bffe6ebe23a3f87,10.1016/j.apcatb.2017.02.074,False,True,502.1670166321736,,,,,,311.14779319849987,,,,,98.6,,,,
6a7d9fab7bffe6ebe23a4092,,1.0,,8.0,,,Degussa,Printex-U,,0.005,0.045,1:9,0.05,0.2,5,200.0,100,,6a7d9fa87bffe6ebe23a3f87,10.1016/j.apcatb.2017.02.074,False,True,515.1940420260737,,,,,,198.08327189974034,,,,,98.6,,,,
6a7d9fab7bffe6ebe23a4092,,1.0,,8.0,,,Degussa,Printex-U,,0.005,0.045,1:9,0.05,0.2,5,200.0,100,,6a7d9fa87bffe6ebe23a3f87,10.1016/j.apcatb.2017.02.074,False,True,530.0270405003248,,,,,,147.761146190583,,,,,98.6,,,,
6a7d9fab7bffe6ebe23a4092,,1.0,,8.0,,,Degussa,Printex-U,,0.005,0.045,1:9,0.05,0.2,5,200.0,100,,6a7d9fa87bffe6ebe23a3f87,10.1016/j.apcatb.2017.02.074,False,True,559.6703778116834,,,,,,87.02201993653641,,,,,98.6,,,,
6a7d9fab7bffe6ebe23a4093,,0.0,,8.0,,,Degussa,Printex-U,,0.005,0.045,1:9,0.05,0.2,5,200.0,100,,6a7d9fa87bffe6ebe23a3f87,10.1016/j.apcatb.2017.02.074,False,True,203.28418395364275,,,,,,2.8034484404078315,,,,,98.2,,,,
6a7d9fab7bffe6ebe23a4093,,0.0,,8.0,,,Degussa,Printex-U,,0.005,0.045,1:9,0.05,0.2,5,200.0,100,,6a7d9fa87bffe6ebe23a3f87,10.1016/j.apcatb.2017.02.074,False,True,245.88104156250768,,,,,,11.750624314049848,,,,,98.2,,,,
6a7d9fab7bffe6ebe23a4093,,0.0,,8.0,,,Degussa,Printex-U,,0.005,0.045,1:9,0.05,0.2,5,200.0,100,,6a7d9fa87bffe6ebe23a3f87,10.1016/j.apcatb.2017.02.074,False,True,290.09581260398824,,,,,,17.059281999077445,,,,,98.2,,,,
6a7d9fab7bffe6ebe23a4093,,0.0,,8.0,,,Degussa,Printex-U,,0.005,0.045,1:9,0.05,0.2,5,200.0,100,,6a7d9fa87bffe6ebe23a3f87,10.1016/j.apcatb.2017.02.074,False,True,335.03839880664543,,,,,,35.19222510299193,,,,,98.2,,,,
6a7d9fab7bffe6ebe23a4093,,0.0,,8.0,,,Degussa,Printex-U,,0.005,0.045,1:9,0.05,0.2,5,200.0,100,,6a7d9fa87bffe6ebe23a3f87,10.1016/j.apcatb.2017.02.074,False,True,380.135891614553,,,,,,120.84652213332483,,,,,98.2,,,,
6a7d9fab7bffe6ebe23a4093,,0.0,,8.0,,,Degussa,Printex-U,,0.005,0.045,1:9,0.05,0.2,5,200.0,100,,6a7d9fa87bffe6ebe23a3f87,10.1016/j.apcatb.2017.02.074,False,True,410.2246555581965,,,,,,309.63193306717136,,,,,98.2,,,,
6a7d9fab7bffe6ebe23a4093,,0.0,,8.0,,,Degussa,Printex-U,,0.005,0.045,1:9,0.05,0.2,5,200.0,100,,6a7d9fa87bffe6ebe23a3f87,10.1016/j.apcatb.2017.02.074,False,True,425.16699587735326,,,,,,537.0691437751514,,,,,98.2,,,,
6a7d9fab7bffe6ebe23a4093,,0.0,,8.0,,,Degussa,Printex-U,,0.005,0.045,1:9,0.05,0.2,5,200.0,100,,6a7d9fa87bffe6ebe23a3f87,10.1016/j.apcatb.2017.02.074,False,True,439.8708292011245,,,,,,845.448472220013,,,,,98.2,,,,
6a7d9fab7bffe6ebe23a4093,,0.0,,8.0,,,Degussa,Printex-U,,0.005,0.045,1:9,0.05,0.2,5,200.0,100,,6a7d9fa87bffe6ebe23a3f87,10.1016/j.apcatb.2017.02.074,False,True,455.04430001065487,,,,,,1216.6369752978414,,,,,98.2,,,,
6a7d9fab7bffe6ebe23a4093,,0.0,,8.0,,,Degussa,Printex-U,,0.005,0.045,1:9,0.05,0.2,5,200.0,100,,6a7d9fa87bffe6ebe23a3f87,10.1016/j.apcatb.2017.02.074,False,True,469.79976886950953,,,,,,1535.3950277561275,,,,,98.2,,,,
6a7d9fab7bffe6ebe23a4093,,0.0,,8.0,,,Degussa,Printex-U,,0.005,0.045,1:9,0.05,0.2,5,200.0,100,,6a7d9fa87bffe6ebe23a3f87,10.1016/j.apcatb.2017.02.074,False,True,485.08634608922284,,,,,,1828.4448615374824,,,,,98.2,,,,
6a7d9fab7bffe6ebe23a4093,,0.0,,8.0,,,Degussa,Printex-U,,0.005,0.045,1:9,0.05,0.2,5,200.0,100,,6a7d9fa87bffe6ebe23a3f87,10.1016/j.apcatb.2017.02.074,False,True,499.77296756796625,,,,,,2102.7652738233464,,,,,98.2,,,,
6a7d9fab7bffe6ebe23a4093,,0.0,,8.0,,,Degussa,Printex-U,,0.005,0.045,1:9,0.05,0.2,5,200.0,100,,6a7d9fa87bffe6ebe23a3f87,10.1016/j.apcatb.2017.02.074,False,True,515.1898630428902,,,,,,2477.5326472506326,,,,,98.2,,,,
6a7d9fab7bffe6ebe23a4093,,0.0,,8.0,,,Degussa,Printex-U,,0.005,0.045,1:9,0.05,0.2,5,200.0,100,,6a7d9fa87bffe6ebe23a3f87,10.1016/j.apcatb.2017.02.074,False,True,530.225639092198,,,,,,3088.863350777013,,,,,98.2,,,,
6a7d9fab7bffe6ebe23a4093,,0.0,,8.0,,,Degussa,Printex-U,,0.005,0.045,1:9,0.05,0.2,5,200.0,100,,6a7d9fa87bffe6ebe23a3f87,10.1016/j.apcatb.2017.02.074,False,True,544.86800154087,,,,,,3932.3434443048245,,,,,98.2,,,,
6a7d9fab7bffe6ebe23a4093,,0.0,,8.0,,,Degussa,Printex-U,,0.005,0.045,1:9,0.05,0.2,5,200.0,100,,6a7d9fa87bffe6ebe23a3f87,10.1016/j.apcatb.2017.02.074,False,True,560.2676851707661,,,,,,4649.906949370914,,,,,98.2,,,,
6a7d9fab7bffe6ebe23a4093,,0.0,,8.0,,,Degussa,Printex-U,,0.005,0.045,1:9,0.05,0.2,5,200.0,100,,6a7d9fa87bffe6ebe23a3f87,10.1016/j.apcatb.2017.02.074,False,True,574.9690596595333,,,,,,4257.901350427079,,,,,98.2,,,,
6a7d9fab7bffe6ebe23a4093,,0.0,,8.0,,,Degussa,Printex-U,,0.005,0.045,1:9,0.05,0.2,5,200.0,100,,6a7d9fa87bffe6ebe23a3f87,10.1016/j.apcatb.2017.02.074,False,True,590.2433427042267,,,,,,2926.0843977158856,,,,,98.2,,,,
6a7d9fab7bffe6ebe23a4093,,0.0,,8.0,,,Degussa,Printex-U,,0.005,0.045,1:9,0.05,0.2,5,200.0,100,,6a7d9fa87bffe6ebe23a3f87,10.1016/j.apcatb.2017.02.074,False,True,604.7971870927554,,,,,,1749.351826814487,,,,,98.2,,,,
6a7d9fab7bffe6ebe23a4093,,0.0,,8.0,,,Degussa,Printex-U,,0.005,0.045,1:9,0.05,0.2,5,200.0,100,,6a7d9fa87bffe6ebe23a3f87,10.1016/j.apcatb.2017.02.074,False,True,619.365784491308,,,,,,741.4226407291351,,,,,98.2,,,,
6a7d9fab7bffe6ebe23a4094,,0.0,,8.0,,,Degussa,Printex-U,,0.01,0.09,1:9,0.1,0.0,5,,200,,6a7d9fa87bffe6ebe23a3f88,10.1039/c7cy01444a,False,True,334.749803048002,,1.1278019561046375,,,,,,,,,,,,,
6a7d9fab7bffe6ebe23a4094,,0.0,,8.0,,,Degussa,Printex-U,,0.01,0.09,1:9,0.1,0.0,5,,200,,6a7d9fa87bffe6ebe23a3f88,10.1039/c7cy01444a,False,True,364.8664801282225,,1.5770508680799287,,,,,,,,,,,,,
6a7d9fab7bffe6ebe23a4094,,0.0,,8.0,,,Degussa,Printex-U,,0.01,0.09,1:9,0.1,0.0,5,,200,,6a7d9fa87bffe6ebe23a3f88,10.1039/c7cy01444a,False,True,395.0442802423189,,2.3304787308718233,,,,,,,,,,,,,
6a7d9fab7bffe6ebe23a4094,,0.0,,8.0,,,Degussa,Printex-U,,0.01,0.09,1:9,0.1,0.0,5,,200,,6a7d9fa87bffe6ebe23a3f88,10.1039/c7cy01444a,False,True,424.9758903588601,,4.515887500584959,,,,,,,,,,,,,
6a7d9fab7bffe6ebe23a4094,,0.0,,8.0,,,Degussa,Printex-U,,0.01,0.09,1:9,0.1,0.0,5,,200,,6a7d9fa87bffe6ebe23a3f88,10.1039/c7cy01444a,False,True,454.9906957159544,,9.555898731807758,,,,,,,,,,,,,
6a7d9fab7bffe6ebe23a4094,,0.0,,8.0,,,Degussa,Printex-U,,0.01,0.09,1:9,0.1,0.0,5,,200,,6a7d9fa87bffe6ebe23a3f88,10.1039/c7cy01444a,False,True,469.87585232675013,,13.772286957742523,,,,,,,,,,,,,
6a7d9fab7bffe6ebe23a4094,,0.0,,8.0,,,Degussa,Printex-U,,0.01,0.09,1:9,0.1,0.0,5,,200,,6a7d9fa87bffe6ebe23a3f88,10.1039/c7cy01444a,False,True,485.025875417674,,18.77330088757858,,,,,,,,,,,,,
6a7d9fab7bffe6ebe23a4094,,0.0,,8.0,,,Degussa,Printex-U,,0.01,0.09,1:9,0.1,0.0,5,,200,,6a7d9fa87bffe6ebe23a3f88,10.1039/c7cy01444a,False,True,499.9534785797723,,24.677492317531623,,,,,,,,,,,,,
6a7d9fab7bffe6ebe23a4094,,0.0,,8.0,,,Degussa,Printex-U,,0.01,0.09,1:9,0.1,0.0,5,,200,,6a7d9fa87bffe6ebe23a3f88,10.1039/c7cy01444a,False,True,515.0950123604357,,31.543357199681786,,,,,,,,,,,,,
6a7d9fab7bffe6ebe23a4094,,0.0,,8.0,,,Degussa,Printex-U,,0.01,0.09,1:9,0.1,0.0,5,,200,,6a7d9fa87bffe6ebe23a3f88,10.1039/c7cy01444a,False,True,529.8477357311672,,39.98861278799507,,,,,,,,,,,,,
6a7d9fab7bffe6ebe23a4094,,0.0,,8.0,,,Degussa,Printex-U,,0.01,0.09,1:9,0.1,0.0,5,,200,,6a7d9fa87bffe6ebe23a3f88,10.1039/c7cy01444a,False,True,544.8381597891935,,50.56546087010779,,,,,,,,,,,,,
6a7d9fab7bffe6ebe23a4094,,0.0,,8.0,,,Degussa,Printex-U,,0.01,0.09,1:9,0.1,0.0,5,,200,,6a7d9fa87bffe6ebe23a3f88,10.1039/c7cy01444a,False,True,559.8998940534079,,63.30743912521254,,,,,,,,,,,,,
6a7d9fab7bffe6ebe23a4094,,0.0,,8.0,,,Degussa,Printex-U,,0.01,0.09,1:9,0.1,0.0,5,,200,,6a7d9fa87bffe6ebe23a3f88,10.1039/c7cy01444a,False,True,574.9582325935182,,76.7248506403357,,,,,,,,,,,,,
6a7d9fab7bffe6ebe23a4094,,0.0,,8.0,,,Degussa,Printex-U,,0.01,0.09,1:9,0.1,0.0,5,,200,,6a7d9fa87bffe6ebe23a3f88,10.1039/c7cy01444a,False,True,590.1354214772758,,87.45846787402313,,,,,,,,,,,,,
6a7d9fab7bffe6ebe23a4095,,0.0,500.0,8.0,,,Degussa,Printex-U,,0.01,0.09,1:9,0.1,0.0,5,,200,,6a7d9fa87bffe6ebe23a3f88,10.1039/c7cy01444a,True,True,210.39427496723994,,0.5598473712194663,,,,,,,,,,,,,
6a7d9fab7bffe6ebe23a4095,,0.0,500.0,8.0,,,Degussa,Printex-U,,0.01,0.09,1:9,0.1,0.0,5,,200,,6a7d9fa87bffe6ebe23a3f88,10.1039/c7cy01444a,True,True,239.8953035991934,,0.9414193225534042,,,,,,,,,,,,,
6a7d9fab7bffe6ebe23a4095,,0.0,500.0,8.0,,,Degussa,Printex-U,,0.01,0.09,1:9,0.1,0.0,5,,200,,6a7d9fa87bffe6ebe23a3f88,10.1039/c7cy01444a,True,True,259.9621137537937,,1.5505270071622927,,,,,,,,,,,,,
6a7d9fab7bffe6ebe23a4095,,0.0,500.0,8.0,,,Degussa,Printex-U,,0.01,0.09,1:9,0.1,0.0,5,,200,,6a7d9fa87bffe6ebe23a3f88,10.1039/c7cy01444a,True,True,280.09512299450716,,2.155725143089481,,,,,,,,,,,,,
6a7d9fab7bffe6ebe23a4095,,0.0,500.0,8.0,,,Degussa,Printex-U,,0.01,0.09,1:9,0.1,0.0,5,,200,,6a7d9fa87bffe6ebe23a3f88,10.1039/c7cy01444a,True,True,300.02614015195235,,3.4435304788415215,,,,,,,,,,,,,
6a7d9fab7bffe6ebe23a4095,,0.0,500.0,8.0,,,Degussa,Printex-U,,0.01,0.09,1:9,0.1,0.0,5,,200,,6a7d9fa87bffe6ebe23a3f88,10.1039/c7cy01444a,True,True,320.2508096657455,,5.32480530447565,,,,,,,,,,,,,
6a7d9fab7bffe6ebe23a4095,,0.0,500.0,8.0,,,Degussa,Printex-U,,0.01,0.09,1:9,0.1,0.0,5,,200,,6a7d9fa87bffe6ebe23a3f88,10.1039/c7cy01444a,True,True,339.8168831433363,,8.031776811684857,,,,,,,,,,,,,
6a7d9fab7bffe6ebe23a4095,,0.0,500.0,8.0,,,Degussa,Printex-U,,0.01,0.09,1:9,0.1,0.0,5,,200,,6a7d9fa87bffe6ebe23a3f88,10.1039/c7cy01444a,True,True,360.10605433077814,,12.114127545116189,,,,,,,,,,,,,
6a7d9fab7bffe6ebe23a4095,,0.0,500.0,8.0,,,Degussa,Printex-U,,0.01,0.09,1:9,0.1,0.0,5,,200,,6a7d9fa87bffe6ebe23a3f88,10.1039/c7cy01444a,True,True,380.0217947760434,,18.594595439902413,,,,,,,,,,,,,
6a7d9fab7bffe6ebe23a4095,,0.0,500.0,8.0,,,Degussa,Printex-U,,0.01,0.09,1:9,0.1,0.0,5,,200,,6a7d9fa87bffe6ebe23a3f88,10.1039/c7cy01444a,True,True,390.08066104031013,,23.02020454758702,,,,,,,,,,,,,
6a7d9fab7bffe6ebe23a4095,,0.0,500.0,8.0,,,Degussa,Printex-U,,0.01,0.09,1:9,0.1,0.0,5,,200,,6a7d9fa87bffe6ebe23a3f88,10.1039/c7cy01444a,True,True,399.93923263377303,,28.292621899727898,,,,,,,,,,,,,
6a7d9fab7bffe6ebe23a4095,,0.0,500.0,8.0,,,Degussa,Printex-U,,0.01,0.09,1:9,0.1,0.0,5,,200,,6a7d9fa87bffe6ebe23a3f88,10.1039/c7cy01444a,True,True,410.0558109218307,,34.57370281174741,,,,,,,,,,,,,
6a7d9fab7bffe6ebe23a4095,,0.0,500.0,8.0,,,Degussa,Printex-U,,0.01,0.09,1:9,0.1,0.0,5,,200,,6a7d9fa87bffe6ebe23a3f88,10.1039/c7cy01444a,True,True,420.1740866223529,,41.476401964157255,,,,,,,,,,,,,
6a7d9fab7bffe6ebe23a4095,,0.0,500.0,8.0,,,Degussa,Printex-U,,0.01,0.09,1:9,0.1,0.0,5,,200,,6a7d9fa87bffe6ebe23a3f88,10.1039/c7cy01444a,True,True,430.0733961149623,,48.75676351921934,,,,,,,,,,,,,
6a7d9fab7bffe6ebe23a4095,,0.0,500.0,8.0,,,Degussa,Printex-U,,0.01,0.09,1:9,0.1,0.0,5,,200,,6a7d9fa87bffe6ebe23a3f88,10.1039/c7cy01444a,True,True,440.023627981505,,56.15753917367778,,,,,,,,,,,,,
6a7d9fab7bffe6ebe23a4095,,0.0,500.0,8.0,,,Degussa,Printex-U,,0.01,0.09,1:9,0.1,0.0,5,,200,,6a7d9fa87bffe6ebe23a3f88,10.1039/c7cy01444a,True,True,449.93821418629443,,63.64041535045194,,,,,,,,,,,,,
6a7d9fab7bffe6ebe23a4095,,0.0,500.0,8.0,,,Degussa,Printex-U,,0.01,0.09,1:9,0.1,0.0,5,,200,,6a7d9fa87bffe6ebe23a3f88,10.1039/c7cy01444a,True,True,460.07006918653207,,71.16316892377944,,,,,,,,,,,,,
6a7d9fab7bffe6ebe23a4095,,0.0,500.0,8.0,,,Degussa,Printex-U,,0.01,0.09,1:9,0.1,0.0,5,,200,,6a7d9fa87bffe6ebe23a3f88,10.1039/c7cy01444a,True,True,469.8437701567731,,78.29809526788227,,,,,,,,,,,,,
6a7d9fab7bffe6ebe23a4095,,0.0,500.0,8.0,,,Degussa,Printex-U,,0.01,0.09,1:9,0.1,0.0,5,,200,,6a7d9fa87bffe6ebe23a3f88,10.1039/c7cy01444a,True,True,480.11820780402354,,84.89663153285585,,,,,,,,,,,,,
6a7d9fab7bffe6ebe23a4095,,0.0,500.0,8.0,,,Degussa,Printex-U,,0.01,0.09,1:9,0.1,0.0,5,,200,,6a7d9fa87bffe6ebe23a3f88,10.1039/c7cy01444a,True,True,490.0786241453528,,90.29259062333844,,,,,,,,,,,,,
6a7d9fab7bffe6ebe23a4095,,0.0,500.0,8.0,,,Degussa,Printex-U,,0.01,0.09,1:9,0.1,0.0,5,,200,,6a7d9fa87bffe6ebe23a3f88,10.1039/c7cy01444a,True,True,499.88966818981146,,94.33584586995276,,,,,,,,,,,,,
6a7d9fab7bffe6ebe23a4096,,0.0,,8.0,,,Degussa,Printex-U,,0.01,0.09,1:9,0.1,0.0,5,,200,,6a7d9fa87bffe6ebe23a3f89,10.1039/c7cy01444a,False,True,304.86912879302383,,1.1371613084374559,,,,,,,,,,,,,
6a7d9fab7bffe6ebe23a4096,,0.0,,8.0,,,Degussa,Printex-U,,0.01,0.09,1:9,0.1,0.0,5,,200,,6a7d9fa87bffe6ebe23a3f89,10.1039/c7cy01444a,False,True,321.9886718643884,,1.7572184004866862,,,,,,,,,,,,,
6a7d9fab7bffe6ebe23a4096,,0.0,,8.0,,,Degussa,Printex-U,,0.01,0.09,1:9,0.1,0.0,5,,200,,6a7d9fa87bffe6ebe23a3f89,10.1039/c7cy01444a,False,True,354.538385265274,,4.208588765657416,,,,,,,,,,,,,
6a7d9fab7bffe6ebe23a4096,,0.0,,8.0,,,Degussa,Printex-U,,0.01,0.09,1:9,0.1,0.0,5,,200,,6a7d9fa87bffe6ebe23a3f89,10.1039/c7cy01444a,False,True,380.76186466002014,,9.21428237165988,,,,,,,,,,,,,
6a7d9fab7bffe6ebe23a4096,,0.0,,8.0,,,Degussa,Printex-U,,0.01,0.09,1:9,0.1,0.0,5,,200,,6a7d9fa87bffe6ebe23a3f89,10.1039/c7cy01444a,False,True,394.8761918991606,,13.95557427426022,,,,,,,,,,,,,
6a7d9fab7bffe6ebe23a4096,,0.0,,8.0,,,Degussa,Printex-U,,0.01,0.09,1:9,0.1,0.0,5,,200,,6a7d9fa87bffe6ebe23a3f89,10.1039/c7cy01444a,False,True,409.9141560946456,,19.440934687319636,,,,,,,,,,,,,
6a7d9fab7bffe6ebe23a4096,,0.0,,8.0,,,Degussa,Printex-U,,0.01,0.09,1:9,0.1,0.0,5,,200,,6a7d9fa87bffe6ebe23a3f89,10.1039/c7cy01444a,False,True,424.7891255331287,,26.77476718611072,,,,,,,,,,,,,
6a7d9fab7bffe6ebe23a4096,,0.0,,8.0,,,Degussa,Printex-U,,0.01,0.09,1:9,0.1,0.0,5,,200,,6a7d9fa87bffe6ebe23a3f89,10.1039/c7cy01444a,False,True,439.96291869278207,,35.19038482537009,,,,,,,,,,,,,
6a7d9fab7bffe6ebe23a4096,,0.0,,8.0,,,Degussa,Printex-U,,0.01,0.09,1:9,0.1,0.0,5,,200,,6a7d9fa87bffe6ebe23a3f89,10.1039/c7cy01444a,False,True,454.8956154410366,,46.7913020418987,,,,,,,,,,,,,
6a7d9fab7bffe6ebe23a4096,,0.0,,8.0,,,Degussa,Printex-U,,0.01,0.09,1:9,0.1,0.0,5,,200,,6a7d9fa87bffe6ebe23a3f89,10.1039/c7cy01444a,False,True,472.01006492624487,,58.54274884178015,,,,,,,,,,,,,
6a7d9fab7bffe6ebe23a4096,,0.0,,8.0,,,Degussa,Printex-U,,0.01,0.09,1:9,0.1,0.0,5,,200,,6a7d9fa87bffe6ebe23a3f89,10.1039/c7cy01444a,False,True,485.9461166499144,,68.40204657837678,,,,,,,,,,,,,
6a7d9fab7bffe6ebe23a4096,,0.0,,8.0,,,Degussa,Printex-U,,0.01,0.09,1:9,0.1,0.0,5,,200,,6a7d9fa87bffe6ebe23a3f89,10.1039/c7cy01444a,False,True,501.9348835945777,,78.18802938836633,,,,,,,,,,,,,
6a7d9fab7bffe6ebe23a4096,,0.0,,8.0,,,Degussa,Printex-U,,0.01,0.09,1:9,0.1,0.0,5,,200,,6a7d9fa87bffe6ebe23a3f89,10.1039/c7cy01444a,False,True,514.9133411208605,,85.65211287378914,,,,,,,,,,,,,
6a7d9fab7bffe6ebe23a4096,,0.0,,8.0,,,Degussa,Printex-U,,0.01,0.09,1:9,0.1,0.0,5,,200,,6a7d9fa87bffe6ebe23a3f89,10.1039/c7cy01444a,False,True,529.9445138681372,,91.91195969238929,,,,,,,,,,,,,
6a7d9fab7bffe6ebe23a4096,,0.0,,8.0,,,Degussa,Printex-U,,0.01,0.09,1:9,0.1,0.0,5,,200,,6a7d9fa87bffe6ebe23a3f89,10.1039/c7cy01444a,False,True,545.2779060606883,,94.34851108303306,,,,,,,,,,,,,
6a7d9fab7bffe6ebe23a4096,,0.0,,8.0,,,Degussa,Printex-U,,0.01,0.09,1:9,0.1,0.0,5,,200,,6a7d9fa87bffe6ebe23a3f89,10.1039/c7cy01444a,False,True,560.3481296351634,,96.77414322928854,,,,,,,,,,,,,
6a7d9fab7bffe6ebe23a4096,,0.0,,8.0,,,Degussa,Printex-U,,0.01,0.09,1:9,0.1,0.0,5,,200,,6a7d9fa87bffe6ebe23a3f89,10.1039/c7cy01444a,False,True,590.8315449186384,,99.1857363470448,,,,,,,,,,,,,
6a7d9fab7bffe6ebe23a4097,,0.0,500.0,8.0,,,Degussa,Printex-U,,0.01,0.09,1:9,0.1,0.0,5,,200,,6a7d9fa87bffe6ebe23a3f89,10.1039/c7cy01444a,True,True,210.2703638573359,,0.936727864135364,,,,,,,,,,,,,
6a7d9fab7bffe6ebe23a4097,,0.0,500.0,8.0,,,Degussa,Printex-U,,0.01,0.09,1:9,0.1,0.0,5,,200,,6a7d9fa87bffe6ebe23a3f89,10.1039/c7cy01444a,True,True,240.24497056686786,,3.8235386107027796,,,,,,,,,,,,,
6a7d9fab7bffe6ebe23a4097,,0.0,500.0,8.0,,,Degussa,Printex-U,,0.01,0.09,1:9,0.1,0.0,5,,200,,6a7d9fa87bffe6ebe23a3f89,10.1039/c7cy01444a,True,True,270.0685075670648,,5.711850623963968,,,,,,,,,,,,,
6a7d9fab7bffe6ebe23a4097,,0.0,500.0,8.0,,,Degussa,Printex-U,,0.01,0.09,1:9,0.1,0.0,5,,200,,6a7d9fa87bffe6ebe23a3f89,10.1039/c7cy01444a,True,True,290.29487449332237,,7.199042942482718,,,,,,,,,,,,,
6a7d9fab7bffe6ebe23a4097,,0.0,500.0,8.0,,,Degussa,Printex-U,,0.01,0.09,1:9,0.1,0.0,5,,200,,6a7d9fa87bffe6ebe23a3f89,10.1039/c7cy01444a,True,True,309.9712797811017,,9.316454508491537,,,,,,,,,,,,,
6a7d9fab7bffe6ebe23a4097,,0.0,500.0,8.0,,,Degussa,Printex-U,,0.01,0.09,1:9,0.1,0.0,5,,200,,6a7d9fa87bffe6ebe23a3f89,10.1039/c7cy01444a,True,True,331.0803011888677,,14.24874112532449,,,,,,,,,,,,,
6a7d9fab7bffe6ebe23a4097,,0.0,500.0,8.0,,,Degussa,Printex-U,,0.01,0.09,1:9,0.1,0.0,5,,200,,6a7d9fa87bffe6ebe23a3f89,10.1039/c7cy01444a,True,True,350.266154274424,,22.052200293998055,,,,,,,,,,,,,
6a7d9fab7bffe6ebe23a4097,,0.0,500.0,8.0,,,Degussa,Printex-U,,0.01,0.09,1:9,0.1,0.0,5,,200,,6a7d9fa87bffe6ebe23a3f89,10.1039/c7cy01444a,True,True,360.124725867887,,27.645982547774686,,,,,,,,,,,,,
6a7d9fab7bffe6ebe23a4097,,0.0,500.0,8.0,,,Degussa,Printex-U,,0.01,0.09,1:9,0.1,0.0,5,,200,,6a7d9fa87bffe6ebe23a3f89,10.1039/c7cy01444a,True,True,369.8627811763747,,34.455634441560065,,,,,,,,,,,,,
6a7d9fab7bffe6ebe23a4097,,0.0,500.0,8.0,,,Degussa,Printex-U,,0.01,0.09,1:9,0.1,0.0,5,,200,,6a7d9fa87bffe6ebe23a3f89,10.1039/c7cy01444a,True,True,379.9589905148591,,41.56632158383636,,,,,,,,,,,,,
6a7d9fab7bffe6ebe23a4097,,0.0,500.0,8.0,,,Degussa,Printex-U,,0.01,0.09,1:9,0.1,0.0,5,,200,,6a7d9fa87bffe6ebe23a3f89,10.1039/c7cy01444a,True,True,390.06877915305904,,49.773246176461384,,,,,,,,,,,,,
6a7d9fab7bffe6ebe23a4097,,0.0,500.0,8.0,,,Degussa,Printex-U,,0.01,0.09,1:9,0.1,0.0,5,,200,,6a7d9fa87bffe6ebe23a3f89,10.1039/c7cy01444a,True,True,399.9714834705974,,58.113877334000556,,,,,,,,,,,,,
6a7d9fab7bffe6ebe23a4097,,0.0,500.0,8.0,,,Degussa,Printex-U,,0.01,0.09,1:9,0.1,0.0,5,,200,,6a7d9fa87bffe6ebe23a3f89,10.1039/c7cy01444a,True,True,410.0422316221152,,66.36224314265161,,,,,,,,,,,,,
6a7d9fab7bffe6ebe23a4097,,0.0,500.0,8.0,,,Degussa,Printex-U,,0.01,0.09,1:9,0.1,0.0,5,,200,,6a7d9fa87bffe6ebe23a3f89,10.1039/c7cy01444a,True,True,420.0450832750555,,73.97413442592187,,,,,,,,,,,,,
6a7d9fab7bffe6ebe23a4097,,0.0,500.0,8.0,,,Degussa,Printex-U,,0.01,0.09,1:9,0.1,0.0,5,,200,,6a7d9fa87bffe6ebe23a3f89,10.1039/c7cy01444a,True,True,429.90195745605394,,80.12776405091796,,,,,,,,,,,,,
6a7d9fab7bffe6ebe23a4097,,0.0,500.0,8.0,,,Degussa,Printex-U,,0.01,0.09,1:9,0.1,0.0,5,,200,,6a7d9fa87bffe6ebe23a3f89,10.1039/c7cy01444a,True,True,439.9336651208897,,85.12338535639445,,,,,,,,,,,,,
6a7d9fab7bffe6ebe23a4097,,0.0,500.0,8.0,,,Degussa,Printex-U,,0.01,0.09,1:9,0.1,0.0,5,,200,,6a7d9fa87bffe6ebe23a3f89,10.1039/c7cy01444a,True,True,459.86468227833495,,91.40603008788665,,,,,,,,,,,,,
6a7d9fab7bffe6ebe23a4097,,0.0,500.0,8.0,,,Degussa,Printex-U,,0.01,0.09,1:9,0.1,0.0,5,,200,,6a7d9fa87bffe6ebe23a3f89,10.1039/c7cy01444a,True,True,479.8924519462531,,95.05285709817657,,,,,,,,,,,,,
6a7d9fab7bffe6ebe23a4097,,0.0,500.0,8.0,,,Degussa,Printex-U,,0.01,0.09,1:9,0.1,0.0,5,,200,,6a7d9fa87bffe6ebe23a3f89,10.1039/c7cy01444a,True,True,490.1057827447838,,96.01382416413848,,,,,,,,,,,,,
6a7d9fab7bffe6ebe23a4098,,0.0,,8.0,,,Degussa,Printex-U,,0.01,0.09,1:9,0.1,0.0,5,,200,,6a7d9fa87bffe6ebe23a3f8a,10.1039/c7cy01444a,False,True,305.0643829290158,,1.332147815371176,,,,,,,,,,,,,
6a7d9fab7bffe6ebe23a4098,,0.0,,8.0,,,Degussa,Printex-U,,0.01,0.09,1:9,0.1,0.0,5,,200,,6a7d9fa87bffe6ebe23a3f8a,10.1039/c7cy01444a,False,True,321.29424628507786,,2.215046718767061,,,,,,,,,,,,,
6a7d9fab7bffe6ebe23a4098,,0.0,,8.0,,,Degussa,Printex-U,,0.01,0.09,1:9,0.1,0.0,5,,200,,6a7d9fa87bffe6ebe23a3f8a,10.1039/c7cy01444a,False,True,350.0916845508136,,6.429875052646356,,,,,,,,,,,,,
6a7d9fab7bffe6ebe23a4098,,0.0,,8.0,,,Degussa,Printex-U,,0.01,0.09,1:9,0.1,0.0,5,,200,,6a7d9fa87bffe6ebe23a3f8a,10.1039/c7cy01444a,False,True,364.8936459210562,,11.224983231160403,,,,,,,,,,,,,
6a7d9fab7bffe6ebe23a4098,,0.0,,8.0,,,Degussa,Printex-U,,0.01,0.09,1:9,0.1,0.0,5,,200,,6a7d9fa87bffe6ebe23a3f8a,10.1039/c7cy01444a,False,True,380.1947787346174,,18.10722697989299,,,,,,,,,,,,,
6a7d9fab7bffe6ebe23a4098,,0.0,,8.0,,,Degussa,Printex-U,,0.01,0.09,1:9,0.1,0.0,5,,200,,6a7d9fa87bffe6ebe23a3f8a,10.1039/c7cy01444a,False,True,395.79473526934885,,28.609200243343167,,,,,,,,,,,,,
6a7d9fab7bffe6ebe23a4098,,0.0,,8.0,,,Degussa,Printex-U,,0.01,0.09,1:9,0.1,0.0,5,,200,,6a7d9fa87bffe6ebe23a3f8a,10.1039/c7cy01444a,False,True,409.773233544321,,40.832514390004214,,,,,,,,,,,,,
6a7d9fab7bffe6ebe23a4098,,0.0,,8.0,,,Degussa,Printex-U,,0.01,0.09,1:9,0.1,0.0,5,,200,,6a7d9fa87bffe6ebe23a3f8a,10.1039/c7cy01444a,False,True,425.0285240824753,,56.89862261531502,,,,,,,,,,,,,
6a7d9fab7bffe6ebe23a4098,,0.0,,8.0,,,Degussa,Printex-U,,0.01,0.09,1:9,0.1,0.0,5,,200,,6a7d9fa87bffe6ebe23a3f8a,10.1039/c7cy01444a,False,True,440.1496835185135,,72.26745909183086,,,,,,,,,,,,,
6a7d9fab7bffe6ebe23a4098,,0.0,,8.0,,,Degussa,Printex-U,,0.01,0.09,1:9,0.1,0.0,5,,200,,6a7d9fa87bffe6ebe23a3f8a,10.1039/c7cy01444a,False,True,454.9805085436418,,83.86447657822079,,,,,,,,,,,,,
6a7d9fab7bffe6ebe23a4098,,0.0,,8.0,,,Degussa,Printex-U,,0.01,0.09,1:9,0.1,0.0,5,,200,,6a7d9fa87bffe6ebe23a3f8a,10.1039/c7cy01444a,False,True,470.2069354269104,,90.95184613224765,,,,,,,,,,,,,
6a7d9fab7bffe6ebe23a4098,,0.0,,8.0,,,Degussa,Printex-U,,0.01,0.09,1:9,0.1,0.0,5,,200,,6a7d9fa87bffe6ebe23a3f8a,10.1039/c7cy01444a,False,True,485.04285403819506,,95.15575522173866,,,,,,,,,,,,,
6a7d9fab7bffe6ebe23a4098,,0.0,,8.0,,,Degussa,Printex-U,,0.01,0.09,1:9,0.1,0.0,5,,200,,6a7d9fa87bffe6ebe23a3f8a,10.1039/c7cy01444a,False,True,500.4933987123414,,97.5985461806043,,,,,,,,,,,,,
6a7d9fab7bffe6ebe23a4098,,0.0,,8.0,,,Degussa,Printex-U,,0.01,0.09,1:9,0.1,0.0,5,,200,,6a7d9fa87bffe6ebe23a3f8a,10.1039/c7cy01444a,False,True,515.0525658091331,,98.23888186937465,,,,,,,,,,,,,
6a7d9fab7bffe6ebe23a4098,,0.0,,8.0,,,Degussa,Printex-U,,0.01,0.09,1:9,0.1,0.0,5,,200,,6a7d9fa87bffe6ebe23a3f8a,10.1039/c7cy01444a,False,True,530.348605036538,,98.57191882321744,,,,,,,,,,,,,
6a7d9fab7bffe6ebe23a4098,,0.0,,8.0,,,Degussa,Printex-U,,0.01,0.09,1:9,0.1,0.0,5,,200,,6a7d9fa87bffe6ebe23a3f8a,10.1039/c7cy01444a,False,True,545.1777321996142,,98.86673842170123,,,,,,,,,,,,,
6a7d9fab7bffe6ebe23a4099,,0.0,500.0,8.0,,,Degussa,Printex-U,,0.01,0.09,1:9,0.1,0.0,5,,200,,6a7d9fa87bffe6ebe23a3f8a,10.1039/c7cy01444a,True,True,209.5387790851626,,0.5825227535733274,,,,,,,,,,,,,
6a7d9fab7bffe6ebe23a4099,,0.0,500.0,8.0,,,Degussa,Printex-U,,0.01,0.09,1:9,0.1,0.0,5,,200,,6a7d9fa87bffe6ebe23a3f8a,10.1039/c7cy01444a,True,True,239.2027593137022,,2.5052387952334776,,,,,,,,,,,,,
6a7d9fab7bffe6ebe23a4099,,0.0,500.0,8.0,,,Degussa,Printex-U,,0.01,0.09,1:9,0.1,0.0,5,,200,,6a7d9fa87bffe6ebe23a3f8a,10.1039/c7cy01444a,True,True,260.1691980744553,,3.83213961780252,,,,,,,,,,,,,
6a7d9fab7bffe6ebe23a4099,,0.0,500.0,8.0,,,Degussa,Printex-U,,0.01,0.09,1:9,0.1,0.0,5,,200,,6a7d9fa87bffe6ebe23a3f8a,10.1039/c7cy01444a,True,True,290.28129519360687,,6.1106245894973865,,,,,,,,,,,,,
6a7d9fab7bffe6ebe23a4099,,0.0,500.0,8.0,,,Degussa,Printex-U,,0.01,0.09,1:9,0.1,0.0,5,,200,,6a7d9fa87bffe6ebe23a3f8a,10.1039/c7cy01444a,True,True,309.8898039828086,,8.989616238701402,,,,,,,,,,,,,
6a7d9fab7bffe6ebe23a4099,,0.0,500.0,8.0,,,Degussa,Printex-U,,0.01,0.09,1:9,0.1,0.0,5,,200,,6a7d9fa87bffe6ebe23a3f8a,10.1039/c7cy01444a,True,True,329.92096847565574,,16.445125574703653,,,,,,,,,,,,,
6a7d9fab7bffe6ebe23a4099,,0.0,500.0,8.0,,,Degussa,Printex-U,,0.01,0.09,1:9,0.1,0.0,5,,200,,6a7d9fa87bffe6ebe23a3f8a,10.1039/c7cy01444a,True,True,339.88817446684277,,22.441591342695393,,,,,,,,,,,,,
6a7d9fab7bffe6ebe23a4099,,0.0,500.0,8.0,,,Degussa,Printex-U,,0.01,0.09,1:9,0.1,0.0,5,,200,,6a7d9fa87bffe6ebe23a3f8a,10.1039/c7cy01444a,True,True,349.79936584670327,,31.29280955806462,,,,,,,,,,,,,
6a7d9fab7bffe6ebe23a4099,,0.0,500.0,8.0,,,Degussa,Printex-U,,0.01,0.09,1:9,0.1,0.0,5,,200,,6a7d9fa87bffe6ebe23a3f8a,10.1039/c7cy01444a,True,True,359.8191916242879,,43.24195414881306,,,,,,,,,,,,,
6a7d9fab7bffe6ebe23a4099,,0.0,500.0,8.0,,,Degussa,Printex-U,,0.01,0.09,1:9,0.1,0.0,5,,200,,6a7d9fa87bffe6ebe23a3f8a,10.1039/c7cy01444a,True,True,370.0953266840029,,56.805742345103674,,,,,,,,,,,,,
6a7d9fab7bffe6ebe23a4099,,0.0,500.0,8.0,,,Degussa,Printex-U,,0.01,0.09,1:9,0.1,0.0,5,,200,,6a7d9fa87bffe6ebe23a3f8a,10.1039/c7cy01444a,True,True,379.8741198916372,,68.84402464579489,,,,,,,,,,,,,
6a7d9fab7bffe6ebe23a4099,,0.0,500.0,8.0,,,Degussa,Printex-U,,0.01,0.09,1:9,0.1,0.0,5,,200,,6a7d9fa87bffe6ebe23a3f8a,10.1039/c7cy01444a,True,True,390.084055865239,,78.74691145654145,,,,,,,,,,,,,
6a7d9fab7bffe6ebe23a4099,,0.0,500.0,8.0,,,Degussa,Printex-U,,0.01,0.09,1:9,0.1,0.0,5,,200,,6a7d9fa87bffe6ebe23a3f8a,10.1039/c7cy01444a,True,True,400.11236870514585,,86.42839270634597,,,,,,,,,,,,,
6a7d9fab7bffe6ebe23a4099,,0.0,500.0,8.0,,,Degussa,Printex-U,,0.01,0.09,1:9,0.1,0.0,5,,200,,6a7d9fa87bffe6ebe23a3f8a,10.1039/c7cy01444a,True,True,409.98282218585985,,91.6570231132518,,,,,,,,,,,,,
6a7d9fab7bffe6ebe23a4099,,0.0,500.0,8.0,,,Degussa,Printex-U,,0.01,0.09,1:9,0.1,0.0,5,,200,,6a7d9fa87bffe6ebe23a3f8a,10.1039/c7cy01444a,True,True,422.14817731849564,,95.64398085884964,,,,,,,,,,,,,
6a7d9fab7bffe6ebe23a4099,,0.0,500.0,8.0,,,Degussa,Printex-U,,0.01,0.09,1:9,0.1,0.0,5,,200,,6a7d9fa87bffe6ebe23a3f8a,10.1039/c7cy01444a,True,True,430.1684512129709,,97.27660838832765,,,,,,,,,,,,,
6a7d9fab7bffe6ebe23a4099,,0.0,500.0,8.0,,,Degussa,Printex-U,,0.01,0.09,1:9,0.1,0.0,5,,200,,6a7d9fa87bffe6ebe23a3f8a,10.1039/c7cy01444a,True,True,439.94045477074746,,98.41741469364776,,,,,,,,,,,,,
6a7d9fab7bffe6ebe23a4099,,0.0,500.0,8.0,,,Degussa,Printex-U,,0.01,0.09,1:9,0.1,0.0,5,,200,,6a7d9fa87bffe6ebe23a3f8a,10.1039/c7cy01444a,True,True,459.82564179165286,,99.43546117036249,,,,,,,,,,,,,
6a7d9fab7bffe6ebe23a4099,,0.0,500.0,8.0,,,Degussa,Printex-U,,0.01,0.09,1:9,0.1,0.0,5,,200,,6a7d9fa87bffe6ebe23a3f8a,10.1039/c7cy01444a,True,True,480.13008969127463,,99.71929440465392,,,,,,,,,,,,,
6a7d9fab7bffe6ebe23a409a,,0.0,,8.0,,,Degussa,Printex-U,,0.01,0.09,1:9,0.1,0.0,5,,200,,6a7d9fa87bffe6ebe23a3f8b,10.1039/c7cy01444a,False,True,304.92515824074326,,1.2588328887640974,,,,,,,,,,,,,
6a7d9fab7bffe6ebe23a409a,,0.0,,8.0,,,Degussa,Printex-U,,0.01,0.09,1:9,0.1,0.0,5,,200,,6a7d9fa87bffe6ebe23a3f8b,10.1039/c7cy01444a,False,True,336.96041943984136,,3.620509460745316,,,,,,,,,,,,,
6a7d9fab7bffe6ebe23a409a,,0.0,,8.0,,,Degussa,Printex-U,,0.01,0.09,1:9,0.1,0.0,5,,200,,6a7d9fa87bffe6ebe23a3f8b,10.1039/c7cy01444a,False,True,353.1987721061639,,6.443134135117849,,,,,,,,,,,,,
6a7d9fab7bffe6ebe23a409a,,0.0,,8.0,,,Degussa,Printex-U,,0.01,0.09,1:9,0.1,0.0,5,,200,,6a7d9fa87bffe6ebe23a3f8b,10.1039/c7cy01444a,False,True,367.0397435549156,,10.175175877829252,,,,,,,,,,,,,
6a7d9fab7bffe6ebe23a409a,,0.0,,8.0,,,Degussa,Printex-U,,0.01,0.09,1:9,0.1,0.0,5,,200,,6a7d9fa87bffe6ebe23a3f8b,10.1039/c7cy01444a,False,True,379.9570780473228,,15.338418581434162,,,,,,,,,,,,,
6a7d9fab7bffe6ebe23a409a,,0.0,,8.0,,,Degussa,Printex-U,,0.01,0.09,1:9,0.1,0.0,5,,200,,6a7d9fa87bffe6ebe23a3f8b,10.1039/c7cy01444a,False,True,394.9610850017658,,24.203285132668817,,,,,,,,,,,,,
6a7d9fab7bffe6ebe23a409a,,0.0,,8.0,,,Degussa,Printex-U,,0.01,0.09,1:9,0.1,0.0,5,,200,,6a7d9fa87bffe6ebe23a3f8b,10.1039/c7cy01444a,False,True,410.0228192659803,,37.20888514514796,,,,,,,,,,,,,
6a7d9fab7bffe6ebe23a409a,,0.0,,8.0,,,Degussa,Printex-U,,0.01,0.09,1:9,0.1,0.0,5,,200,,6a7d9fa87bffe6ebe23a3f8b,10.1039/c7cy01444a,False,True,424.9758903588601,,53.383405868313915,,,,,,,,,,,,,
6a7d9fab7bffe6ebe23a409a,,0.0,,8.0,,,Degussa,Printex-U,,0.01,0.09,1:9,0.1,0.0,5,,200,,6a7d9fa87bffe6ebe23a3f8b,10.1039/c7cy01444a,False,True,440.0563011056478,,69.40739700812705,,,,,,,,,,,,,
6a7d9fab7bffe6ebe23a409a,,0.0,,8.0,,,Degussa,Printex-U,,0.01,0.09,1:9,0.1,0.0,5,,200,,6a7d9fa87bffe6ebe23a3f8b,10.1039/c7cy01444a,False,True,455.19613702425903,,82.10881806978958,,,,,,,,,,,,,
6a7d9fab7bffe6ebe23a409a,,0.0,,8.0,,,Degussa,Printex-U,,0.01,0.09,1:9,0.1,0.0,5,,200,,6a7d9fa87bffe6ebe23a3f8b,10.1039/c7cy01444a,False,True,469.90641384368803,,89.95741494688568,,,,,,,,,,,,,
6a7d9fab7bffe6ebe23a409a,,0.0,,8.0,,,Degussa,Printex-U,,0.01,0.09,1:9,0.1,0.0,5,,200,,6a7d9fa87bffe6ebe23a3f8b,10.1039/c7cy01444a,False,True,485.15661079568605,,94.3672297876987,,,,,,,,,,,,,
6a7d9fab7bffe6ebe23a409a,,0.0,,8.0,,,Degussa,Printex-U,,0.01,0.09,1:9,0.1,0.0,5,,200,,6a7d9fa87bffe6ebe23a3f8b,10.1039/c7cy01444a,False,True,499.9551764418244,,96.81080069259208,,,,,,,,,,,,,
6a7d9fab7bffe6ebe23a409a,,0.0,,8.0,,,Degussa,Printex-U,,0.01,0.09,1:9,0.1,0.0,5,,200,,6a7d9fa87bffe6ebe23a3f8b,10.1039/c7cy01444a,False,True,521.2141071962185,,98.014257413387,,,,,,,,,,,,,
6a7d9fab7bffe6ebe23a409a,,0.0,,8.0,,,Degussa,Printex-U,,0.01,0.09,1:9,0.1,0.0,5,,200,,6a7d9fa87bffe6ebe23a3f8b,10.1039/c7cy01444a,False,True,534.1008801716878,,98.38239193847787,,,,,,,,,,,,,
6a7d9fab7bffe6ebe23a409a,,0.0,,8.0,,,Degussa,Printex-U,,0.01,0.09,1:9,0.1,0.0,5,,200,,6a7d9fa87bffe6ebe23a3f8b,10.1039/c7cy01444a,False,True,560.1155225340251,,98.97047124338997,,,,,,,,,,,,,
6a7d9fab7bffe6ebe23a409b,,0.0,500.0,8.0,,,Degussa,Printex-U,,0.01,0.09,1:9,0.1,0.0,5,,200,,6a7d9fa87bffe6ebe23a3f8b,10.1039/c7cy01444a,True,True,209.2060862421325,,0.64116598379883,,,,,,,,,,,,,
6a7d9fab7bffe6ebe23a409b,,0.0,500.0,8.0,,,Degussa,Printex-U,,0.01,0.09,1:9,0.1,0.0,5,,200,,6a7d9fa87bffe6ebe23a3f8b,10.1039/c7cy01444a,True,True,229.82116062274667,,2.238607575141525,,,,,,,,,,,,,
6a7d9fab7bffe6ebe23a409b,,0.0,500.0,8.0,,,Degussa,Printex-U,,0.01,0.09,1:9,0.1,0.0,5,,200,,6a7d9fa87bffe6ebe23a3f8b,10.1039/c7cy01444a,True,True,260.1725928993842,,4.019797954524129,,,,,,,,,,,,,
6a7d9fab7bffe6ebe23a409b,,0.0,500.0,8.0,,,Degussa,Printex-U,,0.01,0.09,1:9,0.1,0.0,5,,200,,6a7d9fa87bffe6ebe23a3f8b,10.1039/c7cy01444a,True,True,290.19472715792045,,5.994120038782722,,,,,,,,,,,,,
6a7d9fab7bffe6ebe23a409b,,0.0,500.0,8.0,,,Degussa,Printex-U,,0.01,0.09,1:9,0.1,0.0,5,,200,,6a7d9fa87bffe6ebe23a3f8b,10.1039/c7cy01444a,True,True,320.24232260342336,,10.132768273230536,,,,,,,,,,,,,
6a7d9fab7bffe6ebe23a409b,,0.0,500.0,8.0,,,Degussa,Printex-U,,0.01,0.09,1:9,0.1,0.0,5,,200,,6a7d9fa87bffe6ebe23a3f8b,10.1039/c7cy01444a,True,True,340.53319120332964,,15.728114346479838,,,,,,,,,,,,,
6a7d9fab7bffe6ebe23a409b,,0.0,500.0,8.0,,,Degussa,Printex-U,,0.01,0.09,1:9,0.1,0.0,5,,200,,6a7d9fa87bffe6ebe23a3f8b,10.1039/c7cy01444a,True,True,359.82088903675236,,25.909361023363456,,,,,,,,,,,,,
6a7d9fab7bffe6ebe23a409b,,0.0,500.0,8.0,,,Degussa,Printex-U,,0.01,0.09,1:9,0.1,0.0,5,,200,,6a7d9fa87bffe6ebe23a3f8b,10.1039/c7cy01444a,True,True,369.71171146703966,,33.88484033403184,,,,,,,,,,,,,
6a7d9fab7bffe6ebe23a409b,,0.0,500.0,8.0,,,Degussa,Printex-U,,0.01,0.09,1:9,0.1,0.0,5,,200,,6a7d9fa87bffe6ebe23a3f8b,10.1039/c7cy01444a,True,True,379.9929387641479,,43.6391642948738,,,,,,,,,,,,,
6a7d9fab7bffe6ebe23a409b,,0.0,500.0,8.0,,,Degussa,Printex-U,,0.01,0.09,1:9,0.1,0.0,5,,200,,6a7d9fa87bffe6ebe23a3f8b,10.1039/c7cy01444a,True,True,389.8583000074686,,54.04716479529603,,,,,,,,,,,,,
6a7d9fab7bffe6ebe23a409b,,0.0,500.0,8.0,,,Degussa,Printex-U,,0.01,0.09,1:9,0.1,0.0,5,,200,,6a7d9fa87bffe6ebe23a3f8b,10.1039/c7cy01444a,True,True,400.08860493064367,,63.577862571544735,,,,,,,,,,,,,
6a7d9fab7bffe6ebe23a409b,,0.0,500.0,8.0,,,Degussa,Printex-U,,0.01,0.09,1:9,0.1,0.0,5,,200,,6a7d9fa87bffe6ebe23a3f8b,10.1039/c7cy01444a,True,True,410.02016526007753,,72.08191286397899,,,,,,,,,,,,,
6a7d9fab7bffe6ebe23a409b,,0.0,500.0,8.0,,,Degussa,Printex-U,,0.01,0.09,1:9,0.1,0.0,5,,200,,6a7d9fa87bffe6ebe23a3f8b,10.1039/c7cy01444a,True,True,419.9771867764779,,79.72664435617553,,,,,,,,,,,,,
6a7d9fab7bffe6ebe23a409b,,0.0,500.0,8.0,,,Degussa,Printex-U,,0.01,0.09,1:9,0.1,0.0,5,,200,,6a7d9fa87bffe6ebe23a3f8b,10.1039/c7cy01444a,True,True,430.10394953932223,,85.99286898320457,,,,,,,,,,,,,
6a7d9fab7bffe6ebe23a409b,,0.0,500.0,8.0,,,Degussa,Printex-U,,0.01,0.09,1:9,0.1,0.0,5,,200,,6a7d9fa87bffe6ebe23a3f8b,10.1039/c7cy01444a,True,True,439.9744030200363,,90.32230319331936,,,,,,,,,,,,,
6a7d9fab7bffe6ebe23a409b,,0.0,500.0,8.0,,,Degussa,Printex-U,,0.01,0.09,1:9,0.1,0.0,5,,200,,6a7d9fa87bffe6ebe23a3f8b,10.1039/c7cy01444a,True,True,449.71924797838176,,93.42022956869859,,,,,,,,,,,,,
6a7d9fab7bffe6ebe23a409b,,0.0,500.0,8.0,,,Degussa,Printex-U,,0.01,0.09,1:9,0.1,0.0,5,,200,,6a7d9fa87bffe6ebe23a3f8b,10.1039/c7cy01444a,True,True,463.200097770958,,96.21477496637787,,,,,,,,,,,,,
6a7d9fab7bffe6ebe23a409b,,0.0,500.0,8.0,,,Degussa,Printex-U,,0.01,0.09,1:9,0.1,0.0,5,,200,,6a7d9fa87bffe6ebe23a3f8b,10.1039/c7cy01444a,True,True,480.39828086065603,,98.21880962061739,,,,,,,,,,,,,
6a7d9fab7bffe6ebe23a409c,,0.0,1000.0,10.0,,,Degussa,Printex-U,100.0,0.01,0.1,1:10,0.11,0.3,20,,500,,6a7d9fa87bffe6ebe23a3f8c,10.1016/j.apcatb.2010.02.006,True,True,300.0,,,,,,97.73572852913,1014.9081083880769,,,,93.0,,,,
6a7d9fab7bffe6ebe23a409c,,0.0,1000.0,10.0,,,Degussa,Printex-U,100.0,0.01,0.1,1:10,0.11,0.3,20,,500,,6a7d9fa87bffe6ebe23a3f8c,10.1016/j.apcatb.2010.02.006,True,True,325.0,,,,,,104.15821413464764,1007.3202524105905,,,,93.0,,,,
6a7d9fab7bffe6ebe23a409c,,0.0,1000.0,10.0,,,Degussa,Printex-U,100.0,0.01,0.1,1:10,0.11,0.3,20,,500,,6a7d9fa87bffe6ebe23a3f8c,10.1016/j.apcatb.2010.02.006,True,True,350.0,,,,,,109.23404953255763,974.6639848760826,,,,93.0,,,,
6a7d9fab7bffe6ebe23a409c,,0.0,1000.0,10.0,,,Degussa,Printex-U,100.0,0.01,0.1,1:10,0.11,0.3,20,,500,,6a7d9fa87bffe6ebe23a3f8c,10.1016/j.apcatb.2010.02.006,True,True,375.0,,,,,,226.59979454952014,943.2507790716747,,,,93.0,,,,
6a7d9fab7bffe6ebe23a409c,,0.0,1000.0,10.0,,,Degussa,Printex-U,100.0,0.01,0.1,1:10,0.11,0.3,20,,500,,6a7d9fa87bffe6ebe23a3f8c,10.1016/j.apcatb.2010.02.006,True,True,400.0,,,,,,560.4395604395605,937.786486883109,,,,93.0,,,,
6a7d9fab7bffe6ebe23a409c,,0.0,1000.0,10.0,,,Degussa,Printex-U,100.0,0.01,0.1,1:10,0.11,0.3,20,,500,,6a7d9fa87bffe6ebe23a3f8c,10.1016/j.apcatb.2010.02.006,True,True,425.0,,,,,,1353.6942240791418,930.1209395474914,,,,93.0,,,,
6a7d9fab7bffe6ebe23a409c,,0.0,1000.0,10.0,,,Degussa,Printex-U,100.0,0.01,0.1,1:10,0.11,0.3,20,,500,,6a7d9fa87bffe6ebe23a3f8c,10.1016/j.apcatb.2010.02.006,True,True,450.0,,,,,,2531.339830632839,904.9748366323387,,,,93.0,,,,
6a7d9fab7bffe6ebe23a409c,,0.0,1000.0,10.0,,,Degussa,Printex-U,100.0,0.01,0.1,1:10,0.11,0.3,20,,500,,6a7d9fa87bffe6ebe23a3f8c,10.1016/j.apcatb.2010.02.006,True,True,475.0,,,,,,3362.171214488575,898.6818366237063,,,,93.0,,,,
6a7d9fab7bffe6ebe23a409c,,0.0,1000.0,10.0,,,Degussa,Printex-U,100.0,0.01,0.1,1:10,0.11,0.3,20,,500,,6a7d9fa87bffe6ebe23a3f8c,10.1016/j.apcatb.2010.02.006,True,True,500.0,,,,,,808.5339640720628,881.6674291929595,,,,93.0,,,,
6a7d9fab7bffe6ebe23a409c,,0.0,1000.0,10.0,,,Degussa,Printex-U,100.0,0.01,0.1,1:10,0.11,0.3,20,,500,,6a7d9fa87bffe6ebe23a3f8c,10.1016/j.apcatb.2010.02.006,True,True,525.0,,,,,,101.54260507756234,907.9530053607039,,,,93.0,,,,
6a7d9fab7bffe6ebe23a409d,,0.0,1000.0,10.0,,,Degussa,Printex-U,100.0,0.01,0.1,1:10,0.11,0.3,20,,500,,6a7d9fa87bffe6ebe23a3f8d,10.1016/j.apcatb.2010.02.006,True,True,250.0,,,,,,0.4402510294107969,795.3782274285027,,,,98.0,,,,
6a7d9fab7bffe6ebe23a409d,,0.0,1000.0,10.0,,,Degussa,Printex-U,100.0,0.01,0.1,1:10,0.11,0.3,20,,500,,6a7d9fa87bffe6ebe23a3f8d,10.1016/j.apcatb.2010.02.006,True,True,275.0,,,,,,18.4128518771096,702.562951581019,,,,98.0,,,,
6a7d9fab7bffe6ebe23a409d,,0.0,1000.0,10.0,,,Degussa,Printex-U,100.0,0.01,0.1,1:10,0.11,0.3,20,,500,,6a7d9fa87bffe6ebe23a3f8d,10.1016/j.apcatb.2010.02.006,True,True,300.0,,,,,,99.28955569175542,606.2774617370061,,,,98.0,,,,
6a7d9fab7bffe6ebe23a409d,,0.0,1000.0,10.0,,,Degussa,Printex-U,100.0,0.01,0.1,1:10,0.11,0.3,20,,500,,6a7d9fa87bffe6ebe23a3f8d,10.1016/j.apcatb.2010.02.006,True,True,325.0,,,,,,298.82686049221786,567.3799884326202,,,,98.0,,,,
6a7d9fab7bffe6ebe23a409d,,0.0,1000.0,10.0,,,Degussa,Printex-U,100.0,0.01,0.1,1:10,0.11,0.3,20,,500,,6a7d9fa87bffe6ebe23a3f8d,10.1016/j.apcatb.2010.02.006,True,True,350.0,,,,,,525.4007579223603,551.3237744188257,,,,98.0,,,,
6a7d9fab7bffe6ebe23a409d,,0.0,1000.0,10.0,,,Degussa,Printex-U,100.0,0.01,0.1,1:10,0.11,0.3,20,,500,,6a7d9fa87bffe6ebe23a3f8d,10.1016/j.apcatb.2010.02.006,True,True,375.0,,,,,,961.5859395906531,577.2208937959134,,,,98.0,,,,
6a7d9fab7bffe6ebe23a409d,,0.0,1000.0,10.0,,,Degussa,Printex-U,100.0,0.01,0.1,1:10,0.11,0.3,20,,500,,6a7d9fa87bffe6ebe23a3f8d,10.1016/j.apcatb.2010.02.006,True,True,400.0,,,,,,1459.2508826601518,648.3343836053972,,,,98.0,,,,
6a7d9fab7bffe6ebe23a409d,,0.0,1000.0,10.0,,,Degussa,Printex-U,100.0,0.01,0.1,1:10,0.11,0.3,20,,500,,6a7d9fa87bffe6ebe23a3f8d,10.1016/j.apcatb.2010.02.006,True,True,425.0,,,,,,1960.981673471854,702.8737170135445,,,,98.0,,,,
6a7d9fab7bffe6ebe23a409d,,0.0,1000.0,10.0,,,Degussa,Printex-U,100.0,0.01,0.1,1:10,0.11,0.3,20,,500,,6a7d9fa87bffe6ebe23a3f8d,10.1016/j.apcatb.2010.02.006,True,True,450.0,,,,,,2642.6974439543174,750.2654454736155,,,,98.0,,,,
6a7d9fab7bffe6ebe23a409d,,0.0,1000.0,10.0,,,Degussa,Printex-U,100.0,0.01,0.1,1:10,0.11,0.3,20,,500,,6a7d9fa87bffe6ebe23a3f8d,10.1016/j.apcatb.2010.02.006,True,True,475.0,,,,,,2691.9796621289156,804.6234990461228,,,,98.0,,,,
6a7d9fab7bffe6ebe23a409d,,0.0,1000.0,10.0,,,Degussa,Printex-U,100.0,0.01,0.1,1:10,0.11,0.3,20,,500,,6a7d9fa87bffe6ebe23a3f8d,10.1016/j.apcatb.2010.02.006,True,True,500.0,,,,,,972.1260671771279,841.967145187884,,,,98.0,,,,
6a7d9fab7bffe6ebe23a409d,,0.0,1000.0,10.0,,,Degussa,Printex-U,100.0,0.01,0.1,1:10,0.11,0.3,20,,500,,6a7d9fa87bffe6ebe23a3f8d,10.1016/j.apcatb.2010.02.006,True,True,525.0,,,,,,100.11826351182228,854.0869970563613,,,,98.0,,,,
6a7d9fab7bffe6ebe23a409e,,0.0,1000.0,10.0,,,Degussa,Printex-U,100.0,0.01,0.1,1:10,0.11,0.3,20,,500,,6a7d9fa97bffe6ebe23a3f8e,10.1016/j.apcatb.2010.02.006,True,True,250.0,,,,,,1.9422839532820766,554.7939884153556,,,,99.0,,,,
6a7d9fab7bffe6ebe23a409e,,0.0,1000.0,10.0,,,Degussa,Printex-U,100.0,0.01,0.1,1:10,0.11,0.3,20,,500,,6a7d9fa97bffe6ebe23a3f8e,10.1016/j.apcatb.2010.02.006,True,True,275.0,,,,,,15.797242820023698,451.2573051457582,,,,99.0,,,,
6a7d9fab7bffe6ebe23a409e,,0.0,1000.0,10.0,,,Degussa,Printex-U,100.0,0.01,0.1,1:10,0.11,0.3,20,,500,,6a7d9fa97bffe6ebe23a3f8e,10.1016/j.apcatb.2010.02.006,True,True,300.0,,,,,,94.88704539765047,349.7923914263271,,,,99.0,,,,
6a7d9fab7bffe6ebe23a409e,,0.0,1000.0,10.0,,,Degussa,Printex-U,100.0,0.01,0.1,1:10,0.11,0.3,20,,500,,6a7d9fa97bffe6ebe23a3f8e,10.1016/j.apcatb.2010.02.006,True,True,325.0,,,,,,203.81032949768266,359.0894572827019,,,,99.0,,,,
6a7d9fab7bffe6ebe23a409e,,0.0,1000.0,10.0,,,Degussa,Printex-U,100.0,0.01,0.1,1:10,0.11,0.3,20,,500,,6a7d9fa97bffe6ebe23a3f8e,10.1016/j.apcatb.2010.02.006,True,True,350.0,,,,,,401.66432153863434,422.0712516077795,,,,99.0,,,,
6a7d9fab7bffe6ebe23a409e,,0.0,1000.0,10.0,,,Degussa,Printex-U,100.0,0.01,0.1,1:10,0.11,0.3,20,,500,,6a7d9fa97bffe6ebe23a3f8e,10.1016/j.apcatb.2010.02.006,True,True,375.0,,,,,,679.4627210966567,497.53545747261404,,,,99.0,,,,
6a7d9fab7bffe6ebe23a409e,,0.0,1000.0,10.0,,,Degussa,Printex-U,100.0,0.01,0.1,1:10,0.11,0.3,20,,500,,6a7d9fa97bffe6ebe23a3f8e,10.1016/j.apcatb.2010.02.006,True,True,400.0,,,,,,1098.270935662923,581.7269925675266,,,,99.0,,,,
6a7d9fab7bffe6ebe23a409e,,0.0,1000.0,10.0,,,Degussa,Printex-U,100.0,0.01,0.1,1:10,0.11,0.3,20,,500,,6a7d9fa97bffe6ebe23a3f8e,10.1016/j.apcatb.2010.02.006,True,True,425.0,,,,,,1709.6760270365926,638.5711696002351,,,,99.0,,,,
6a7d9fab7bffe6ebe23a409e,,0.0,1000.0,10.0,,,Degussa,Printex-U,100.0,0.01,0.1,1:10,0.11,0.3,20,,500,,6a7d9fa97bffe6ebe23a3f8e,10.1016/j.apcatb.2010.02.006,True,True,450.0,,,,,,2504.0442668093883,692.5407663820862,,,,99.0,,,,
6a7d9fab7bffe6ebe23a409e,,0.0,1000.0,10.0,,,Degussa,Printex-U,100.0,0.01,0.1,1:10,0.11,0.3,20,,500,,6a7d9fa97bffe6ebe23a3f8e,10.1016/j.apcatb.2010.02.006,True,True,475.0,,,,,,3001.476135804494,738.6635359926796,,,,99.0,,,,
6a7d9fab7bffe6ebe23a409e,,0.0,1000.0,10.0,,,Degussa,Printex-U,100.0,0.01,0.1,1:10,0.11,0.3,20,,500,,6a7d9fa97bffe6ebe23a3f8e,10.1016/j.apcatb.2010.02.006,True,True,500.0,,,,,,1954.8958504182383,768.5747088732163,,,,99.0,,,,
6a7d9fab7bffe6ebe23a409e,,0.0,1000.0,10.0,,,Degussa,Printex-U,100.0,0.01,0.1,1:10,0.11,0.3,20,,500,,6a7d9fa97bffe6ebe23a3f8e,10.1016/j.apcatb.2010.02.006,True,True,525.0,,,,,,307.52829260291946,795.9220669354218,,,,99.0,,,,
6a7d9fab7bffe6ebe23a409f,,1.0,,9.5,,,Degussa,Printex-U,,0.01,0.1,1:10,0.11,0.0,10,25.0,500,,6a7d9fa97bffe6ebe23a3f8f,10.1016/j.catcom.2007.06.007,False,True,300.0,,,0.009816773878845386,,,,,,,,99.0,,,,
6a7d9fab7bffe6ebe23a409f,,1.0,,9.5,,,Degussa,Printex-U,,0.01,0.1,1:10,0.11,0.0,10,25.0,500,,6a7d9fa97bffe6ebe23a3f8f,10.1016/j.catcom.2007.06.007,False,True,310.0,,,0.038748818633578486,,,,,,,,99.0,,,,
6a7d9fab7bffe6ebe23a409f,,1.0,,9.5,,,Degussa,Printex-U,,0.01,0.1,1:10,0.11,0.0,10,25.0,500,,6a7d9fa97bffe6ebe23a3f8f,10.1016/j.catcom.2007.06.007,False,True,320.0,,,0.05048626566263248,,,,,,,,99.0,,,,
6a7d9fab7bffe6ebe23a409f,,1.0,,9.5,,,Degussa,Printex-U,,0.01,0.1,1:10,0.11,0.0,10,25.0,500,,6a7d9fa97bffe6ebe23a3f8f,10.1016/j.catcom.2007.06.007,False,True,330.0,,,0.07844273040456107,,,,,,,,99.0,,,,
6a7d9fab7bffe6ebe23a409f,,1.0,,9.5,,,Degussa,Printex-U,,0.01,0.1,1:10,0.11,0.0,10,25.0,500,,6a7d9fa97bffe6ebe23a3f8f,10.1016/j.catcom.2007.06.007,False,True,340.0,,,0.11524038901253031,,,,,,,,99.0,,,,
6a7d9fab7bffe6ebe23a409f,,1.0,,9.5,,,Degussa,Printex-U,,0.01,0.1,1:10,0.11,0.0,10,25.0,500,,6a7d9fa97bffe6ebe23a3f8f,10.1016/j.catcom.2007.06.007,False,True,350.0,,,0.2569433858723822,,,,,,,,99.0,,,,
6a7d9fab7bffe6ebe23a409f,,1.0,,9.5,,,Degussa,Printex-U,,0.01,0.1,1:10,0.11,0.0,10,25.0,500,,6a7d9fa97bffe6ebe23a3f8f,10.1016/j.catcom.2007.06.007,False,True,360.0,,,1.83476113533124,,,,,,,,99.0,,,,
6a7d9fab7bffe6ebe23a409f,,1.0,,9.5,,,Degussa,Printex-U,,0.01,0.1,1:10,0.11,0.0,10,25.0,500,,6a7d9fa97bffe6ebe23a3f8f,10.1016/j.catcom.2007.06.007,False,True,370.0,,,2.305112649004603,,,,,,,,99.0,,,,
6a7d9fab7bffe6ebe23a409f,,1.0,,9.5,,,Degussa,Printex-U,,0.01,0.1,1:10,0.11,0.0,10,25.0,500,,6a7d9fa97bffe6ebe23a3f8f,10.1016/j.catcom.2007.06.007,False,True,380.0,,,1.687783909027164,,,,,,,,99.0,,,,
6a7d9fab7bffe6ebe23a409f,,1.0,,9.5,,,Degussa,Printex-U,,0.01,0.1,1:10,0.11,0.0,10,25.0,500,,6a7d9fa97bffe6ebe23a3f8f,10.1016/j.catcom.2007.06.007,False,True,390.0,,,1.1523429163745011,,,,,,,,99.0,,,,
6a7d9fab7bffe6ebe23a409f,,1.0,,9.5,,,Degussa,Printex-U,,0.01,0.1,1:10,0.11,0.0,10,25.0,500,,6a7d9fa97bffe6ebe23a3f8f,10.1016/j.catcom.2007.06.007,False,True,400.0,,,0.7918356147678425,,,,,,,,99.0,,,,
6a7d9fab7bffe6ebe23a409f,,1.0,,9.5,,,Degussa,Printex-U,,0.01,0.1,1:10,0.11,0.0,10,25.0,500,,6a7d9fa97bffe6ebe23a3f8f,10.1016/j.catcom.2007.06.007,False,True,410.0,,,0.4336758025669951,,,,,,,,99.0,,,,
6a7d9fab7bffe6ebe23a409f,,1.0,,9.5,,,Degussa,Printex-U,,0.01,0.1,1:10,0.11,0.0,10,25.0,500,,6a7d9fa97bffe6ebe23a3f8f,10.1016/j.catcom.2007.06.007,False,True,420.0,,,0.14923325508368668,,,,,,,,99.0,,,,
6a7d9fab7bffe6ebe23a409f,,1.0,,9.5,,,Degussa,Printex-U,,0.01,0.1,1:10,0.11,0.0,10,25.0,500,,6a7d9fa97bffe6ebe23a3f8f,10.1016/j.catcom.2007.06.007,False,True,430.0,,,0.05810798451266752,,,,,,,,99.0,,,,
6a7d9fab7bffe6ebe23a409f,,1.0,,9.5,,,Degussa,Printex-U,,0.01,0.1,1:10,0.11,0.0,10,25.0,500,,6a7d9fa97bffe6ebe23a3f8f,10.1016/j.catcom.2007.06.007,False,True,440.0,,,0.02902350538093379,,,,,,,,99.0,,,,
6a7d9fab7bffe6ebe23a40a0,,0.0,,9.5,,,Degussa,Printex-U,,0.01,0.1,1:10,0.11,0.0,10,25.0,500,,6a7d9fa97bffe6ebe23a3f8f,10.1016/j.catcom.2007.06.007,False,True,450.04866653688924,,,0.10343403423101682,,,,,,,,98.0,,,,
6a7d9fab7bffe6ebe23a40a0,,0.0,,9.5,,,Degussa,Printex-U,,0.01,0.1,1:10,0.11,0.0,10,25.0,500,,6a7d9fa97bffe6ebe23a3f8f,10.1016/j.catcom.2007.06.007,False,True,460.0927908636688,,,0.13370503990379323,,,,,,,,98.0,,,,
6a7d9fab7bffe6ebe23a40a0,,0.0,,9.5,,,Degussa,Printex-U,,0.01,0.1,1:10,0.11,0.0,10,25.0,500,,6a7d9fa97bffe6ebe23a3f8f,10.1016/j.catcom.2007.06.007,False,True,470.02984880929205,,,0.14837894634549254,,,,,,,,98.0,,,,
6a7d9fab7bffe6ebe23a40a0,,0.0,,9.5,,,Degussa,Printex-U,,0.01,0.1,1:10,0.11,0.0,10,25.0,500,,6a7d9fa97bffe6ebe23a3f8f,10.1016/j.catcom.2007.06.007,False,True,480.0363376808773,,,0.1805449266912046,,,,,,,,98.0,,,,
6a7d9fab7bffe6ebe23a40a0,,0.0,,9.5,,,Degussa,Printex-U,,0.01,0.1,1:10,0.11,0.0,10,25.0,500,,6a7d9fa97bffe6ebe23a3f8f,10.1016/j.catcom.2007.06.007,False,True,490.0019466614756,,,0.2740303438893138,,,,,,,,98.0,,,,
6a7d9fab7bffe6ebe23a40a0,,0.0,,9.5,,,Degussa,Printex-U,,0.01,0.1,1:10,0.11,0.0,10,25.0,500,,6a7d9fa97bffe6ebe23a3f8f,10.1016/j.catcom.2007.06.007,False,True,497.06638115631694,,,0.7469965866161339,,,,,,,,98.0,,,,
6a7d9fab7bffe6ebe23a40a0,,0.0,,9.5,,,Degussa,Printex-U,,0.01,0.1,1:10,0.11,0.0,10,25.0,500,,6a7d9fa97bffe6ebe23a3f8f,10.1016/j.catcom.2007.06.007,False,True,500.2595548634092,,,2.4117075422421435,,,,,,,,98.0,,,,
6a7d9fab7bffe6ebe23a40a0,,0.0,,9.5,,,Degussa,Printex-U,,0.01,0.1,1:10,0.11,0.0,10,25.0,500,,6a7d9fa97bffe6ebe23a3f8f,10.1016/j.catcom.2007.06.007,False,True,502.0433456621893,,,3.451514157647316,,,,,,,,98.0,,,,
6a7d9fab7bffe6ebe23a40a0,,0.0,,9.5,,,Degussa,Printex-U,,0.01,0.1,1:10,0.11,0.0,10,25.0,500,,6a7d9fa97bffe6ebe23a3f8f,10.1016/j.catcom.2007.06.007,False,True,507.16566089157095,,,4.314262113868542,,,,,,,,98.0,,,,
6a7d9fab7bffe6ebe23a40a0,,0.0,,9.5,,,Degussa,Printex-U,,0.01,0.1,1:10,0.11,0.0,10,25.0,500,,6a7d9fa97bffe6ebe23a3f8f,10.1016/j.catcom.2007.06.007,False,True,511.4768671727986,,,3.1325267543699815,,,,,,,,98.0,,,,
6a7d9fab7bffe6ebe23a40a0,,0.0,,9.5,,,Degussa,Printex-U,,0.01,0.1,1:10,0.11,0.0,10,25.0,500,,6a7d9fa97bffe6ebe23a3f8f,10.1016/j.catcom.2007.06.007,False,True,514.7842450197911,,,2.1525333138976954,,,,,,,,98.0,,,,
6a7d9fab7bffe6ebe23a40a0,,0.0,,9.5,,,Degussa,Printex-U,,0.01,0.1,1:10,0.11,0.0,10,25.0,500,,6a7d9fa97bffe6ebe23a3f8f,10.1016/j.catcom.2007.06.007,False,True,517.952112127701,,,1.1628706436840246,,,,,,,,98.0,,,,
6a7d9fab7bffe6ebe23a40a0,,0.0,,9.5,,,Degussa,Printex-U,,0.01,0.1,1:10,0.11,0.0,10,25.0,500,,6a7d9fa97bffe6ebe23a3f8f,10.1016/j.catcom.2007.06.007,False,True,522.5494776458373,,,0.35055816721936717,,,,,,,,98.0,,,,
6a7d9fab7bffe6ebe23a40a0,,0.0,,9.5,,,Degussa,Printex-U,,0.01,0.1,1:10,0.11,0.0,10,25.0,500,,6a7d9fa97bffe6ebe23a3f8f,10.1016/j.catcom.2007.06.007,False,True,529.4789436117059,,,0.04036538998821615,,,,,,,,98.0,,,,
6a7d9fab7bffe6ebe23a40a0,,0.0,,9.5,,,Degussa,Printex-U,,0.01,0.1,1:10,0.11,0.0,10,25.0,500,,6a7d9fa97bffe6ebe23a3f8f,10.1016/j.catcom.2007.06.007,False,True,535.2553370968789,,,0.03506917872283599,,,,,,,,98.0,,,,
6a7d9fab7bffe6ebe23a40a0,,0.0,,9.5,,,Degussa,Printex-U,,0.01,0.1,1:10,0.11,0.0,10,25.0,500,,6a7d9fa97bffe6ebe23a3f8f,10.1016/j.catcom.2007.06.007,False,True,542.9199922133541,,,0.044544052087508446,,,,,,,,98.0,,,,
6a7d9fab7bffe6ebe23a40a1,,1.0,,9.5,,,Degussa,Printex-U,,0.01,0.1,1:10,0.11,0.0,10,25.0,500,,6a7d9fa97bffe6ebe23a3f90,10.1016/j.catcom.2007.06.007,False,True,300.15915363385466,,,0.015609280204872067,,,,,,,,97.0,,,,
6a7d9fab7bffe6ebe23a40a1,,1.0,,9.5,,,Degussa,Printex-U,,0.01,0.1,1:10,0.11,0.0,10,25.0,500,,6a7d9fa97bffe6ebe23a3f90,10.1016/j.catcom.2007.06.007,False,True,316.9254829806808,,,0.03362702356635494,,,,,,,,97.0,,,,
6a7d9fab7bffe6ebe23a40a1,,1.0,,9.5,,,Degussa,Printex-U,,0.01,0.1,1:10,0.11,0.0,10,25.0,500,,6a7d9fa97bffe6ebe23a3f90,10.1016/j.catcom.2007.06.007,False,True,333.5464581416743,,,0.05435809883845033,,,,,,,,97.0,,,,
6a7d9fab7bffe6ebe23a40a1,,1.0,,9.5,,,Degussa,Printex-U,,0.01,0.1,1:10,0.11,0.0,10,25.0,500,,6a7d9fa97bffe6ebe23a3f90,10.1016/j.catcom.2007.06.007,False,True,349.9457221711132,,,0.1210024084631568,,,,,,,,97.0,,,,
6a7d9fab7bffe6ebe23a40a1,,1.0,,9.5,,,Degussa,Printex-U,,0.01,0.1,1:10,0.11,0.0,10,25.0,500,,6a7d9fa97bffe6ebe23a3f90,10.1016/j.catcom.2007.06.007,False,True,359.9236430542778,,,0.5167830249077774,,,,,,,,97.0,,,,
6a7d9fab7bffe6ebe23a40a1,,1.0,,9.5,,,Degussa,Printex-U,,0.01,0.1,1:10,0.11,0.0,10,25.0,500,,6a7d9fa97bffe6ebe23a3f90,10.1016/j.catcom.2007.06.007,False,True,364.7976080956762,,,1.3194109935672695,,,,,,,,97.0,,,,
6a7d9fab7bffe6ebe23a40a1,,1.0,,9.5,,,Degussa,Printex-U,,0.01,0.1,1:10,0.11,0.0,10,25.0,500,,6a7d9fa97bffe6ebe23a3f90,10.1016/j.catcom.2007.06.007,False,True,369.34130634774607,,,2.358495167830249,,,,,,,,97.0,,,,
6a7d9fab7bffe6ebe23a40a1,,1.0,,9.5,,,Degussa,Printex-U,,0.01,0.1,1:10,0.11,0.0,10,25.0,500,,6a7d9fa97bffe6ebe23a3f90,10.1016/j.catcom.2007.06.007,False,True,374.8022079116835,,,2.972226456510472,,,,,,,,97.0,,,,
6a7d9fab7bffe6ebe23a40a1,,1.0,,9.5,,,Degussa,Printex-U,,0.01,0.1,1:10,0.11,0.0,10,25.0,500,,6a7d9fa97bffe6ebe23a3f90,10.1016/j.catcom.2007.06.007,False,True,380.80496780128794,,,2.6836681808481453,,,,,,,,97.0,,,,
6a7d9fab7bffe6ebe23a40a1,,1.0,,9.5,,,Degussa,Printex-U,,0.01,0.1,1:10,0.11,0.0,10,25.0,500,,6a7d9fa97bffe6ebe23a3f90,10.1016/j.catcom.2007.06.007,False,True,388.44802207911687,,,1.9753361178012865,,,,,,,,97.0,,,,
6a7d9fab7bffe6ebe23a40a1,,1.0,,9.5,,,Degussa,Printex-U,,0.01,0.1,1:10,0.11,0.0,10,25.0,500,,6a7d9fa97bffe6ebe23a3f90,10.1016/j.catcom.2007.06.007,False,True,395.984360625575,,,1.4662357854943449,,,,,,,,97.0,,,,
6a7d9fab7bffe6ebe23a40a1,,1.0,,9.5,,,Degussa,Printex-U,,0.01,0.1,1:10,0.11,0.0,10,25.0,500,,6a7d9fa97bffe6ebe23a3f90,10.1016/j.catcom.2007.06.007,False,True,403.22631094756207,,,1.044602298710405,,,,,,,,97.0,,,,
6a7d9fab7bffe6ebe23a40a1,,1.0,,9.5,,,Degussa,Printex-U,,0.01,0.1,1:10,0.11,0.0,10,25.0,500,,6a7d9fa97bffe6ebe23a3f90,10.1016/j.catcom.2007.06.007,False,True,410.22447102115916,,,0.6853449589951527,,,,,,,,97.0,,,,
6a7d9fab7bffe6ebe23a40a1,,1.0,,9.5,,,Degussa,Printex-U,,0.01,0.1,1:10,0.11,0.0,10,25.0,500,,6a7d9fa97bffe6ebe23a3f90,10.1016/j.catcom.2007.06.007,False,True,417.1573137074517,,,0.31938050669186935,,,,,,,,97.0,,,,
6a7d9fab7bffe6ebe23a40a1,,1.0,,9.5,,,Degussa,Printex-U,,0.01,0.1,1:10,0.11,0.0,10,25.0,500,,6a7d9fa97bffe6ebe23a3f90,10.1016/j.catcom.2007.06.007,False,True,427.2207911683533,,,0.06319929270449098,,,,,,,,97.0,,,,
6a7d9fab7bffe6ebe23a40a1,,1.0,,9.5,,,Degussa,Printex-U,,0.01,0.1,1:10,0.11,0.0,10,25.0,500,,6a7d9fa97bffe6ebe23a3f90,10.1016/j.catcom.2007.06.007,False,True,440.0386384544619,,,0.03310874668455255,,,,,,,,97.0,,,,
6a7d9fab7bffe6ebe23a40a2,,0.0,,9.5,,,Degussa,Printex-U,,0.01,0.1,1:10,0.11,0.0,10,25.0,500,,6a7d9fa97bffe6ebe23a3f90,10.1016/j.catcom.2007.06.007,False,True,449.9597689961716,,,0.06674926812676907,,,,,,,,93.0,,,,
6a7d9fab7bffe6ebe23a40a2,,0.0,,9.5,,,Degussa,Printex-U,,0.01,0.1,1:10,0.11,0.0,10,25.0,500,,6a7d9fa97bffe6ebe23a3f90,10.1016/j.catcom.2007.06.007,False,True,461.1303614301473,,,0.1045515833971068,,,,,,,,93.0,,,,
6a7d9fab7bffe6ebe23a40a2,,0.0,,9.5,,,Degussa,Printex-U,,0.01,0.1,1:10,0.11,0.0,10,25.0,500,,6a7d9fa97bffe6ebe23a3f90,10.1016/j.catcom.2007.06.007,False,True,471.907728246058,,,0.12000291534565055,,,,,,,,93.0,,,,
6a7d9fab7bffe6ebe23a40a2,,0.0,,9.5,,,Degussa,Printex-U,,0.01,0.1,1:10,0.11,0.0,10,25.0,500,,6a7d9fa97bffe6ebe23a3f90,10.1016/j.catcom.2007.06.007,False,True,482.2607228602946,,,0.14779587721535914,,,,,,,,93.0,,,,
6a7d9fab7bffe6ebe23a40a2,,0.0,,9.5,,,Degussa,Printex-U,,0.01,0.1,1:10,0.11,0.0,10,25.0,500,,6a7d9fa97bffe6ebe23a3f90,10.1016/j.catcom.2007.06.007,False,True,492.4709622996561,,,0.1725763152460421,,,,,,,,93.0,,,,
6a7d9fab7bffe6ebe23a40a2,,0.0,,9.5,,,Degussa,Printex-U,,0.01,0.1,1:10,0.11,0.0,10,25.0,500,,6a7d9fa97bffe6ebe23a3f90,10.1016/j.catcom.2007.06.007,False,True,500.1375640776069,,,0.24400228368742638,,,,,,,,93.0,,,,
6a7d9fab7bffe6ebe23a40a2,,0.0,,9.5,,,Degussa,Printex-U,,0.01,0.1,1:10,0.11,0.0,10,25.0,500,,6a7d9fa97bffe6ebe23a3f90,10.1016/j.catcom.2007.06.007,False,True,507.8385568749594,,,0.656086391409448,,,,,,,,93.0,,,,
6a7d9fab7bffe6ebe23a40a2,,0.0,,9.5,,,Degussa,Printex-U,,0.01,0.1,1:10,0.11,0.0,10,25.0,500,,6a7d9fa97bffe6ebe23a3f90,10.1016/j.catcom.2007.06.007,False,True,510.57166958665886,,,1.96702015232681,,,,,,,,93.0,,,,
6a7d9fab7bffe6ebe23a40a2,,0.0,,9.5,,,Degussa,Printex-U,,0.01,0.1,1:10,0.11,0.0,10,25.0,500,,6a7d9fa97bffe6ebe23a3f90,10.1016/j.catcom.2007.06.007,False,True,512.3191227045617,,,2.719422275670226,,,,,,,,93.0,,,,
6a7d9fab7bffe6ebe23a40a2,,0.0,,9.5,,,Degussa,Printex-U,,0.01,0.1,1:10,0.11,0.0,10,25.0,500,,6a7d9fa97bffe6ebe23a3f90,10.1016/j.catcom.2007.06.007,False,True,513.5857504379989,,,3.3477764415776883,,,,,,,,93.0,,,,
6a7d9fab7bffe6ebe23a40a2,,0.0,,9.5,,,Degussa,Printex-U,,0.01,0.1,1:10,0.11,0.0,10,25.0,500,,6a7d9fa97bffe6ebe23a3f90,10.1016/j.catcom.2007.06.007,False,True,516.7198754136656,,,3.7221068231235503,,,,,,,,93.0,,,,
6a7d9fab7bffe6ebe23a40a2,,0.0,,9.5,,,Degussa,Printex-U,,0.01,0.1,1:10,0.11,0.0,10,25.0,500,,6a7d9fa97bffe6ebe23a3f90,10.1016/j.catcom.2007.06.007,False,True,519.5353967944974,,,3.15633541051711,,,,,,,,93.0,,,,
6a7d9fab7bffe6ebe23a40a2,,0.0,,9.5,,,Degussa,Printex-U,,0.01,0.1,1:10,0.11,0.0,10,25.0,500,,6a7d9fa97bffe6ebe23a3f90,10.1016/j.catcom.2007.06.007,False,True,522.5449354357277,,,2.2686612489826654,,,,,,,,93.0,,,,
6a7d9fab7bffe6ebe23a40a2,,0.0,,9.5,,,Degussa,Printex-U,,0.01,0.1,1:10,0.11,0.0,10,25.0,500,,6a7d9fa97bffe6ebe23a3f90,10.1016/j.catcom.2007.06.007,False,True,525.2267860619038,,,1.2574250209540474,,,,,,,,93.0,,,,
6a7d9fab7bffe6ebe23a40a2,,0.0,,9.5,,,Degussa,Printex-U,,0.01,0.1,1:10,0.11,0.0,10,25.0,500,,6a7d9fa97bffe6ebe23a3f90,10.1016/j.catcom.2007.06.007,False,True,528.2875867886574,,,0.5662451562746744,,,,,,,,93.0,,,,
6a7d9fab7bffe6ebe23a40a2,,0.0,,9.5,,,Degussa,Printex-U,,0.01,0.1,1:10,0.11,0.0,10,25.0,500,,6a7d9fa97bffe6ebe23a3f90,10.1016/j.catcom.2007.06.007,False,True,532.4307312958276,,,0.13166429794832535,,,,,,,,93.0,,,,
6a7d9fab7bffe6ebe23a40a2,,0.0,,9.5,,,Degussa,Printex-U,,0.01,0.1,1:10,0.11,0.0,10,25.0,500,,6a7d9fa97bffe6ebe23a3f90,10.1016/j.catcom.2007.06.007,False,True,538.2648757381091,,,0.024962647133851212,,,,,,,,93.0,,,,
6a7d9fab7bffe6ebe23a40a3,,1.0,,9.5,,,Degussa,Printex-U,,0.01,0.1,1:10,0.11,0.0,10,25.0,500,,6a7d9fa97bffe6ebe23a3f91,10.1016/j.catcom.2007.06.007,False,True,299.7506899724011,,,0.07002835279412234,,,,,,,,98.0,,,,
6a7d9fab7bffe6ebe23a40a3,,1.0,,9.5,,,Degussa,Printex-U,,0.01,0.1,1:10,0.11,0.0,10,25.0,500,,6a7d9fa97bffe6ebe23a3f91,10.1016/j.catcom.2007.06.007,False,True,305.6034958601656,,,0.16334867839395162,,,,,,,,98.0,,,,
6a7d9fab7bffe6ebe23a40a3,,1.0,,9.5,,,Degussa,Printex-U,,0.01,0.1,1:10,0.11,0.0,10,25.0,500,,6a7d9fa97bffe6ebe23a3f91,10.1016/j.catcom.2007.06.007,False,True,309.28702851885924,,,0.5001676778147008,,,,,,,,98.0,,,,
6a7d9fab7bffe6ebe23a40a3,,1.0,,9.5,,,Degussa,Printex-U,,0.01,0.1,1:10,0.11,0.0,10,25.0,500,,6a7d9fa97bffe6ebe23a3f91,10.1016/j.catcom.2007.06.007,False,True,311.51609935602573,,,0.939788421084723,,,,,,,,98.0,,,,
6a7d9fab7bffe6ebe23a40a3,,1.0,,9.5,,,Degussa,Printex-U,,0.01,0.1,1:10,0.11,0.0,10,25.0,500,,6a7d9fa97bffe6ebe23a3f91,10.1016/j.catcom.2007.06.007,False,True,313.02759889604414,,,1.3609341178622605,,,,,,,,98.0,,,,
6a7d9fab7bffe6ebe23a40a3,,1.0,,9.5,,,Degussa,Printex-U,,0.01,0.1,1:10,0.11,0.0,10,25.0,500,,6a7d9fa97bffe6ebe23a3f91,10.1016/j.catcom.2007.06.007,False,True,314.8399264029439,,,1.8370476509862506,,,,,,,,98.0,,,,
6a7d9fab7bffe6ebe23a40a3,,1.0,,9.5,,,Degussa,Printex-U,,0.01,0.1,1:10,0.11,0.0,10,25.0,500,,6a7d9fa97bffe6ebe23a3f91,10.1016/j.catcom.2007.06.007,False,True,316.7654093836246,,,2.24996189140575,,,,,,,,98.0,,,,
6a7d9fab7bffe6ebe23a40a3,,1.0,,9.5,,,Degussa,Printex-U,,0.01,0.1,1:10,0.11,0.0,10,25.0,500,,6a7d9fa97bffe6ebe23a3f91,10.1016/j.catcom.2007.06.007,False,True,318.46274149034036,,,2.6011097222645647,,,,,,,,98.0,,,,
6a7d9fab7bffe6ebe23a40a3,,1.0,,9.5,,,Degussa,Printex-U,,0.01,0.1,1:10,0.11,0.0,10,25.0,500,,6a7d9fa97bffe6ebe23a3f91,10.1016/j.catcom.2007.06.007,False,True,322.2345906163753,,,2.9742995640376817,,,,,,,,98.0,,,,
6a7d9fab7bffe6ebe23a40a3,,1.0,,9.5,,,Degussa,Printex-U,,0.01,0.1,1:10,0.11,0.0,10,25.0,500,,6a7d9fa97bffe6ebe23a3f91,10.1016/j.catcom.2007.06.007,False,True,326.10027598896045,,,2.9365568122923085,,,,,,,,98.0,,,,
6a7d9fab7bffe6ebe23a40a3,,1.0,,9.5,,,Degussa,Printex-U,,0.01,0.1,1:10,0.11,0.0,10,25.0,500,,6a7d9fa97bffe6ebe23a3f91,10.1016/j.catcom.2007.06.007,False,True,330.00735970561175,,,2.686076644004756,,,,,,,,98.0,,,,
6a7d9fab7bffe6ebe23a40a3,,1.0,,9.5,,,Degussa,Printex-U,,0.01,0.1,1:10,0.11,0.0,10,25.0,500,,6a7d9fa97bffe6ebe23a3f91,10.1016/j.catcom.2007.06.007,False,True,337.017479300828,,,2.0424987043077953,,,,,,,,98.0,,,,
6a7d9fab7bffe6ebe23a40a3,,1.0,,9.5,,,Degussa,Printex-U,,0.01,0.1,1:10,0.11,0.0,10,25.0,500,,6a7d9fa97bffe6ebe23a3f91,10.1016/j.catcom.2007.06.007,False,True,342.4885004599816,,,1.5106856498277494,,,,,,,,98.0,,,,
6a7d9fab7bffe6ebe23a40a3,,1.0,,9.5,,,Degussa,Printex-U,,0.01,0.1,1:10,0.11,0.0,10,25.0,500,,6a7d9fa97bffe6ebe23a3f91,10.1016/j.catcom.2007.06.007,False,True,347.85648574057035,,,0.9948172311819762,,,,,,,,98.0,,,,
6a7d9fab7bffe6ebe23a40a3,,1.0,,9.5,,,Degussa,Printex-U,,0.01,0.1,1:10,0.11,0.0,10,25.0,500,,6a7d9fa97bffe6ebe23a3f91,10.1016/j.catcom.2007.06.007,False,True,352.59521619135234,,,0.5419346971128931,,,,,,,,98.0,,,,
6a7d9fab7bffe6ebe23a40a3,,1.0,,9.5,,,Degussa,Printex-U,,0.01,0.1,1:10,0.11,0.0,10,25.0,500,,6a7d9fa97bffe6ebe23a3f91,10.1016/j.catcom.2007.06.007,False,True,357.9954001839926,,,0.24029755190390556,,,,,,,,98.0,,,,
6a7d9fab7bffe6ebe23a40a3,,1.0,,9.5,,,Degussa,Printex-U,,0.01,0.1,1:10,0.11,0.0,10,25.0,500,,6a7d9fa97bffe6ebe23a3f91,10.1016/j.catcom.2007.06.007,False,True,364.56577736890523,,,0.049358251272827336,,,,,,,,98.0,,,,
6a7d9fab7bffe6ebe23a40a3,,1.0,,9.5,,,Degussa,Printex-U,,0.01,0.1,1:10,0.11,0.0,10,25.0,500,,6a7d9fa97bffe6ebe23a3f91,10.1016/j.catcom.2007.06.007,False,True,373.08003679852806,,,0.01853602024328549,,,,,,,,98.0,,,,
6a7d9fab7bffe6ebe23a40a3,,1.0,,9.5,,,Degussa,Printex-U,,0.01,0.1,1:10,0.11,0.0,10,25.0,500,,6a7d9fa97bffe6ebe23a3f91,10.1016/j.catcom.2007.06.007,False,True,382.84084636614534,,,0.0035364775464165055,,,,,,,,98.0,,,,
6a7d9fab7bffe6ebe23a40a3,,1.0,,9.5,,,Degussa,Printex-U,,0.01,0.1,1:10,0.11,0.0,10,25.0,500,,6a7d9fa97bffe6ebe23a3f91,10.1016/j.catcom.2007.06.007,False,True,392.6034958601656,,,0.005762019450626821,,,,,,,,98.0,,,,
6a7d9fab7bffe6ebe23a40a4,,0.0,,9.5,,,Degussa,Printex-U,,0.01,0.1,1:10,0.11,0.0,10,25.0,500,,6a7d9fa97bffe6ebe23a3f91,10.1016/j.catcom.2007.06.007,False,True,450.1064174939978,,,0.07991691264895617,,,,,,,,99.0,,,,
6a7d9fab7bffe6ebe23a40a4,,0.0,,9.5,,,Degussa,Printex-U,,0.01,0.1,1:10,0.11,0.0,10,25.0,500,,6a7d9fa97bffe6ebe23a3f91,10.1016/j.catcom.2007.06.007,False,True,462.28862500811107,,,0.11810794067271613,,,,,,,,99.0,,,,
6a7d9fab7bffe6ebe23a40a4,,0.0,,9.5,,,Degussa,Printex-U,,0.01,0.1,1:10,0.11,0.0,10,25.0,500,,6a7d9fa97bffe6ebe23a3f91,10.1016/j.catcom.2007.06.007,False,True,473.25546687431057,,,0.15532718681291935,,,,,,,,99.0,,,,
6a7d9fab7bffe6ebe23a40a4,,0.0,,9.5,,,Degussa,Printex-U,,0.01,0.1,1:10,0.11,0.0,10,25.0,500,,6a7d9fa97bffe6ebe23a3f91,10.1016/j.catcom.2007.06.007,False,True,482.60138861851925,,,0.3284501293684632,,,,,,,,99.0,,,,
6a7d9fab7bffe6ebe23a40a4,,0.0,,9.5,,,Degussa,Printex-U,,0.01,0.1,1:10,0.11,0.0,10,25.0,500,,6a7d9fa97bffe6ebe23a3f91,10.1016/j.catcom.2007.06.007,False,True,487.9605476607618,,,1.180216950305504,,,,,,,,99.0,,,,
6a7d9fab7bffe6ebe23a40a4,,0.0,,9.5,,,Degussa,Printex-U,,0.01,0.1,1:10,0.11,0.0,10,25.0,500,,6a7d9fa97bffe6ebe23a3f91,10.1016/j.catcom.2007.06.007,False,True,489.94549347868406,,,2.3318270714138216,,,,,,,,99.0,,,,
6a7d9fab7bffe6ebe23a40a4,,0.0,,9.5,,,Degussa,Printex-U,,0.01,0.1,1:10,0.11,0.0,10,25.0,500,,6a7d9fa97bffe6ebe23a3f91,10.1016/j.catcom.2007.06.007,False,True,491.40938290831224,,,3.562345881466905,,,,,,,,99.0,,,,
6a7d9fab7bffe6ebe23a40a4,,0.0,,9.5,,,Degussa,Printex-U,,0.01,0.1,1:10,0.11,0.0,10,25.0,500,,6a7d9fa97bffe6ebe23a3f91,10.1016/j.catcom.2007.06.007,False,True,493.3385244306015,,,4.487142110953197,,,,,,,,99.0,,,,
6a7d9fab7bffe6ebe23a40a4,,0.0,,9.5,,,Degussa,Printex-U,,0.01,0.1,1:10,0.11,0.0,10,25.0,500,,6a7d9fa97bffe6ebe23a3f91,10.1016/j.catcom.2007.06.007,False,True,496.956070339368,,,4.988630151962393,,,,,,,,99.0,,,,
6a7d9fab7bffe6ebe23a40a4,,0.0,,9.5,,,Degussa,Printex-U,,0.01,0.1,1:10,0.11,0.0,10,25.0,500,,6a7d9fa97bffe6ebe23a3f91,10.1016/j.catcom.2007.06.007,False,True,500.2368438128609,,,3.9368220302953003,,,,,,,,99.0,,,,
6a7d9fab7bffe6ebe23a40a4,,0.0,,9.5,,,Degussa,Printex-U,,0.01,0.1,1:10,0.11,0.0,10,25.0,500,,6a7d9fa97bffe6ebe23a3f91,10.1016/j.catcom.2007.06.007,False,True,502.10369216793197,,,3.2808206698006637,,,,,,,,99.0,,,,
6a7d9fab7bffe6ebe23a40a4,,0.0,,9.5,,,Degussa,Printex-U,,0.01,0.1,1:10,0.11,0.0,10,25.0,500,,6a7d9fa97bffe6ebe23a3f91,10.1016/j.catcom.2007.06.007,False,True,503.7622477451171,,,2.5381849543869874,,,,,,,,99.0,,,,
6a7d9fab7bffe6ebe23a40a4,,0.0,,9.5,,,Degussa,Printex-U,,0.01,0.1,1:10,0.11,0.0,10,25.0,500,,6a7d9fa97bffe6ebe23a3f91,10.1016/j.catcom.2007.06.007,False,True,505.24949711245216,,,1.9659511922548978,,,,,,,,99.0,,,,
6a7d9fab7bffe6ebe23a40a4,,0.0,,9.5,,,Degussa,Printex-U,,0.01,0.1,1:10,0.11,0.0,10,25.0,500,,6a7d9fa97bffe6ebe23a3f91,10.1016/j.catcom.2007.06.007,False,True,506.9988968918305,,,1.3491126416675776,,,,,,,,99.0,,,,
6a7d9fab7bffe6ebe23a40a4,,0.0,,9.5,,,Degussa,Printex-U,,0.01,0.1,1:10,0.11,0.0,10,25.0,500,,6a7d9fa97bffe6ebe23a3f91,10.1016/j.catcom.2007.06.007,False,True,508.54324832911556,,,0.9314407881151069,,,,,,,,99.0,,,,
6a7d9fab7bffe6ebe23a40a4,,0.0,,9.5,,,Degussa,Printex-U,,0.01,0.1,1:10,0.11,0.0,10,25.0,500,,6a7d9fa97bffe6ebe23a3f91,10.1016/j.catcom.2007.06.007,False,True,512.1212121212121,,,0.3721803141284933,,,,,,,,99.0,,,,
6a7d9fab7bffe6ebe23a40a4,,0.0,,9.5,,,Degussa,Printex-U,,0.01,0.1,1:10,0.11,0.0,10,25.0,500,,6a7d9fa97bffe6ebe23a3f91,10.1016/j.catcom.2007.06.007,False,True,516.83213289209,,,0.06903295555312583,,,,,,,,99.0,,,,
6a7d9fab7bffe6ebe23a40a4,,0.0,,9.5,,,Degussa,Printex-U,,0.01,0.1,1:10,0.11,0.0,10,25.0,500,,6a7d9fa97bffe6ebe23a3f91,10.1016/j.catcom.2007.06.007,False,True,523.2372980338719,,,0.0213670541646922,,,,,,,,99.0,,,,
6a7d9fab7bffe6ebe23a40a5,,,500.0,10.0,,,,,,,0.8,,0.8,,10,100.0,400,,6a7d9fa97bffe6ebe23a3f92,10.1016/j.cattod.2004.06.094,True,False,100.78352848996646,,,,,,,,,486.5693560230123,,,,,,
6a7d9fab7bffe6ebe23a40a5,,,500.0,10.0,,,,,,,0.8,,0.8,,10,100.0,400,,6a7d9fa97bffe6ebe23a3f92,10.1016/j.cattod.2004.06.094,True,False,115.35715840334302,,,,,,,,,358.3549175764323,,,,,,
6a7d9fab7bffe6ebe23a40a5,,,500.0,10.0,,,,,,,0.8,,0.8,,10,100.0,400,,6a7d9fa97bffe6ebe23a3f92,10.1016/j.cattod.2004.06.094,True,False,127.73255560875808,,,,,,,,,197.39698062662876,,,,,,
6a7d9fab7bffe6ebe23a40a5,,,500.0,10.0,,,,,,,0.8,,0.8,,10,100.0,400,,6a7d9fa97bffe6ebe23a3f92,10.1016/j.cattod.2004.06.094,True,False,155.58264049101115,,,,,,,,,110.8824929599058,,,,,,
6a7d9fab7bffe6ebe23a40a5,,,500.0,10.0,,,,,,,0.8,,0.8,,10,100.0,400,,6a7d9fa97bffe6ebe23a3f92,10.1016/j.cattod.2004.06.094,True,False,197.32294432594784,,,,,,,,,132.2650141608773,,,,,,
6a7d9fab7bffe6ebe23a40a5,,,500.0,10.0,,,,,,,0.8,,0.8,,10,100.0,400,,6a7d9fa97bffe6ebe23a3f92,10.1016/j.cattod.2004.06.094,True,False,225.80855787228484,,,,,,,,,150.54908700668906,,,,,,
6a7d9fab7bffe6ebe23a40a5,,,500.0,10.0,,,,,,,0.8,,0.8,,10,100.0,400,,6a7d9fa97bffe6ebe23a3f92,10.1016/j.cattod.2004.06.094,True,False,251.52570408740695,,,,,,,,,67.14918544697528,,,,,,
6a7d9fab7bffe6ebe23a40a5,,,500.0,10.0,,,,,,,0.8,,0.8,,10,100.0,400,,6a7d9fa97bffe6ebe23a3f92,10.1016/j.cattod.2004.06.094,True,False,293.9755364993688,,,,,,,,,10.537951957912298,,,,,,
6a7d9fab7bffe6ebe23a40a5,,,500.0,10.0,,,,,,,0.8,,0.8,,10,100.0,400,,6a7d9fa97bffe6ebe23a3f92,10.1016/j.cattod.2004.06.094,True,False,339.7553649936882,,,,,,,,,21.463209960220414,,,,,,
6a7d9fab7bffe6ebe23a40a5,,,500.0,10.0,,,,,,,0.8,,0.8,,10,100.0,400,,6a7d9fa97bffe6ebe23a3f92,10.1016/j.cattod.2004.06.094,True,False,371.97579767553214,,,,,,,,,161.79710004599238,,,,,,
6a7d9fab7bffe6ebe23a40a5,,,500.0,10.0,,,,,,,0.8,,0.8,,10,100.0,400,,6a7d9fa97bffe6ebe23a3f92,10.1016/j.cattod.2004.06.094,True,False,398.83776607321636,,,,,,,,,336.97239637546113,,,,,,
6a7d9fab7bffe6ebe23a40a5,,,500.0,10.0,,,,,,,0.8,,0.8,,10,100.0,400,,6a7d9fa97bffe6ebe23a3f92,10.1016/j.cattod.2004.06.094,True,False,425.13385278370254,,,,,,,,,492.99218125922874,,,,,,
6a7d9fab7bffe6ebe23a40a5,,,500.0,10.0,,,,,,,0.8,,0.8,,10,100.0,400,,6a7d9fa97bffe6ebe23a3f92,10.1016/j.cattod.2004.06.094,True,False,464.5453358290166,,,,,,,,,604.826801578272,,,,,,
6a7d9fab7bffe6ebe23a40a5,,,500.0,10.0,,,,,,,0.8,,0.8,,10,100.0,400,,6a7d9fa97bffe6ebe23a3f92,10.1016/j.cattod.2004.06.094,True,False,502.346232533844,,,,,,,,,686.8711319826035,,,,,,
6a7d9fab7bffe6ebe23a40a5,,,500.0,10.0,,,,,,,0.8,,0.8,,10,100.0,400,,6a7d9fa97bffe6ebe23a3f92,10.1016/j.cattod.2004.06.094,True,False,539.8163060984633,,,,,,,,,727.667368658872,,,,,,
6a7d9fab7bffe6ebe23a40a5,,,500.0,10.0,,,,,,,0.8,,0.8,,10,100.0,400,,6a7d9fa97bffe6ebe23a3f92,10.1016/j.cattod.2004.06.094,True,False,585.0607234579722,,,,,,,,,732.9282757619035,,,,,,
6a7d9fab7bffe6ebe23a40a5,,,500.0,10.0,,,,,,,0.8,,0.8,,10,100.0,400,,6a7d9fa97bffe6ebe23a3f92,10.1016/j.cattod.2004.06.094,True,False,620.989857658991,,,,,,,,,828.334664697861,,,,,,
6a7d9fab7bffe6ebe23a40a5,,,500.0,10.0,,,,,,,0.8,,0.8,,10,100.0,400,,6a7d9fa97bffe6ebe23a3f92,10.1016/j.cattod.2004.06.094,True,False,651.0120576328734,,,,,,,,,922.1272784488392,,,,,,
6a7d9fab7bffe6ebe23a40a5,,,500.0,10.0,,,,,,,0.8,,0.8,,10,100.0,400,,6a7d9fa97bffe6ebe23a3f92,10.1016/j.cattod.2004.06.094,True,False,673.9128542201715,,,,,,,,,1024.18242114691,,,,,,
6a7d9fab7bffe6ebe23a40a5,,,500.0,10.0,,,,,,,0.8,,0.8,,10,100.0,400,,6a7d9fa97bffe6ebe23a3f92,10.1016/j.cattod.2004.06.094,True,False,687.5114264571453,,,,,,,,,1069.561779348519,,,,,,
6a7d9fab7bffe6ebe23a40a5,,,500.0,10.0,,,,,,,0.8,,0.8,,10,100.0,400,,6a7d9fa97bffe6ebe23a3f92,10.1016/j.cattod.2004.06.094,True,False,698.0368258390284,,,,,,,,,980.029532085885,,,,,,
6a7d9fab7bffe6ebe23a40a6,,1.0,500.0,10.0,,,,,,,,1:20,0.8,,10,100.0,400,,6a7d9fa97bffe6ebe23a3f92,10.1016/j.cattod.2004.06.094,True,True,101.95011535280544,,,,,,,,,489.5709778670732,,,,,,
6a7d9fab7bffe6ebe23a40a6,,1.0,500.0,10.0,,,,,,,,1:20,0.8,,10,100.0,400,,6a7d9fa97bffe6ebe23a3f92,10.1016/j.cattod.2004.06.094,True,True,115.0611587515779,,,,,,,,,364.6002275423011,,,,,,
6a7d9fab7bffe6ebe23a40a6,,1.0,500.0,10.0,,,,,,,,1:20,0.8,,10,100.0,400,,6a7d9fa97bffe6ebe23a3f92,10.1016/j.cattod.2004.06.094,True,True,136.747486179428,,,,,,,,,166.81594087127732,,,,,,
6a7d9fab7bffe6ebe23a40a6,,1.0,500.0,10.0,,,,,,,,1:20,0.8,,10,100.0,400,,6a7d9fa97bffe6ebe23a3f92,10.1016/j.cattod.2004.06.094,True,True,190.3016584686371,,,,,,,,,155.82613186157047,,,,,,
6a7d9fab7bffe6ebe23a40a6,,1.0,500.0,10.0,,,,,,,,1:20,0.8,,10,100.0,400,,6a7d9fa97bffe6ebe23a3f92,10.1016/j.cattod.2004.06.094,True,True,229.60867104862228,,,,,,,,,169.22046589689586,,,,,,
6a7d9fab7bffe6ebe23a40a6,,1.0,500.0,10.0,,,,,,,,1:20,0.8,,10,100.0,400,,6a7d9fa97bffe6ebe23a3f92,10.1016/j.cattod.2004.06.094,True,True,258.4512253514996,,,,,,,,,70.42514907248263,,,,,,
6a7d9fab7bffe6ebe23a40a6,,1.0,500.0,10.0,,,,,,,,1:20,0.8,,10,100.0,400,,6a7d9fa97bffe6ebe23a3f92,10.1016/j.cattod.2004.06.094,True,True,298.7071779915553,,,,,,,,,14.072119613016854,,,,,,
6a7d9fab7bffe6ebe23a40a6,,1.0,500.0,10.0,,,,,,,,1:20,0.8,,10,100.0,400,,6a7d9fa97bffe6ebe23a3f92,10.1016/j.cattod.2004.06.094,True,True,329.59125930440075,,,,,,,,,64.82534918060564,,,,,,
6a7d9fab7bffe6ebe23a40a6,,1.0,500.0,10.0,,,,,,,,1:20,0.8,,10,100.0,400,,6a7d9fa97bffe6ebe23a3f92,10.1016/j.cattod.2004.06.094,True,True,329.9960823575501,,,,,,,,,585.7035656362713,,,,,,
6a7d9fab7bffe6ebe23a40a6,,1.0,500.0,10.0,,,,,,,,1:20,0.8,,10,100.0,400,,6a7d9fa97bffe6ebe23a3f92,10.1016/j.cattod.2004.06.094,True,True,331.4369041918774,,,,,,,,,1196.9854679544592,,,,,,
6a7d9fab7bffe6ebe23a40a6,,1.0,500.0,10.0,,,,,,,,1:20,0.8,,10,100.0,400,,6a7d9fa97bffe6ebe23a3f92,10.1016/j.cattod.2004.06.094,True,True,332.9560788752013,,,,,,,,,1574.8347897654378,,,,,,
6a7d9fab7bffe6ebe23a40a6,,1.0,500.0,10.0,,,,,,,,1:20,0.8,,10,100.0,400,,6a7d9fa97bffe6ebe23a3f92,10.1016/j.cattod.2004.06.094,True,True,335.17172332738426,,,,,,,,,1855.034575133338,,,,,,
6a7d9fab7bffe6ebe23a40a6,,1.0,500.0,10.0,,,,,,,,1:20,0.8,,10,100.0,400,,6a7d9fa97bffe6ebe23a3f92,10.1016/j.cattod.2004.06.094,True,True,345.0659469812388,,,,,,,,,1355.1031605786998,,,,,,
6a7d9fab7bffe6ebe23a40a6,,1.0,500.0,10.0,,,,,,,,1:20,0.8,,10,100.0,400,,6a7d9fa97bffe6ebe23a3f92,10.1016/j.cattod.2004.06.094,True,True,351.5300570234623,,,,,,,,,957.5012305035784,,,,,,
6a7d9fab7bffe6ebe23a40a6,,1.0,500.0,10.0,,,,,,,,1:20,0.8,,10,100.0,400,,6a7d9fa97bffe6ebe23a3f92,10.1016/j.cattod.2004.06.094,True,True,363.18721977974144,,,,,,,,,528.0917915325216,,,,,,
6a7d9fab7bffe6ebe23a40a6,,1.0,500.0,10.0,,,,,,,,1:20,0.8,,10,100.0,400,,6a7d9fa97bffe6ebe23a3f92,10.1016/j.cattod.2004.06.094,True,True,376.1807339050189,,,,,,,,,259.4304987372208,,,,,,
6a7d9fab7bffe6ebe23a40a6,,1.0,500.0,10.0,,,,,,,,1:20,0.8,,10,100.0,400,,6a7d9fa97bffe6ebe23a3f92,10.1016/j.cattod.2004.06.094,True,True,405.8285813781395,,,,,,,,,54.54560125228943,,,,,,
6a7d9fab7bffe6ebe23a40a6,,1.0,500.0,10.0,,,,,,,,1:20,0.8,,10,100.0,400,,6a7d9fa97bffe6ebe23a3f92,10.1016/j.cattod.2004.06.094,True,True,455.6914638923954,,,,,,,,,11.732145594797053,,,,,,
6a7d9fab7bffe6ebe23a40a6,,1.0,500.0,10.0,,,,,,,,1:20,0.8,,10,100.0,400,,6a7d9fa97bffe6ebe23a3f92,10.1016/j.cattod.2004.06.094,True,True,490.03177643320413,,,,,,,,,153.7604996247973,,,,,,
6a7d9fab7bffe6ebe23a40a6,,1.0,500.0,10.0,,,,,,,,1:20,0.8,,10,100.0,400,,6a7d9fa97bffe6ebe23a3f92,10.1016/j.cattod.2004.06.094,True,True,514.2253950289469,,,,,,,,,377.3006382480857,,,,,,
6a7d9fab7bffe6ebe23a40a6,,1.0,500.0,10.0,,,,,,,,1:20,0.8,,10,100.0,400,,6a7d9fa97bffe6ebe23a3f92,10.1016/j.cattod.2004.06.094,True,True,536.4645453358289,,,,,,,,,566.5319164387207,,,,,,
6a7d9fab7bffe6ebe23a40a6,,1.0,500.0,10.0,,,,,,,,1:20,0.8,,10,100.0,400,,6a7d9fa97bffe6ebe23a3f92,10.1016/j.cattod.2004.06.094,True,True,570.6176816262569,,,,,,,,,722.4871503150895,,,,,,
6a7d9fab7bffe6ebe23a40a6,,1.0,500.0,10.0,,,,,,,,1:20,0.8,,10,100.0,400,,6a7d9fa97bffe6ebe23a3f92,10.1016/j.cattod.2004.06.094,True,True,607.7438732425021,,,,,,,,,800.4324917495743,,,,,,
6a7d9fab7bffe6ebe23a40a6,,1.0,500.0,10.0,,,,,,,,1:20,0.8,,10,100.0,400,,6a7d9fa97bffe6ebe23a3f92,10.1016/j.cattod.2004.06.094,True,True,652.7924084795195,,,,,,,,,887.3342854606923,,,,,,
6a7d9fab7bffe6ebe23a40a6,,1.0,500.0,10.0,,,,,,,,1:20,0.8,,10,100.0,400,,6a7d9fa97bffe6ebe23a3f92,10.1016/j.cattod.2004.06.094,True,True,682.8320201976233,,,,,,,,,954.9353279594619,,,,,,
6a7d9fab7bffe6ebe23a40a6,,1.0,500.0,10.0,,,,,,,,1:20,0.8,,10,100.0,400,,6a7d9fa97bffe6ebe23a3f92,10.1016/j.cattod.2004.06.094,True,True,698.0760022635268,,,,,,,,,835.612790782116,,,,,,
6a7d9fab7bffe6ebe23a40a7,,1.0,1200.0,5.0,,,Degussa,Printex-U,,0.05,0.5,1:10,0.55,,10,50.0,100,,6a7d9fa97bffe6ebe23a3f93,10.1039/c8nj04233k,True,True,108.73950239384641,,,0.12163168533519764,,,,1214.9550891378026,50.76827210967059,,,,,,,14.912534006109581
6a7d9fab7bffe6ebe23a40a7,,1.0,1200.0,5.0,,,Degussa,Printex-U,,0.05,0.5,1:10,0.55,,10,50.0,100,,6a7d9fa97bffe6ebe23a3f93,10.1039/c8nj04233k,True,True,139.3650419904244,,,0.11956472179582722,,,,1213.0583461252031,48.43381917108695,,,,,,,14.365396598629047
6a7d9fab7bffe6ebe23a40a7,,1.0,1200.0,5.0,,,Degussa,Printex-U,,0.05,0.5,1:10,0.55,,10,50.0,100,,6a7d9fa97bffe6ebe23a3f93,10.1039/c8nj04233k,True,True,169.10760536849523,,,0.11682903475842332,,,,1243.1387449275803,46.26958675927466,,,,,,,16.88222867303972
6a7d9fab7bffe6ebe23a40a7,,1.0,1200.0,5.0,,,Degussa,Printex-U,,0.05,0.5,1:10,0.55,,10,50.0,100,,6a7d9fa97bffe6ebe23a3f93,10.1039/c8nj04233k,True,True,199.34463542893008,,,0.1146100886058633,,,,1264.0393938933387,43.886499384470255,,,,,,,18.085930969497326
6a7d9fab7bffe6ebe23a40a7,,1.0,1200.0,5.0,,,Degussa,Printex-U,,0.05,0.5,1:10,0.55,,10,50.0,100,,6a7d9fa97bffe6ebe23a3f93,10.1039/c8nj04233k,True,True,228.9576956282865,,,0.10135720473577792,,,,1225.8613614602486,41.74658419076877,,,,,,,13.417025092329482
6a7d9fab7bffe6ebe23a40a7,,1.0,1200.0,5.0,,,Degussa,Printex-U,,0.05,0.5,1:10,0.55,,10,50.0,100,,6a7d9fa97bffe6ebe23a3f93,10.1039/c8nj04233k,True,True,258.6099992151321,,,0.09667614024955551,,,,1183.4278158578659,38.87715245375915,,,,,,,13.10090125689618
6a7d9fab7bffe6ebe23a40a7,,1.0,1200.0,5.0,,,Degussa,Printex-U,,0.05,0.5,1:10,0.55,,10,50.0,100,,6a7d9fa97bffe6ebe23a3f93,10.1039/c8nj04233k,True,True,288.99615414802594,,,0.0948827454139245,,,,1183.4034986397555,36.89529917777418,,,,,,,13.866893627369052
6a7d9fab7bffe6ebe23a40a7,,1.0,1200.0,5.0,,,Degussa,Printex-U,,0.05,0.5,1:10,0.55,,10,50.0,100,,6a7d9fa97bffe6ebe23a3f93,10.1039/c8nj04233k,True,True,319.2645789184521,,,0.09308935057829426,,,,1183.4886089031415,35.36331443682815,,,,,,,16.12839491162225
6a7d9fab7bffe6ebe23a40a7,,1.0,1200.0,5.0,,,Degussa,Printex-U,,0.05,0.5,1:10,0.55,,10,50.0,100,,6a7d9fa97bffe6ebe23a3f93,10.1039/c8nj04233k,True,True,348.858017424064,,,0.08430475553596672,,,,1174.2967004574675,33.02886149824451,,,,,,,14.790947915558377
6a7d9fab7bffe6ebe23a40a7,,1.0,1200.0,5.0,,,Degussa,Printex-U,,0.05,0.5,1:10,0.55,,10,50.0,100,,6a7d9fa97bffe6ebe23a3f93,10.1039/c8nj04233k,True,True,379.0244093870182,,,0.08169065458911473,,,,1164.0591516330533,30.961897958873408,,,,,,,12.67534993996685
6a7d9fab7bffe6ebe23a40a7,,1.0,1200.0,5.0,,,Degussa,Printex-U,,0.05,0.5,1:10,0.55,,10,50.0,100,,6a7d9fa97bffe6ebe23a3f93,10.1039/c8nj04233k,True,True,408.8807785888077,,,0.08205541286076823,,,,1154.0039819444655,12.286274450202825,,,,,,,15.252975059653068
6a7d9fab7bffe6ebe23a40a7,,1.0,1200.0,5.0,,,Degussa,Printex-U,,0.05,0.5,1:10,0.55,,10,50.0,100,,6a7d9fa97bffe6ebe23a3f93,10.1039/c8nj04233k,True,True,438.65473667686985,,,0.09263340273872667,,,,1162.0651397480128,11.1068893718558,,,,,,,13.769624754928088
6a7d9fab7bffe6ebe23a40a7,,1.0,1200.0,5.0,,,Degussa,Printex-U,,0.05,0.5,1:10,0.55,,10,50.0,100,,6a7d9fa97bffe6ebe23a3f93,10.1039/c8nj04233k,True,True,469.00557256102337,,,0.09591622718361004,,,,1154.0282991625759,11.264951289572252,,,,,,,16.45667735611039
6a7d9fab7bffe6ebe23a40a7,,1.0,1200.0,5.0,,,Degussa,Printex-U,,0.05,0.5,1:10,0.55,,10,50.0,100,,6a7d9fa97bffe6ebe23a3f93,10.1039/c8nj04233k,True,True,498.8266227140726,,,0.10372813350152765,,,,1144.4108393999727,24.238187151389866,,,,,,,15.508305849810824
6a7d9fab7bffe6ebe23a40a7,,1.0,1200.0,5.0,,,Degussa,Printex-U,,0.05,0.5,1:10,0.55,,10,50.0,100,,6a7d9fa97bffe6ebe23a3f93,10.1039/c8nj04233k,True,True,528.83604112707,,,0.13631320576926054,,,,1094.9009833275072,72.82398893566591,,,,,,,19.240998829733883
6a7d9fab7bffe6ebe23a40a7,,1.0,1200.0,5.0,,,Degussa,Printex-U,,0.05,0.5,1:10,0.55,,10,50.0,100,,6a7d9fa97bffe6ebe23a3f93,10.1039/c8nj04233k,True,True,558.9082489600502,,,0.27981518914236214,,,,1024.7822849066067,150.9308935057829,,,,,,,15.228657841542827
6a7d9fab7bffe6ebe23a40a7,,1.0,1200.0,5.0,,,Degussa,Printex-U,,0.05,0.5,1:10,0.55,,10,50.0,100,,6a7d9fa97bffe6ebe23a3f93,10.1039/c8nj04233k,True,True,588.8156345655756,,,2.7356110460963263,,,,805.1491709348451,310.5247959633416,,,,,,,44.49442983722662
6a7d9fab7bffe6ebe23a40a7,,1.0,1200.0,5.0,,,Degussa,Printex-U,,0.05,0.5,1:10,0.55,,10,50.0,100,,6a7d9fa97bffe6ebe23a3f93,10.1039/c8nj04233k,True,True,618.6798524448631,,,2.7890785294162344,,,,641.9927960241349,257.64700518260713,,,,,,,153.89759411523312
6a7d9fab7bffe6ebe23a40a7,,1.0,1200.0,5.0,,,Degussa,Printex-U,,0.05,0.5,1:10,0.55,,10,50.0,100,,6a7d9fa97bffe6ebe23a3f93,10.1039/c8nj04233k,True,True,649.0660073777568,,,2.712631274982142,,,,695.0894417678617,125.7260969345109,,,,,,,192.7929844825751
6a7d9fab7bffe6ebe23a40a7,,1.0,1200.0,5.0,,,Degussa,Printex-U,,0.05,0.5,1:10,0.55,,10,50.0,100,,6a7d9fa97bffe6ebe23a3f93,10.1039/c8nj04233k,True,True,678.247390314732,,,2.5871544295332614,,,,929.9086584494734,106.92888733528889,,,,,,,82.45360730732415
6a7d9fab7bffe6ebe23a40a7,,1.0,1200.0,5.0,,,Degussa,Printex-U,,0.05,0.5,1:10,0.55,,10,50.0,100,,6a7d9fa97bffe6ebe23a3f93,10.1039/c8nj04233k,True,True,698.2458205792324,,,2.497302308615894,,,,1184.5828837181027,24.87,,,,,,,19.1923643935134
6a7d9fab7bffe6ebe23a40a8,,1.0,1200.0,5.0,,,Degussa,Printex-U,,0.05,0.5,1:10,0.55,,10,50.0,100,,6a7d9fa97bffe6ebe23a3f94,10.1039/c8nj04233k,True,True,100.57843077977307,,,0.006810141968862871,,,,1202.6804220106283,50.22362823170073,,,,,,,11.800090386323518
6a7d9fab7bffe6ebe23a40a8,,1.0,1200.0,5.0,,,Degussa,Printex-U,,0.05,0.5,1:10,0.55,,10,50.0,100,,6a7d9fa97bffe6ebe23a3f94,10.1039/c8nj04233k,True,True,120.82149263357319,,,0.005843943337125457,,,,1204.4258130873163,49.762346304290304,,,,,,,13.44574483005806
6a7d9fab7bffe6ebe23a40a8,,1.0,1200.0,5.0,,,Degussa,Printex-U,,0.05,0.5,1:10,0.55,,10,50.0,100,,6a7d9fa97bffe6ebe23a3f94,10.1039/c8nj04233k,True,True,141.67321684100207,,,0.009677570166279237,,,,1234.3094017360409,57.49193535819478,,,,,,,12.710187162025136
6a7d9fab7bffe6ebe23a40a8,,1.0,1200.0,5.0,,,Degussa,Printex-U,,0.05,0.5,1:10,0.55,,10,50.0,100,,6a7d9fa97bffe6ebe23a3f94,10.1039/c8nj04233k,True,True,160.9085595662777,,,0.009677570166279237,,,,1245.3302996774144,55.721610123268306,,,,,,,12.710187162025136
6a7d9fab7bffe6ebe23a40a8,,1.0,1200.0,5.0,,,Degussa,Printex-U,,0.05,0.5,1:10,0.55,,10,50.0,100,,6a7d9fa97bffe6ebe23a3f94,10.1039/c8nj04233k,True,True,180.92992321180242,,,0.014570898720565828,,,,1233.6112453053656,56.04575418036728,,,,,,,14.256104972806156
6a7d9fab7bffe6ebe23a40a8,,1.0,1200.0,5.0,,,Degussa,Printex-U,,0.05,0.5,1:10,0.55,,10,50.0,100,,6a7d9fa97bffe6ebe23a3f94,10.1039/c8nj04233k,True,True,201.1850776951448,,,0.0003895962224751415,,,,1233.636179463604,55.99588586389052,,,,,,,15.340740856176467
6a7d9fab7bffe6ebe23a40a8,,1.0,1200.0,5.0,,,Degussa,Printex-U,,0.05,0.5,1:10,0.55,,10,50.0,100,,6a7d9fa97bffe6ebe23a3f94,10.1039/c8nj04233k,True,True,221.1379164399299,,,0.0073088251336312915,,,,1254.8426810453648,53.61467375212334,,,,,,,11.338808458913093
6a7d9fab7bffe6ebe23a40a8,,1.0,1200.0,5.0,,,Degussa,Printex-U,,0.05,0.5,1:10,0.55,,10,50.0,100,,6a7d9fa97bffe6ebe23a3f94,10.1039/c8nj04233k,True,True,241.2278049861943,,,0.008524365347753249,,,,1274.179120759245,58.27736134270447,,,,,,,11.338808458913093
6a7d9fab7bffe6ebe23a40a8,,1.0,1200.0,5.0,,,Degussa,Printex-U,,0.05,0.5,1:10,0.55,,10,50.0,100,,6a7d9fa97bffe6ebe23a3f94,10.1039/c8nj04233k,True,True,261.14436584235244,,,0.00930355779270342,,,,1294.338387694993,59.10018856457174,,,,,,,13.682619333322748
6a7d9fab7bffe6ebe23a40a8,,1.0,1200.0,5.0,,,Degussa,Printex-U,,0.05,0.5,1:10,0.55,,10,50.0,100,,6a7d9fa97bffe6ebe23a3f94,10.1039/c8nj04233k,True,True,280.8634137493198,,,0.0072153220402373375,,,,1265.788776512023,58.651373716280546,,,,,,,13.682619333322748
6a7d9fab7bffe6ebe23a40a8,,1.0,1200.0,5.0,,,Degussa,Printex-U,,0.05,0.5,1:10,0.55,,10,50.0,100,,6a7d9fa97bffe6ebe23a3f94,10.1039/c8nj04233k,True,True,300.72757321079473,,,0.0018856457167789609,,,,1235.007558166716,54.026087363057,,,,,,,9.219405008648948
6a7d9fab7bffe6ebe23a40a8,,1.0,1200.0,5.0,,,Degussa,Printex-U,,0.05,0.5,1:10,0.55,,10,50.0,100,,6a7d9fa97bffe6ebe23a3f94,10.1039/c8nj04233k,True,True,321.0673761009332,,,0.019900575044024205,,,,1214.6612850441802,53.17832598295132,,,,,,,10.827658215025963
6a7d9fab7bffe6ebe23a40a8,,1.0,1200.0,5.0,,,Degussa,Printex-U,,0.05,0.5,1:10,0.55,,10,50.0,100,,6a7d9fa97bffe6ebe23a3f94,10.1039/c8nj04233k,True,True,340.66549771247765,,,0.03196247409185149,,,,1204.6003521949851,56.89351556047296,,,,,,,13.296139880627777
6a7d9fab7bffe6ebe23a40a8,,1.0,1200.0,5.0,,,Degussa,Printex-U,,0.05,0.5,1:10,0.55,,10,50.0,100,,6a7d9fa97bffe6ebe23a3f94,10.1039/c8nj04233k,True,True,360.5417498034948,,,0.05804983714877887,,,,1203.6154529445685,56.756377690161855,,,,,,,12.560582212594852
6a7d9fab7bffe6ebe23a40a8,,1.0,1200.0,5.0,,,Degussa,Printex-U,,0.05,0.5,1:10,0.55,,10,50.0,100,,6a7d9fa97bffe6ebe23a3f94,10.1039/c8nj04233k,True,True,381.0387568776831,,,0.07980489021178405,,,,1203.90219576431,55.27279527497711,,,,,,,12.161635680780364
6a7d9fab7bffe6ebe23a40a8,,1.0,1200.0,5.0,,,Degussa,Printex-U,,0.05,0.5,1:10,0.55,,10,50.0,100,,6a7d9fa97bffe6ebe23a3f94,10.1039/c8nj04233k,True,True,401.1689541890884,,,0.09454721127023913,,,,1195.1877074599886,58.489301687730745,,,,,,,13.183936168555022
6a7d9fab7bffe6ebe23a40a8,,1.0,1200.0,5.0,,,Degussa,Printex-U,,0.05,0.5,1:10,0.55,,10,50.0,100,,6a7d9fa97bffe6ebe23a3f94,10.1039/c8nj04233k,True,True,421.16210169901444,,,0.13518988919883446,,,,1165.229316336549,69.73460705325004,,,,,,,11.825024544561927
6a7d9fab7bffe6ebe23a40a8,,1.0,1200.0,5.0,,,Degussa,Printex-U,,0.05,0.5,1:10,0.55,,10,50.0,100,,6a7d9fa97bffe6ebe23a3f94,10.1039/c8nj04233k,True,True,441.14718745591233,,,0.1935358194766944,,,,1083.8317567672866,94.12021381040682,,,,,,,12.834857953217352
6a7d9fab7bffe6ebe23a40a8,,1.0,1200.0,5.0,,,Degussa,Printex-U,,0.05,0.5,1:10,0.55,,10,50.0,100,,6a7d9fa97bffe6ebe23a3f94,10.1039/c8nj04233k,True,True,461.0435939295,,,0.306331717807664,,,,925.4250494787202,211.77203945830556,,,,,,,33.76708379435553
6a7d9fab7bffe6ebe23a40a8,,1.0,1200.0,5.0,,,Degussa,Printex-U,,0.05,0.5,1:10,0.55,,10,50.0,100,,6a7d9fa97bffe6ebe23a3f94,10.1039/c8nj04233k,True,True,481.1979764999899,,,1.304601910579875,,,,788.4741853542989,308.57890881890023,,,,,,,54.62450716077848
6a7d9fab7bffe6ebe23a40a8,,1.0,1200.0,5.0,,,Degussa,Printex-U,,0.05,0.5,1:10,0.55,,10,50.0,100,,6a7d9fa97bffe6ebe23a3f94,10.1039/c8nj04233k,True,True,500.7557893463934,,,2.1756767286384395,,,,606.3301594227742,426.79175302716277,,,,,,,84.40835917654931
6a7d9fab7bffe6ebe23a40a8,,1.0,1200.0,5.0,,,Degussa,Printex-U,,0.05,0.5,1:10,0.55,,10,50.0,100,,6a7d9fa97bffe6ebe23a3f94,10.1039/c8nj04233k,True,True,521.0069129532217,,,2.6613006280291107,,,,503.81336782558566,454.8177468871263,,,,,,,121.83453069239022
6a7d9fab7bffe6ebe23a40a8,,1.0,1200.0,5.0,,,Degussa,Printex-U,,0.05,0.5,1:10,0.55,,10,50.0,100,,6a7d9fa97bffe6ebe23a3f94,10.1039/c8nj04233k,True,True,541.2459439305077,,,2.9713880534214336,,,,437.6256447817482,345.63106796116506,,,,,,,209.690037245399
6a7d9fab7bffe6ebe23a40a8,,1.0,1200.0,5.0,,,Degussa,Printex-U,,0.05,0.5,1:10,0.55,,10,50.0,100,,6a7d9fa97bffe6ebe23a3f94,10.1039/c8nj04233k,True,True,560.6787996049741,,,3.123330580186695,,,,409.8240583459304,223.90250744128784,,,,,,,284.69198522651146
6a7d9fab7bffe6ebe23a40a8,,1.0,1200.0,5.0,,,Degussa,Printex-U,,0.05,0.5,1:10,0.55,,10,50.0,100,,6a7d9fa97bffe6ebe23a3f94,10.1039/c8nj04233k,True,True,581.0226333716266,,,3.132556218734903,,,,402.7552244853434,196.9611494646946,,,,,,,299.6649472486716
6a7d9fab7bffe6ebe23a40a8,,1.0,1200.0,5.0,,,Degussa,Printex-U,,0.05,0.5,1:10,0.55,,10,50.0,100,,6a7d9fa97bffe6ebe23a3f94,10.1039/c8nj04233k,True,True,600.8706693270451,,,3.0876747339057804,,,,417.9899951690069,215.91110972588004,,,,,,,286.43737630319924
6a7d9fab7bffe6ebe23a40a8,,1.0,1200.0,5.0,,,Degussa,Printex-U,,0.05,0.5,1:10,0.55,,10,50.0,100,,6a7d9fa97bffe6ebe23a3f94,10.1039/c8nj04233k,True,True,620.9484652437673,,,2.9515653976219047,,,,454.4188003553117,224.92480792906218,,,,,,,264.5077841325251
6a7d9fab7bffe6ebe23a40a8,,1.0,1200.0,5.0,,,Degussa,Printex-U,,0.05,0.5,1:10,0.55,,10,50.0,100,,6a7d9fa97bffe6ebe23a3f94,10.1039/c8nj04233k,True,True,641.1874962210534,,,2.687668500366221,,,,507.30414997896185,233.91357197400595,,,,,,,234.1629135563901
6a7d9fab7bffe6ebe23a40a8,,1.0,1200.0,5.0,,,Degussa,Printex-U,,0.05,0.5,1:10,0.55,,10,50.0,100,,6a7d9fa97bffe6ebe23a3f94,10.1039/c8nj04233k,True,True,661.0879335711552,,,2.334070968847886,,,,580.3861677757172,237.00540759556796,,,,,,,196.3377955087347
6a7d9fab7bffe6ebe23a40a8,,1.0,1200.0,5.0,,,Degussa,Printex-U,,0.05,0.5,1:10,0.55,,10,50.0,100,,6a7d9fa97bffe6ebe23a3f94,10.1039/c8nj04233k,True,True,681.363242437068,,,1.7850831398338758,,,,662.5192850130124,247.71462855896144,,,,,,,148.8506911436986
6a7d9fab7bffe6ebe23a40a8,,1.0,1200.0,5.0,,,Degussa,Printex-U,,0.05,0.5,1:10,0.55,,10,50.0,100,,6a7d9fa97bffe6ebe23a3f94,10.1039/c8nj04233k,True,True,698.0671947114902,,,1.3995075503747916,,,,761.8195701974473,263.2486091414858,,,,,,,88.82170518474658
6a7d9fab7bffe6ebe23a40a9,,1.0,1200.0,5.0,,,Degussa,Printex-U,,0.05,0.5,1:10,0.55,,10,50.0,100,,6a7d9fa97bffe6ebe23a3f95,10.1039/c8nj04233k,True,True,109.71942293412559,,,0.10425767550606113,,,,1205.1436657847782,13.794376422814423,,,,,,,13.351381283455567
6a7d9fab7bffe6ebe23a40a9,,1.0,1200.0,5.0,,,Degussa,Printex-U,,0.05,0.5,1:10,0.55,,10,50.0,100,,6a7d9fa97bffe6ebe23a3f95,10.1039/c8nj04233k,True,True,129.99893921714244,,,0.10425767550606113,,,,1224.3647326647388,13.794376422814423,,,,,,,14.089706515720138
6a7d9fab7bffe6ebe23a40a9,,1.0,1200.0,5.0,,,Degussa,Printex-U,,0.05,0.5,1:10,0.55,,10,50.0,100,,6a7d9fa97bffe6ebe23a3f95,10.1039/c8nj04233k,True,True,149.84088257133783,,,0.10425767550606113,,,,1225.336860887221,16.710761090260462,,,,,,,16.612317725958576
6a7d9fab7bffe6ebe23a40a9,,1.0,1200.0,5.0,,,Degussa,Printex-U,,0.05,0.5,1:10,0.55,,10,50.0,100,,6a7d9fa97bffe6ebe23a3f95,10.1039/c8nj04233k,True,True,169.98117110427512,,,0.11081031194241042,,,,1223.626407432474,15.209499784655236,,,,,,,16.612317725958576
6a7d9fab7bffe6ebe23a40a9,,1.0,1200.0,5.0,,,Degussa,Printex-U,,0.05,0.5,1:10,0.55,,10,50.0,100,,6a7d9fa97bffe6ebe23a3f95,10.1039/c8nj04233k,True,True,190.1890845443939,,,0.11081031194241042,,,,1253.8362148526426,15.209499784655236,,,,,,,15.89860333476912
6a7d9fab7bffe6ebe23a40a9,,1.0,1200.0,5.0,,,Degussa,Printex-U,,0.05,0.5,1:10,0.55,,10,50.0,100,,6a7d9fa97bffe6ebe23a3f95,10.1039/c8nj04233k,True,True,210.1662777129523,,,0.10964129699132452,,,,1285.3873131114256,15.984741278533022,,,,,,,17.33833753768539
6a7d9fab7bffe6ebe23a40a9,,1.0,1200.0,5.0,,,Degussa,Printex-U,,0.05,0.5,1:10,0.55,,10,50.0,100,,6a7d9fa97bffe6ebe23a3f95,10.1039/c8nj04233k,True,True,230.01219900286426,,,0.10841075493755004,,,,1294.8870977665663,15.67710576508955,,,,,,,15.787854549929477
6a7d9fab7bffe6ebe23a40a9,,1.0,1200.0,5.0,,,Degussa,Printex-U,,0.05,0.5,1:10,0.55,,10,50.0,100,,6a7d9fa97bffe6ebe23a3f95,10.1039/c8nj04233k,True,True,249.68706905696416,,,0.10662646895957717,,,,1294.173383375377,17.97821940564836,,,,,,,15.430997354334806
6a7d9fab7bffe6ebe23a40a9,,1.0,1200.0,5.0,,,Degussa,Printex-U,,0.05,0.5,1:10,0.55,,10,50.0,100,,6a7d9fa97bffe6ebe23a3f95,10.1039/c8nj04233k,True,True,269.7557547470034,,,0.109702824094014,,,,1265.095674644681,18.03974650833709,,,,,,,18.851904263828374
6a7d9fab7bffe6ebe23a40a9,,1.0,1200.0,5.0,,,Degussa,Printex-U,,0.05,0.5,1:10,0.55,,10,50.0,100,,6a7d9fa97bffe6ebe23a3f95,10.1039/c8nj04233k,True,True,289.90002121565726,,,0.11970097828093296,,,,1244.1764597305114,19.6271457577065,,,,,,,21.49756967944387
6a7d9fab7bffe6ebe23a40a9,,1.0,1200.0,5.0,,,Degussa,Printex-U,,0.05,0.5,1:10,0.55,,10,50.0,100,,6a7d9fa97bffe6ebe23a3f95,10.1039/c8nj04233k,True,True,309.84141296276664,,,0.1337599212453091,,,,1214.9264751122869,20.365470989971072,,,,,,,19.87325416846153
6a7d9fab7bffe6ebe23a40a9,,1.0,1200.0,5.0,,,Degussa,Printex-U,,0.05,0.5,1:10,0.55,,10,50.0,100,,6a7d9fa97bffe6ebe23a3f95,10.1039/c8nj04233k,True,True,329.60777553834737,,,0.15624807727804124,,,,1173.900203039439,20.365470989971072,,,,,,,19.87325416846153
6a7d9fab7bffe6ebe23a40a9,,1.0,1200.0,5.0,,,Degussa,Printex-U,,0.05,0.5,1:10,0.55,,10,50.0,100,,6a7d9fa97bffe6ebe23a3f95,10.1039/c8nj04233k,True,True,349.5889466426223,,,0.17633667630591288,,,,1143.3089275826,17.436780901987618,,,,,,,14.434258290777109
6a7d9fab7bffe6ebe23a40a9,,1.0,1200.0,5.0,,,Degussa,Printex-U,,0.05,0.5,1:10,0.55,,10,50.0,100,,6a7d9fa97bffe6ebe23a3f95,10.1039/c8nj04233k,True,True,369.9798451257028,,,0.21371439118931923,,,,1135.2857933919893,36.682458623023706,,,,,,,16.98148034209072
6a7d9fab7bffe6ebe23a40a9,,1.0,1200.0,5.0,,,Degussa,Printex-U,,0.05,0.5,1:10,0.55,,10,50.0,100,,6a7d9fa97bffe6ebe23a3f95,10.1039/c8nj04233k,True,True,389.9172589370956,,,0.2723497200516831,,,,1123.6940872454315,49.94770196271497,,,,,,,15.960130437457849
6a7d9fab7bffe6ebe23a40a9,,1.0,1200.0,5.0,,,Degussa,Printex-U,,0.05,0.5,1:10,0.55,,10,50.0,100,,6a7d9fa97bffe6ebe23a3f95,10.1039/c8nj04233k,True,True,410.0694812771826,,,0.3976189011259459,,,,1075.309173691011,93.52119608687633,,,,,,,20.931520334707614
6a7d9fab7bffe6ebe23a40a9,,1.0,1200.0,5.0,,,Degussa,Printex-U,,0.05,0.5,1:10,0.55,,10,50.0,100,,6a7d9fa97bffe6ebe23a3f95,10.1039/c8nj04233k,True,True,429.64490293836855,,,1.3717775179966774,,,,974.527779486864,191.3369839414264,,,,,,,31.957177136528742
6a7d9fab7bffe6ebe23a40a9,,1.0,1200.0,5.0,,,Degussa,Printex-U,,0.05,0.5,1:10,0.55,,10,50.0,100,,6a7d9fa97bffe6ebe23a3f95,10.1039/c8nj04233k,True,True,449.7016548212581,,,2.3962345413154496,,,,584.2982833938349,436.71937488463675,,,,,,,90.83861440964768
6a7d9fab7bffe6ebe23a40a9,,1.0,1200.0,5.0,,,Degussa,Printex-U,,0.05,0.5,1:10,0.55,,10,50.0,100,,6a7d9fa97bffe6ebe23a3f95,10.1039/c8nj04233k,True,True,470.10846504720485,,,2.8047129760659573,,,,302.5410693410448,297.520457761644,,,,,,,302.4795422383561
6a7d9fab7bffe6ebe23a40a9,,1.0,1200.0,5.0,,,Degussa,Printex-U,,0.05,0.5,1:10,0.55,,10,50.0,100,,6a7d9fa97bffe6ebe23a3f95,10.1039/c8nj04233k,True,True,489.69184257982386,,,3.004276133636867,,,,249.29551467421408,119.0180274410879,,,,,,,418.39660370393176
6a7d9fab7bffe6ebe23a40a9,,1.0,1200.0,5.0,,,Degussa,Printex-U,,0.05,0.5,1:10,0.55,,10,50.0,100,,6a7d9fa97bffe6ebe23a3f95,10.1039/c8nj04233k,True,True,510.1782115201018,,,3.0770934596689843,,,,226.1859349043255,77.67181443425835,,,,,,,451.7689042023012
6a7d9fab7bffe6ebe23a40a9,,1.0,1200.0,5.0,,,Degussa,Printex-U,,0.05,0.5,1:10,0.55,,10,50.0,100,,6a7d9fa97bffe6ebe23a3f95,10.1039/c8nj04233k,True,True,529.4791556168452,,,3.0643573494124166,,,,233.80299021719077,73.05728173260354,,,,,,,450.0830615886299
6a7d9fab7bffe6ebe23a40a9,,1.0,1200.0,5.0,,,Degussa,Printex-U,,0.05,0.5,1:10,0.55,,10,50.0,100,,6a7d9fa97bffe6ebe23a3f95,10.1039/c8nj04233k,True,True,549.8620982284925,,,3.003999261674768,,,,296.2406940257184,63.212945302405615,,,,,,,421.21454500707574
6a7d9fab7bffe6ebe23a40a9,,1.0,1200.0,5.0,,,Degussa,Printex-U,,0.05,0.5,1:10,0.55,,10,50.0,100,,6a7d9fa97bffe6ebe23a3f95,10.1039/c8nj04233k,True,True,569.1033732894875,,,2.861840890912447,,,,353.07943148957133,90.87553067126089,,,,,,,380.5574355503599
6a7d9fab7bffe6ebe23a40a9,,1.0,1200.0,5.0,,,Degussa,Printex-U,,0.05,0.5,1:10,0.55,,10,50.0,100,,6a7d9fa97bffe6ebe23a3f95,10.1039/c8nj04233k,True,True,589.9398005728226,,,2.6424352427244204,,,,430.000615271027,95.31778748538761,,,,,,,340.6017350642959
6a7d9fab7bffe6ebe23a40a9,,1.0,1200.0,5.0,,,Degussa,Printex-U,,0.05,0.5,1:10,0.55,,10,50.0,100,,6a7d9fa97bffe6ebe23a3f95,10.1039/c8nj04233k,True,True,609.9647289699799,,,2.3703931581861815,,,,513.3575339937242,112.01624315510986,,,,,,,296.22838860518067
6a7d9fab7bffe6ebe23a40a9,,1.0,1200.0,5.0,,,Degussa,Printex-U,,0.05,0.5,1:10,0.55,,10,50.0,100,,6a7d9fa97bffe6ebe23a3f95,10.1039/c8nj04233k,True,True,629.7668929670097,,,2.040269488709777,,,,578.3424598535655,102.56568018212045,,,,,,,264.0374084784348
6a7d9fab7bffe6ebe23a40a9,,1.0,1200.0,5.0,,,Degussa,Printex-U,,0.05,0.5,1:10,0.55,,10,50.0,100,,6a7d9fa97bffe6ebe23a3f95,10.1039/c8nj04233k,True,True,650.1180120929246,,,1.6780594351811973,,,,683.9106626468961,98.03728542422954,,,,,,,212.46539100473765
6a7d9fab7bffe6ebe23a40a9,,1.0,1200.0,5.0,,,Degussa,Printex-U,,0.05,0.5,1:10,0.55,,10,50.0,100,,6a7d9fa97bffe6ebe23a3f95,10.1039/c8nj04233k,True,True,669.83266150419,,,1.223312619208762,,,,750.5075985971821,113.20986894727133,,,,,,,169.8640251030582
6a7d9fab7bffe6ebe23a40a9,,1.0,1200.0,5.0,,,Degussa,Printex-U,,0.05,0.5,1:10,0.55,,10,50.0,100,,6a7d9fa97bffe6ebe23a3f95,10.1039/c8nj04233k,True,True,689.8098546727484,,,0.9588691318525809,,,,824.7338952808714,118.78422445087062,,,,,,,131.9879406878731
6a7d9fab7bffe6ebe23a40aa,,1.0,1200.0,5.0,,,Degussa,Printex-U,,0.05,0.5,1:10,0.55,,10,50.0,100,,6a7d9faa7bffe6ebe23a3f96,10.1039/c8nj04233k,True,True,101.44551371640779,,,0.014920795571299994,,,,1181.9785005597214,71.23338087132583,,,,,,,11.010412353744243
6a7d9fab7bffe6ebe23a40aa,,1.0,1200.0,5.0,,,Degussa,Printex-U,,0.05,0.5,1:10,0.55,,10,50.0,100,,6a7d9faa7bffe6ebe23a3f96,10.1039/c8nj04233k,True,True,120.82817553807452,,,0.012068516047906486,,,,1192.5288678290472,78.91306681388141,,,,,,,12.973271380595634
6a7d9fab7bffe6ebe23a40aa,,1.0,1200.0,5.0,,,Degussa,Printex-U,,0.05,0.5,1:10,0.55,,10,50.0,100,,6a7d9faa7bffe6ebe23a3f96,10.1039/c8nj04233k,True,True,140.8617178453061,,,0.012068516047906486,,,,1194.4794589869807,80.9495330542394,,,,,,,13.108217938691553
6a7d9fab7bffe6ebe23a40aa,,1.0,1200.0,5.0,,,Degussa,Printex-U,,0.05,0.5,1:10,0.55,,10,50.0,100,,6a7d9faa7bffe6ebe23a3f96,10.1039/c8nj04233k,True,True,160.78744559357904,,,0.012068516047906486,,,,1194.4794589869807,78.6922451733605,,,,,,,13.108217938691553
6a7d9fab7bffe6ebe23a40aa,,1.0,1200.0,5.0,,,Degussa,Printex-U,,0.05,0.5,1:10,0.55,,10,50.0,100,,6a7d9faa7bffe6ebe23a3f96,10.1039/c8nj04233k,True,True,181.1643972367528,,,0.016331600496849785,,,,1193.7679225897473,75.60074220606958,,,,,,,11.182162518593884
6a7d9fab7bffe6ebe23a40aa,,1.0,1200.0,5.0,,,Degussa,Printex-U,,0.05,0.5,1:10,0.55,,10,50.0,100,,6a7d9faa7bffe6ebe23a3f96,10.1039/c8nj04233k,True,True,201.17797388491795,,,0.01265123982150329,,,,1223.9714158654215,69.3073254512276,,,,,,,11.341644814525466
6a7d9fab7bffe6ebe23a40aa,,1.0,1200.0,5.0,,,Degussa,Printex-U,,0.05,0.5,1:10,0.55,,10,50.0,100,,6a7d9faa7bffe6ebe23a3f96,10.1039/c8nj04233k,True,True,220.7882442199417,,,0.02194415052675247,,,,1243.0970235083037,66.17901887718347,,,,,,,8.961678244468146
6a7d9fab7bffe6ebe23a40aa,,1.0,1200.0,5.0,,,Degussa,Printex-U,,0.05,0.5,1:10,0.55,,10,50.0,100,,6a7d9faa7bffe6ebe23a3f96,10.1039/c8nj04233k,True,True,240.93359421794517,,,0.034457376822929486,,,,1254.0644983208354,67.20951986628029,,,,,,,8.961678244468146
6a7d9fab7bffe6ebe23a40aa,,1.0,1200.0,5.0,,,Degussa,Printex-U,,0.05,0.5,1:10,0.55,,10,50.0,100,,6a7d9faa7bffe6ebe23a3f96,10.1039/c8nj04233k,True,True,260.9272052070439,,,0.040805998987901604,,,,1263.449418042968,68.19094937970613,,,,,,,10.433822514606788
6a7d9fab7bffe6ebe23a40aa,,1.0,1200.0,5.0,,,Degussa,Printex-U,,0.05,0.5,1:10,0.55,,10,50.0,100,,6a7d9faa7bffe6ebe23a3f96,10.1039/c8nj04233k,True,True,280.94477498702236,,,0.0484427473892447,,,,1234.6321939550076,66.57159068255407,,,,,,,10.39701890785335
6a7d9fab7bffe6ebe23a40aa,,1.0,1200.0,5.0,,,Degussa,Printex-U,,0.05,0.5,1:10,0.55,,10,50.0,100,,6a7d9faa7bffe6ebe23a3f96,10.1039/c8nj04233k,True,True,300.9583516351875,,,0.0577049884221994,,,,1203.766235757771,72.80366809280667,,,,,,,11.218966125347322
6a7d9fab7bffe6ebe23a40aa,,1.0,1200.0,5.0,,,Degussa,Printex-U,,0.05,0.5,1:10,0.55,,10,50.0,100,,6a7d9faa7bffe6ebe23a3f96,10.1039/c8nj04233k,True,True,320.87209998802064,,,0.0715063409547474,,,,1185.2540215607796,70.30102283357127,,,,,,,11.108555305086725
6a7d9fab7bffe6ebe23a40aa,,1.0,1200.0,5.0,,,Degussa,Printex-U,,0.05,0.5,1:10,0.55,,10,50.0,100,,6a7d9faa7bffe6ebe23a3f96,10.1039/c8nj04233k,True,True,341.08533322684985,,,0.0898468049868888,,,,1174.1393323212342,72.17800677799795,,,,,,,11.108555305086725
6a7d9fab7bffe6ebe23a40aa,,1.0,1200.0,5.0,,,Degussa,Printex-U,,0.05,0.5,1:10,0.55,,10,50.0,100,,6a7d9faa7bffe6ebe23a3f96,10.1039/c8nj04233k,True,True,361.1667931158408,,,0.1180322338255817,,,,1144.3038751130944,67.60209167165084,,,,,,,11.108555305086725
6a7d9fab7bffe6ebe23a40aa,,1.0,1200.0,5.0,,,Degussa,Printex-U,,0.05,0.5,1:10,0.55,,10,50.0,100,,6a7d9faa7bffe6ebe23a3f96,10.1039/c8nj04233k,True,True,380.7610909236114,,,0.16857585376700301,,,,1105.7950345800555,78.8026559936211,,,,,,,11.108555305086725
6a7d9fab7bffe6ebe23a40aa,,1.0,1200.0,5.0,,,Degussa,Printex-U,,0.05,0.5,1:10,0.55,,10,50.0,100,,6a7d9faa7bffe6ebe23a3f96,10.1039/c8nj04233k,True,True,401.221898334864,,,0.2722700157948815,,,,1074.168468509914,111.26343715017424,,,,,,,13.660272039993686
6a7d9fab7bffe6ebe23a40aa,,1.0,1200.0,5.0,,,Degussa,Printex-U,,0.05,0.5,1:10,0.55,,10,50.0,100,,6a7d9faa7bffe6ebe23a3f96,10.1039/c8nj04233k,True,True,421.1076947650042,,,0.8277284507215041,,,,1014.9269295057583,171.41279845424867,,,,,,,12.151324163101606
6a7d9fab7bffe6ebe23a40aa,,1.0,1200.0,5.0,,,Degussa,Printex-U,,0.05,0.5,1:10,0.55,,10,50.0,100,,6a7d9faa7bffe6ebe23a3f96,10.1039/c8nj04233k,True,True,440.9136285588787,,,1.8766312431951664,,,,744.5676342948277,352.1798469583354,,,,,,,55.7881339037894
6a7d9fab7bffe6ebe23a40aa,,1.0,1200.0,5.0,,,Degussa,Printex-U,,0.05,0.5,1:10,0.55,,10,50.0,100,,6a7d9faa7bffe6ebe23a3f96,10.1039/c8nj04233k,True,True,460.9751227888033,,,2.383999631963933,,,,611.1545598135285,337.6546901596357,,,,,,,130.97790250111217
6a7d9fab7bffe6ebe23a40aa,,1.0,1200.0,5.0,,,Degussa,Printex-U,,0.05,0.5,1:10,0.55,,10,50.0,100,,6a7d9faa7bffe6ebe23a3f96,10.1039/c8nj04233k,True,True,480.8090085053708,,,2.7224701354066037,,,,519.1087393231205,271.3468586588153,,,,,,,207.12456487402463
6a7d9fab7bffe6ebe23a40aa,,1.0,1200.0,5.0,,,Degussa,Printex-U,,0.05,0.5,1:10,0.55,,10,50.0,100,,6a7d9faa7bffe6ebe23a3f96,10.1039/c8nj04233k,True,True,500.9583516351875,,,2.9708024719755866,,,,441.1341644814527,215.06187606385427,,,,,,,275.6406127800527
6a7d9fab7bffe6ebe23a40aa,,1.0,1200.0,5.0,,,Degussa,Printex-U,,0.05,0.5,1:10,0.55,,10,50.0,100,,6a7d9faa7bffe6ebe23a3f96,10.1039/c8nj04233k,True,True,521.3432895419878,,,3.1342104859609576,,,,412.3660118691634,174.03812240266222,,,,,,,312.002576252473
6a7d9fab7bffe6ebe23a40aa,,1.0,1200.0,5.0,,,Degussa,Printex-U,,0.05,0.5,1:10,0.55,,10,50.0,100,,6a7d9faa7bffe6ebe23a3f96,10.1039/c8nj04233k,True,True,541.2490516311943,,,3.1856128567266255,,,,417.51851681464797,169.63395746116478,,,,,,,312.6773090429532
6a7d9fab7bffe6ebe23a40aa,,1.0,1200.0,5.0,,,Degussa,Printex-U,,0.05,0.5,1:10,0.55,,10,50.0,100,,6a7d9faa7bffe6ebe23a3f96,10.1039/c8nj04233k,True,True,561.198738170347,,,2.995583567189584,,,,473.65628498259514,162.15055742129417,,,,,,,283.8478170860745
6a7d9fab7bffe6ebe23a40aa,,1.0,1200.0,5.0,,,Degussa,Printex-U,,0.05,0.5,1:10,0.55,,10,50.0,100,,6a7d9faa7bffe6ebe23a3f96,10.1039/c8nj04233k,True,True,581.0206444914747,,,2.209213169557283,,,,625.9128061216667,152.9128521261753,,,,,,,215.9451626259376
6a7d9fab7bffe6ebe23a40aa,,1.0,1200.0,5.0,,,Degussa,Printex-U,,0.05,0.5,1:10,0.55,,10,50.0,100,,6a7d9faa7bffe6ebe23a3f96,10.1039/c8nj04233k,True,True,601.3656510801421,,,1.5070003527012314,,,,779.3347748079312,138.87841008418866,,,,,,,146.65623897808678
6a7d9fab7bffe6ebe23a40aa,,1.0,1200.0,5.0,,,Degussa,Printex-U,,0.05,0.5,1:10,0.55,,10,50.0,100,,6a7d9faa7bffe6ebe23a3f96,10.1039/c8nj04233k,True,True,620.9639420197262,,,1.0759074389290153,,,,873.5520080967935,130.73254512275565,,,,,,,100.29596233764272
6a7d9fab7bffe6ebe23a40aa,,1.0,1200.0,5.0,,,Degussa,Printex-U,,0.05,0.5,1:10,0.55,,10,50.0,100,,6a7d9faa7bffe6ebe23a3f96,10.1039/c8nj04233k,True,True,641.668330471589,,,0.8025486497676774,,,,933.701369400868,124.79489656653027,,,,,,,72.97541825765632
6a7d9fab7bffe6ebe23a40aa,,1.0,1200.0,5.0,,,Degussa,Printex-U,,0.05,0.5,1:10,0.55,,10,50.0,100,,6a7d9faa7bffe6ebe23a3f96,10.1039/c8nj04233k,True,True,660.9671365251768,,,0.6059867200318969,,,,983.962828357179,128.1930962567668,,,,,,,47.12701844780827
6a7d9fab7bffe6ebe23a40aa,,1.0,1200.0,5.0,,,Degussa,Printex-U,,0.05,0.5,1:10,0.55,,10,50.0,100,,6a7d9faa7bffe6ebe23a3f96,10.1039/c8nj04233k,True,True,681.1524178413131,,,0.4679425250341206,,,,1003.5668828878564,121.99782245326736,,,,,,,38.527242336415895
6a7d9fab7bffe6ebe23a40aa,,1.0,1200.0,5.0,,,Degussa,Printex-U,,0.05,0.5,1:10,0.55,,10,50.0,100,,6a7d9faa7bffe6ebe23a3f96,10.1039/c8nj04233k,True,True,698.4426785928205,,,0.37525877535998575,,,,1015.1477511462791,131.37,,,,,,,33.91452362331535
6a7d9fab7bffe6ebe23a40ab,,,1000.0,5.0,,,,,,,0.05,,0.05,,10,100.0,100,,6a7d9faa7bffe6ebe23a3f97,10.1166/jnn.2014.8944,True,False,100.1710762358476,,,,,,,823.4945923048994,201.37310345586383,1026.4938551419864,,,,,,
6a7d9fab7bffe6ebe23a40ab,,,1000.0,5.0,,,,,,,0.05,,0.05,,10,100.0,100,,6a7d9faa7bffe6ebe23a3f97,10.1166/jnn.2014.8944,True,False,120.02661185890962,,,,,,,797.1503702318213,193.6273916535555,992.6855835139567,,,,,,
6a7d9fab7bffe6ebe23a40ab,,,1000.0,5.0,,,,,,,0.05,,0.05,,10,100.0,100,,6a7d9faa7bffe6ebe23a3f97,10.1166/jnn.2014.8944,True,False,141.4859871930429,,,,,,,797.24719162935,184.3413394360154,982.25527841653,,,,,,
6a7d9fab7bffe6ebe23a40ab,,,1000.0,5.0,,,,,,,0.05,,0.05,,10,100.0,100,,6a7d9faa7bffe6ebe23a3f97,10.1166/jnn.2014.8944,True,False,163.87202547135064,,,,,,,792.344508136298,180.6885321656087,975.3721572467515,,,,,,
6a7d9fab7bffe6ebe23a40ab,,,1000.0,5.0,,,,,,,0.05,,0.05,,10,100.0,100,,6a7d9faa7bffe6ebe23a3f97,10.1166/jnn.2014.8944,True,False,182.65477053211833,,,,,,,786.2623639824401,178.0655524870997,964.5281607235199,,,,,,
6a7d9fab7bffe6ebe23a40ab,,,1000.0,5.0,,,,,,,0.05,,0.05,,10,100.0,100,,6a7d9faa7bffe6ebe23a3f97,10.1166/jnn.2014.8944,True,False,203.54745583500645,,,,,,,776.9146981482909,174.71201135450943,952.2142393468957,,,,,,
6a7d9fab7bffe6ebe23a40ab,,,1000.0,5.0,,,,,,,0.05,,0.05,,10,100.0,100,,6a7d9faa7bffe6ebe23a3f97,10.1166/jnn.2014.8944,True,False,223.6809903413208,,,,,,,763.6149589059182,170.78634378197592,935.5081473005534,,,,,,
6a7d9fab7bffe6ebe23a40ab,,,1000.0,5.0,,,,,,,0.05,,0.05,,10,100.0,100,,6a7d9faa7bffe6ebe23a3f97,10.1166/jnn.2014.8944,True,False,244.06757511315982,,,,,,,752.8941896159051,167.29197152570723,919.3389739132348,,,,,,
6a7d9fab7bffe6ebe23a40ab,,,1000.0,5.0,,,,,,,0.05,,0.05,,10,100.0,100,,6a7d9faa7bffe6ebe23a3f97,10.1166/jnn.2014.8944,True,False,263.40275385218536,,,,,,,751.2482258579146,163.31349228179437,913.8201542540902,,,,,,
6a7d9fab7bffe6ebe23a40ab,,,1000.0,5.0,,,,,,,0.05,,0.05,,10,100.0,100,,6a7d9faa7bffe6ebe23a3f97,10.1166/jnn.2014.8944,True,False,283.450750240576,,,,,,,763.4565238917801,163.84160899558796,929.3731914753162,,,,,,
6a7d9fab7bffe6ebe23a40ab,,,1000.0,5.0,,,,,,,0.05,,0.05,,10,100.0,100,,6a7d9faa7bffe6ebe23a3f97,10.1166/jnn.2014.8944,True,False,303.7981300416998,,,,,,,799.7821518555601,172.12423945691998,971.0239963031831,,,,,,
6a7d9fab7bffe6ebe23a40ab,,,1000.0,5.0,,,,,,,0.05,,0.05,,10,100.0,100,,6a7d9faa7bffe6ebe23a3f97,10.1166/jnn.2014.8944,True,False,323.6928706354769,,,,,,,836.3718381762369,185.1511183971659,1023.4307782019827,,,,,,
6a7d9fab7bffe6ebe23a40ab,,,1000.0,5.0,,,,,,,0.05,,0.05,,10,100.0,100,,6a7d9faa7bffe6ebe23a3f97,10.1166/jnn.2014.8944,True,False,343.83353331828494,,,,,,,847.5767144538943,197.9051370352848,1045.3476218244232,,,,,,
6a7d9fab7bffe6ebe23a40ab,,,1000.0,5.0,,,,,,,0.05,,0.05,,10,100.0,100,,6a7d9faa7bffe6ebe23a3f97,10.1166/jnn.2014.8944,True,False,363.2293015575065,,,,,,,831.7684208210015,202.41173299299143,1034.714871986709,,,,,,
6a7d9fab7bffe6ebe23a40ab,,,1000.0,5.0,,,,,,,0.05,,0.05,,10,100.0,100,,6a7d9faa7bffe6ebe23a3f97,10.1166/jnn.2014.8944,True,False,383.84398797714226,,,,,,,816.0217408047179,202.41173299299143,1018.6073122159997,,,,,,
6a7d9fab7bffe6ebe23a40ab,,,1000.0,5.0,,,,,,,0.05,,0.05,,10,100.0,100,,6a7d9faa7bffe6ebe23a3f97,10.1166/jnn.2014.8944,True,False,403.5248832761099,,,,,,,802.7748132337247,202.99266137816457,1006.3990141821344,,,,,,
6a7d9fab7bffe6ebe23a40ab,,,1000.0,5.0,,,,,,,0.05,,0.05,,10,100.0,100,,6a7d9faa7bffe6ebe23a3f97,10.1166/jnn.2014.8944,True,False,423.3804188991719,,,,,,,792.9782481928506,207.55206900725076,999.6831299717237,,,,,,
6a7d9fab7bffe6ebe23a40ab,,,1000.0,5.0,,,,,,,0.05,,0.05,,10,100.0,100,,6a7d9faa7bffe6ebe23a3f97,10.1166/jnn.2014.8944,True,False,443.763439582764,,,,,,,783.73620570146,217.6655040764009,1002.5173563357503,,,,,,
6a7d9fab7bffe6ebe23a40ab,,,1000.0,5.0,,,,,,,0.05,,0.05,,10,100.0,100,,6a7d9faa7bffe6ebe23a3f97,10.1166/jnn.2014.8944,True,False,462.7742862913285,,,,,,,773.2882967135737,234.57404086303063,1008.4586693659298,,,,,,
6a7d9fab7bffe6ebe23a40ab,,,1000.0,5.0,,,,,,,0.05,,0.05,,10,100.0,100,,6a7d9faa7bffe6ebe23a3f97,10.1166/jnn.2014.8944,True,False,483.30343459304044,,,,,,,761.2912453652257,253.28697642178923,1017.1021795816876,,,,,,
6a7d9fab7bffe6ebe23a40ab,,,1000.0,5.0,,,,,,,0.05,,0.05,,10,100.0,100,,6a7d9faa7bffe6ebe23a3f97,10.1166/jnn.2014.8944,True,False,502.3677426253073,,,,,,,752.9205954515949,276.03120289584,1028.2806500236552,,,,,,
6a7d9fab7bffe6ebe23a40ab,,,1000.0,5.0,,,,,,,0.05,,0.05,,10,100.0,100,,6a7d9faa7bffe6ebe23a3f97,10.1166/jnn.2014.8944,True,False,521.6993572760861,,,,,,,749.1269570575097,291.8482984739628,1041.4131523066599,,,,,,
6a7d9fab7bffe6ebe23a40ab,,,1000.0,5.0,,,,,,,0.05,,0.05,,10,100.0,100,,6a7d9faa7bffe6ebe23a3f97,10.1166/jnn.2014.8944,True,False,541.9754553122734,,,,,,,755.5171692944141,302.6306813805852,1057.5559198582887,,,,,,
6a7d9fab7bffe6ebe23a40ab,,,1000.0,5.0,,,,,,,0.05,,0.05,,10,100.0,100,,6a7d9faa7bffe6ebe23a3f97,10.1166/jnn.2014.8944,True,False,561.3783517279887,,,,,,,772.7777838902398,302.6306813805852,1075.3534531131381,,,,,,
6a7d9fab7bffe6ebe23a40ab,,,1000.0,5.0,,,,,,,0.05,,0.05,,10,100.0,100,,6a7d9faa7bffe6ebe23a3f97,10.1166/jnn.2014.8944,True,False,581.839782353011,,,,,,,786.3855912156587,295.3250668397716,1081.5324186645248,,,,,,
6a7d9fab7bffe6ebe23a40ab,,,1000.0,5.0,,,,,,,0.05,,0.05,,10,100.0,100,,6a7d9faa7bffe6ebe23a3f97,10.1166/jnn.2014.8944,True,False,601.5313699167191,,,,,,,794.386559429634,284.14659639780393,1078.222887258084,,,,,,
6a7d9fab7bffe6ebe23a40ab,,,1000.0,5.0,,,,,,,0.05,,0.05,,10,100.0,100,,6a7d9faa7bffe6ebe23a3f97,10.1166/jnn.2014.8944,True,False,621.2372138334146,,,,,,,797.6960908360747,272.9681259558361,1071.7710614045704,,,,,,
6a7d9fab7bffe6ebe23a40ab,,,1000.0,5.0,,,,,,,0.05,,0.05,,10,100.0,100,,6a7d9faa7bffe6ebe23a3f97,10.1166/jnn.2014.8944,True,False,641.0036472503059,,,,,,,798.4706620163057,260.29332482478645,1058.6033513406464,,,,,,
6a7d9fab7bffe6ebe23a40ab,,,1000.0,5.0,,,,,,,0.05,,0.05,,10,100.0,100,,6a7d9faa7bffe6ebe23a3f97,10.1166/jnn.2014.8944,True,False,660.0394425765982,,,,,,,796.5518379561884,251.0512823333956,1048.1290365170703,,,,,,
6a7d9fab7bffe6ebe23a40ab,,,1000.0,5.0,,,,,,,0.05,,0.05,,10,100.0,100,,6a7d9faa7bffe6ebe23a3f97,10.1166/jnn.2014.8944,True,False,680.4652323191523,,,,,,,798.2594153307881,241.39554841619994,1040.1016624674053,,,,,,
6a7d9fab7bffe6ebe23a40ab,,,1000.0,5.0,,,,,,,0.05,,0.05,,10,100.0,100,,6a7d9faa7bffe6ebe23a3f97,10.1166/jnn.2014.8944,True,False,699.1267983795278,,,,,,,798.7875320445819,234.92611867222666,1033.949102751708,,,,,,
6a7d9fab7bffe6ebe23a40ac,,1.0,,5.0,,,Degussa,Printex-U,,0.005,0.045,1:9,0.05,0.0,10,25.0,100,,6a7d9faa7bffe6ebe23a3f97,10.1166/jnn.2014.8944,False,True,199.8244703909265,,0.042308475797992406,,,,,,,,,92.2,,,,
6a7d9fab7bffe6ebe23a40ac,,1.0,,5.0,,,Degussa,Printex-U,,0.005,0.045,1:9,0.05,0.0,10,25.0,100,,6a7d9faa7bffe6ebe23a3f97,10.1166/jnn.2014.8944,False,True,211.76901156221356,,0.0783490292555469,,,,,,,,,92.2,,,,
6a7d9fab7bffe6ebe23a40ac,,1.0,,5.0,,,Degussa,Printex-U,,0.005,0.045,1:9,0.05,0.0,10,25.0,100,,6a7d9faa7bffe6ebe23a3f97,10.1166/jnn.2014.8944,False,True,223.2359984934301,,0.1284924079790867,,,,,,,,,92.2,,,,
6a7d9fab7bffe6ebe23a40ac,,1.0,,5.0,,,Degussa,Printex-U,,0.005,0.045,1:9,0.05,0.0,10,25.0,100,,6a7d9faa7bffe6ebe23a3f97,10.1166/jnn.2014.8944,False,True,236.82355365734065,,0.30399423351145777,,,,,,,,,92.2,,,,
6a7d9fab7bffe6ebe23a40ac,,1.0,,5.0,,,Degussa,Printex-U,,0.005,0.045,1:9,0.05,0.0,10,25.0,100,,6a7d9faa7bffe6ebe23a3f97,10.1166/jnn.2014.8944,False,True,260.57619193132314,,0.5500101853738101,,,,,,,,,92.2,,,,
6a7d9fab7bffe6ebe23a40ac,,1.0,,5.0,,,Degussa,Printex-U,,0.005,0.045,1:9,0.05,0.0,10,25.0,100,,6a7d9faa7bffe6ebe23a3f97,10.1166/jnn.2014.8944,False,True,282.8847971460449,,1.239481642822455,,,,,,,,,92.2,,,,
6a7d9fab7bffe6ebe23a40ac,,1.0,,5.0,,,Degussa,Printex-U,,0.005,0.045,1:9,0.05,0.0,10,25.0,100,,6a7d9faa7bffe6ebe23a3f97,10.1166/jnn.2014.8944,False,True,321.01238656310187,,2.0190544839149496,,,,,,,,,92.2,,,,
6a7d9fab7bffe6ebe23a40ac,,1.0,,5.0,,,Degussa,Printex-U,,0.005,0.045,1:9,0.05,0.0,10,25.0,100,,6a7d9faa7bffe6ebe23a3f97,10.1166/jnn.2014.8944,False,True,359.8762054336008,,3.0579626118432452,,,,,,,,,92.2,,,,
6a7d9fab7bffe6ebe23a40ac,,1.0,,5.0,,,Degussa,Printex-U,,0.005,0.045,1:9,0.05,0.0,10,25.0,100,,6a7d9faa7bffe6ebe23a3f97,10.1166/jnn.2014.8944,False,True,383.40996468088434,,3.8673080840528566,,,,,,,,,92.2,,,,
6a7d9fab7bffe6ebe23a40ac,,1.0,,5.0,,,Degussa,Printex-U,,0.005,0.045,1:9,0.05,0.0,10,25.0,100,,6a7d9faa7bffe6ebe23a3f97,10.1166/jnn.2014.8944,False,True,405.74131057370465,,4.83883604682139,,,,,,,,,92.2,,,,
6a7d9fab7bffe6ebe23a40ac,,1.0,,5.0,,,Degussa,Printex-U,,0.005,0.045,1:9,0.05,0.0,10,25.0,100,,6a7d9faa7bffe6ebe23a3f97,10.1166/jnn.2014.8944,False,True,431.1881293660325,,5.740633373552515,,,,,,,,,92.2,,,,
6a7d9fab7bffe6ebe23a40ac,,1.0,,5.0,,,Degussa,Printex-U,,0.005,0.045,1:9,0.05,0.0,10,25.0,100,,6a7d9faa7bffe6ebe23a3f97,10.1166/jnn.2014.8944,False,True,443.1269853677949,,6.4426406756820365,,,,,,,,,92.2,,,,
6a7d9fab7bffe6ebe23a40ac,,1.0,,5.0,,,Degussa,Printex-U,,0.005,0.045,1:9,0.05,0.0,10,25.0,100,,6a7d9faa7bffe6ebe23a3f97,10.1166/jnn.2014.8944,False,True,455.60593247439897,,7.212811633263874,,,,,,,,,92.2,,,,
6a7d9fab7bffe6ebe23a40ac,,1.0,,5.0,,,Degussa,Printex-U,,0.005,0.045,1:9,0.05,0.0,10,25.0,100,,6a7d9faa7bffe6ebe23a3f97,10.1166/jnn.2014.8944,False,True,468.0422408095681,,8.199225911590966,,,,,,,,,92.2,,,,
6a7d9fab7bffe6ebe23a40ac,,1.0,,5.0,,,Degussa,Printex-U,,0.005,0.045,1:9,0.05,0.0,10,25.0,100,,6a7d9faa7bffe6ebe23a3f97,10.1166/jnn.2014.8944,False,True,481.5075648286987,,9.513922622498711,,,,,,,,,92.2,,,,
6a7d9fab7bffe6ebe23a40ac,,1.0,,5.0,,,Degussa,Printex-U,,0.005,0.045,1:9,0.05,0.0,10,25.0,100,,6a7d9faa7bffe6ebe23a3f97,10.1166/jnn.2014.8944,False,True,495.1406013488064,,11.493019101493353,,,,,,,,,92.2,,,,
6a7d9fab7bffe6ebe23a40ac,,1.0,,5.0,,,Degussa,Printex-U,,0.005,0.045,1:9,0.05,0.0,10,25.0,100,,6a7d9faa7bffe6ebe23a3f97,10.1166/jnn.2014.8944,False,True,510.4308647853493,,14.523559553097146,,,,,,,,,92.2,,,,
6a7d9fab7bffe6ebe23a40ac,,1.0,,5.0,,,Degussa,Printex-U,,0.005,0.045,1:9,0.05,0.0,10,25.0,100,,6a7d9faa7bffe6ebe23a3f97,10.1166/jnn.2014.8944,False,True,527.4096235707128,,20.34410893649028,,,,,,,,,92.2,,,,
6a7d9fab7bffe6ebe23a40ac,,1.0,,5.0,,,Degussa,Printex-U,,0.005,0.045,1:9,0.05,0.0,10,25.0,100,,6a7d9faa7bffe6ebe23a3f97,10.1166/jnn.2014.8944,False,True,543.7829118017012,,28.02231380353199,,,,,,,,,92.2,,,,
6a7d9fab7bffe6ebe23a40ac,,1.0,,5.0,,,Degussa,Printex-U,,0.005,0.045,1:9,0.05,0.0,10,25.0,100,,6a7d9faa7bffe6ebe23a3f97,10.1166/jnn.2014.8944,False,True,561.0061328766246,,40.72660889731578,,,,,,,,,92.2,,,,
6a7d9fab7bffe6ebe23a40ac,,1.0,,5.0,,,Degussa,Printex-U,,0.005,0.045,1:9,0.05,0.0,10,25.0,100,,6a7d9faa7bffe6ebe23a3f97,10.1166/jnn.2014.8944,False,True,578.1014376372434,,58.0182396540107,,,,,,,,,92.2,,,,
6a7d9fab7bffe6ebe23a40ac,,1.0,,5.0,,,Degussa,Printex-U,,0.005,0.045,1:9,0.05,0.0,10,25.0,100,,6a7d9faa7bffe6ebe23a3f97,10.1166/jnn.2014.8944,False,True,594.0483381538833,,76.75227603929989,,,,,,,,,92.2,,,,
6a7d9fab7bffe6ebe23a40ac,,1.0,,5.0,,,Degussa,Printex-U,,0.005,0.045,1:9,0.05,0.0,10,25.0,100,,6a7d9faa7bffe6ebe23a3f97,10.1166/jnn.2014.8944,False,True,610.2539138838947,,92.27400222511245,,,,,,,,,92.2,,,,
6a7d9fab7bffe6ebe23a40ac,,1.0,,5.0,,,Degussa,Printex-U,,0.005,0.045,1:9,0.05,0.0,10,25.0,100,,6a7d9faa7bffe6ebe23a3f97,10.1166/jnn.2014.8944,False,True,626.1212220271893,,99.20319037247128,,,,,,,,,92.2,,,,
6a7d9fab7bffe6ebe23a40ac,,1.0,,5.0,,,Degussa,Printex-U,,0.005,0.045,1:9,0.05,0.0,10,25.0,100,,6a7d9faa7bffe6ebe23a3f97,10.1166/jnn.2014.8944,False,True,639.6775087587143,,100.02663866994689,,,,,,,,,92.2,,,,
6a7d9fab7bffe6ebe23a40ad,,1.0,1350.0,5.0,,,Degussa,Printex-U,,0.005,0.045,1:9,0.05,0.0,10,25.0,100,,6a7d9faa7bffe6ebe23a3f97,10.1166/jnn.2014.8944,True,True,200.3045298819947,,0.055243168590293316,,,,,,,,,92.9,,,,
6a7d9fab7bffe6ebe23a40ad,,1.0,1350.0,5.0,,,Degussa,Printex-U,,0.005,0.045,1:9,0.05,0.0,10,25.0,100,,6a7d9faa7bffe6ebe23a3f97,10.1166/jnn.2014.8944,True,True,230.1132470498668,,0.5650586958666083,,,,,,,,,92.9,,,,
6a7d9fab7bffe6ebe23a40ad,,1.0,1350.0,5.0,,,Degussa,Printex-U,,0.005,0.045,1:9,0.05,0.0,10,25.0,100,,6a7d9faa7bffe6ebe23a3f97,10.1166/jnn.2014.8944,True,True,264.37856870955466,,0.9580743809805542,,,,,,,,,92.9,,,,
6a7d9fab7bffe6ebe23a40ad,,1.0,1350.0,5.0,,,Degussa,Printex-U,,0.005,0.045,1:9,0.05,0.0,10,25.0,100,,6a7d9faa7bffe6ebe23a3f97,10.1166/jnn.2014.8944,True,True,295.3635325466311,,1.7227976718950175,,,,,,,,,92.9,,,,
6a7d9fab7bffe6ebe23a40ad,,1.0,1350.0,5.0,,,Degussa,Printex-U,,0.005,0.045,1:9,0.05,0.0,10,25.0,100,,6a7d9faa7bffe6ebe23a3f97,10.1166/jnn.2014.8944,True,True,328.2527598020556,,3.5118871460984384,,,,,,,,,92.9,,,,
6a7d9fab7bffe6ebe23a40ad,,1.0,1350.0,5.0,,,Degussa,Printex-U,,0.005,0.045,1:9,0.05,0.0,10,25.0,100,,6a7d9faa7bffe6ebe23a3f97,10.1166/jnn.2014.8944,True,True,344.8458317472402,,5.082371510308767,,,,,,,,,92.9,,,,
6a7d9fab7bffe6ebe23a40ad,,1.0,1350.0,5.0,,,Degussa,Printex-U,,0.005,0.045,1:9,0.05,0.0,10,25.0,100,,6a7d9faa7bffe6ebe23a3f97,10.1166/jnn.2014.8944,True,True,363.87133612485724,,8.009470257472605,,,,,,,,,92.9,,,,
6a7d9fab7bffe6ebe23a40ad,,1.0,1350.0,5.0,,,Degussa,Printex-U,,0.005,0.045,1:9,0.05,0.0,10,25.0,100,,6a7d9faa7bffe6ebe23a3f97,10.1166/jnn.2014.8944,True,True,388.0272173582033,,12.875604222156435,,,,,,,,,92.9,,,,
6a7d9fab7bffe6ebe23a40ad,,1.0,1350.0,5.0,,,Degussa,Printex-U,,0.005,0.045,1:9,0.05,0.0,10,25.0,100,,6a7d9faa7bffe6ebe23a3f97,10.1166/jnn.2014.8944,True,True,410.12752188808525,,17.426852125875495,,,,,,,,,92.9,,,,
6a7d9fab7bffe6ebe23a40ad,,1.0,1350.0,5.0,,,Degussa,Printex-U,,0.005,0.045,1:9,0.05,0.0,10,25.0,100,,6a7d9faa7bffe6ebe23a3f97,10.1166/jnn.2014.8944,True,True,431.9337647506661,,21.453289927986578,,,,,,,,,92.9,,,,
6a7d9fab7bffe6ebe23a40ad,,1.0,1350.0,5.0,,,Degussa,Printex-U,,0.005,0.045,1:9,0.05,0.0,10,25.0,100,,6a7d9faa7bffe6ebe23a3f97,10.1166/jnn.2014.8944,True,True,462.7502854967644,,29.10999309460391,,,,,,,,,92.9,,,,
6a7d9fab7bffe6ebe23a40ad,,1.0,1350.0,5.0,,,Degussa,Printex-U,,0.005,0.045,1:9,0.05,0.0,10,25.0,100,,6a7d9faa7bffe6ebe23a3f97,10.1166/jnn.2014.8944,True,True,489.8353635325466,,39.43809805662424,,,,,,,,,92.9,,,,
6a7d9fab7bffe6ebe23a40ad,,1.0,1350.0,5.0,,,Degussa,Printex-U,,0.005,0.045,1:9,0.05,0.0,10,25.0,100,,6a7d9faa7bffe6ebe23a3f97,10.1166/jnn.2014.8944,True,True,522.9701180053293,,60.59386406234585,,,,,,,,,92.9,,,,
6a7d9fab7bffe6ebe23a40ad,,1.0,1350.0,5.0,,,Degussa,Printex-U,,0.005,0.045,1:9,0.05,0.0,10,25.0,100,,6a7d9faa7bffe6ebe23a3f97,10.1166/jnn.2014.8944,True,True,551.2485725161781,,85.03817697543653,,,,,,,,,92.9,,,,
6a7d9fab7bffe6ebe23a40ad,,1.0,1350.0,5.0,,,Degussa,Printex-U,,0.005,0.045,1:9,0.05,0.0,10,25.0,100,,6a7d9faa7bffe6ebe23a3f97,10.1166/jnn.2014.8944,True,True,580.0266463646744,,98.77005031074283,,,,,,,,,92.9,,,,
6a7d9fab7bffe6ebe23a40ad,,1.0,1350.0,5.0,,,Degussa,Printex-U,,0.005,0.045,1:9,0.05,0.0,10,25.0,100,,6a7d9faa7bffe6ebe23a3f97,10.1166/jnn.2014.8944,True,True,611.9508945565283,,99.52056821544836,,,,,,,,,92.9,,,,
6a7d9fab7bffe6ebe23a40ae,,,1000.0,5.0,,,,,,,0.05,,0.05,,10,100.0,100,,6a7d9faa7bffe6ebe23a3f98,10.1166/jnn.2014.8944,True,False,101.17903624574335,,,,,,,819.033725220973,212.64910323521835,1031.9574358534283,,,,,,
6a7d9fab7bffe6ebe23a40ae,,,1000.0,5.0,,,,,,,0.05,,0.05,,10,100.0,100,,6a7d9faa7bffe6ebe23a3f98,10.1166/jnn.2014.8944,True,False,123.5387414283715,,,,,,,656.2172831030634,185.69467090019737,840.9937355187504,,,,,,
6a7d9fab7bffe6ebe23a40ae,,,1000.0,5.0,,,,,,,0.05,,0.05,,10,100.0,100,,6a7d9faa7bffe6ebe23a3f98,10.1166/jnn.2014.8944,True,False,144.7473993562532,,,,,,,682.673989530593,154.44949798335193,834.45464687205,,,,,,
6a7d9fab7bffe6ebe23a40ae,,,1000.0,5.0,,,,,,,0.05,,0.05,,10,100.0,100,,6a7d9faa7bffe6ebe23a3f98,10.1166/jnn.2014.8944,True,False,165.2843215002099,,,,,,,744.3662576160644,154.44949798335193,897.9833519265425,,,,,,
6a7d9fab7bffe6ebe23a40ae,,,1000.0,5.0,,,,,,,0.05,,0.05,,10,100.0,100,,6a7d9faa7bffe6ebe23a3f98,10.1166/jnn.2014.8944,True,False,186.14661566450525,,,,,,,780.7259933064446,164.85025315369438,946.6317686432677,,,,,,
6a7d9fab7bffe6ebe23a40ae,,,1000.0,5.0,,,,,,,0.05,,0.05,,10,100.0,100,,6a7d9faa7bffe6ebe23a3f98,10.1166/jnn.2014.8944,True,False,206.31618230162798,,,,,,,813.0781772934008,180.38273405989878,993.6497039388997,,,,,,
6a7d9fab7bffe6ebe23a40ae,,,1000.0,5.0,,,,,,,0.05,,0.05,,10,100.0,100,,6a7d9faa7bffe6ebe23a3f98,10.1166/jnn.2014.8944,True,False,225.78602416382887,,,,,,,832.4809062044108,180.9233673732087,1013.1639921050373,,,,,,
6a7d9fab7bffe6ebe23a40ae,,,1000.0,5.0,,,,,,,0.05,,0.05,,10,100.0,100,,6a7d9faa7bffe6ebe23a3f98,10.1166/jnn.2014.8944,True,False,246.0360591500676,,,,,,,839.3718355788208,182.00463399982849,1020.3638548013387,,,,,,
6a7d9fab7bffe6ebe23a40ae,,,1000.0,5.0,,,,,,,0.05,,0.05,,10,100.0,100,,6a7d9faa7bffe6ebe23a3f98,10.1166/jnn.2014.8944,True,False,265.5408872510146,,,,,,,830.8418433021538,193.47807431562694,1023.4875139449068,,,,,,
6a7d9fab7bffe6ebe23a40ae,,,1000.0,5.0,,,,,,,0.05,,0.05,,10,100.0,100,,6a7d9faa7bffe6ebe23a3f98,10.1166/jnn.2014.8944,True,False,286.0393245323506,,,,,,,816.6566549386423,195.6234446065391,1011.8767699304898,,,,,,
6a7d9fab7bffe6ebe23a40ae,,,1000.0,5.0,,,,,,,0.05,,0.05,,10,100.0,100,,6a7d9faa7bffe6ebe23a3f98,10.1166/jnn.2014.8944,True,False,306.10043382936044,,,,,,,789.7794559340941,212.2028662147087,999.7082296404359,,,,,,
6a7d9fab7bffe6ebe23a40ae,,,1000.0,5.0,,,,,,,0.05,,0.05,,10,100.0,100,,6a7d9faa7bffe6ebe23a3f98,10.1166/jnn.2014.8944,True,False,325.6962261510472,,,,,,,766.7725049343517,221.22200291770346,987.9773448897279,,,,,,
6a7d9fab7bffe6ebe23a40ae,,,1000.0,5.0,,,,,,,0.05,,0.05,,10,100.0,100,,6a7d9faa7bffe6ebe23a3f98,10.1166/jnn.2014.8944,True,False,346.26813453375,,,,,,,741.4742984639148,243.43087616922668,982.4594525015017,,,,,,
6a7d9fab7bffe6ebe23a40ae,,,1000.0,5.0,,,,,,,0.05,,0.05,,10,100.0,100,,6a7d9faa7bffe6ebe23a3f98,10.1166/jnn.2014.8944,True,False,366.33274245463446,,,,,,,700.266025916073,283.2232043250665,982.3650562087015,,,,,,
6a7d9fab7bffe6ebe23a40ae,,,1000.0,5.0,,,,,,,0.05,,0.05,,10,100.0,100,,6a7d9faa7bffe6ebe23a3f98,10.1166/jnn.2014.8944,True,False,386.5093063395064,,,,,,,639.7236763065305,338.03312451729175,975.1909379558912,,,,,,
6a7d9fab7bffe6ebe23a40ae,,,1000.0,5.0,,,,,,,0.05,,0.05,,10,100.0,100,,6a7d9faa7bffe6ebe23a3f98,10.1166/jnn.2014.8944,True,False,405.94066333908654,,,,,,,582.9142710031751,397.10804084785036,976.3065305071655,,,,,,
6a7d9fab7bffe6ebe23a40ae,,,1000.0,5.0,,,,,,,0.05,,0.05,,10,100.0,100,,6a7d9faa7bffe6ebe23a3f98,10.1166/jnn.2014.8944,True,False,425.6309185053878,,,,,,,554.1577276237879,442.5641465716983,992.8344632283531,,,,,,
6a7d9fab7bffe6ebe23a40ae,,,1000.0,5.0,,,,,,,0.05,,0.05,,10,100.0,100,,6a7d9faa7bffe6ebe23a3f98,10.1166/jnn.2014.8944,True,False,445.89494798712497,,,,,,,567.081438256243,452.269801767785,1016.5365142023512,,,,,,
6a7d9fab7bffe6ebe23a40ae,,,1000.0,5.0,,,,,,,0.05,,0.05,,10,100.0,100,,6a7d9faa7bffe6ebe23a3f98,10.1166/jnn.2014.8944,True,False,466.72225591267426,,,,,,,604.44520724277,440.3072170256586,1040.8135244143136,,,,,,
6a7d9fab7bffe6ebe23a40ae,,,1000.0,5.0,,,,,,,0.05,,0.05,,10,100.0,100,,6a7d9faa7bffe6ebe23a3f98,10.1166/jnn.2014.8944,True,False,486.4090124551009,,,,,,,648.2708315455247,422.457736205269,1066.858319745988,,,,,,
6a7d9fab7bffe6ebe23a40ae,,,1000.0,5.0,,,,,,,0.05,,0.05,,10,100.0,100,,6a7d9faa7bffe6ebe23a3f98,10.1166/jnn.2014.8944,True,False,505.70392312357126,,,,,,,683.5235561657942,394.0701965159186,1074.3070453960354,,,,,,
6a7d9fab7bffe6ebe23a40ae,,,1000.0,5.0,,,,,,,0.05,,0.05,,10,100.0,100,,6a7d9faa7bffe6ebe23a3f98,10.1166/jnn.2014.8944,True,False,525.7265475579604,,,,,,,711.5420921651075,371.1318973654853,1079.593237792843,,,,,,
6a7d9fab7bffe6ebe23a40ae,,,1000.0,5.0,,,,,,,0.05,,0.05,,10,100.0,100,,6a7d9faa7bffe6ebe23a3f98,10.1166/jnn.2014.8944,True,False,545.2943508886503,,,,,,,734.2915987299407,348.73423152836176,1078.5720415343687,,,,,,
6a7d9fab7bffe6ebe23a40ae,,,1000.0,5.0,,,,,,,0.05,,0.05,,10,100.0,100,,6a7d9faa7bffe6ebe23a3f98,10.1166/jnn.2014.8944,True,False,564.8446610999672,,,,,,,752.0123573328756,327.43499528018526,1078.88097485626,,,,,,
6a7d9fab7bffe6ebe23a40ae,,,1000.0,5.0,,,,,,,0.05,,0.05,,10,100.0,100,,6a7d9faa7bffe6ebe23a3f98,10.1166/jnn.2014.8944,True,False,585.1576713159488,,,,,,,763.7861494894017,308.77027374924904,1070.110701107011,,,,,,
6a7d9fab7bffe6ebe23a40ae,,,1000.0,5.0,,,,,,,0.05,,0.05,,10,100.0,100,,6a7d9faa7bffe6ebe23a3f98,10.1166/jnn.2014.8944,True,False,605.2222792368335,,,,,,,770.6084270145027,295.93237792843036,1062.5418347206726,,,,,,
6a7d9fab7bffe6ebe23a40ae,,,1000.0,5.0,,,,,,,0.05,,0.05,,10,100.0,100,,6a7d9faa7bffe6ebe23a3f98,10.1166/jnn.2014.8944,True,False,623.8174651303821,,,,,,,780.9834377413541,284.06418947910413,1062.5418347206726,,,,,,
6a7d9fab7bffe6ebe23a40ae,,,1000.0,5.0,,,,,,,0.05,,0.05,,10,100.0,100,,6a7d9faa7bffe6ebe23a3f98,10.1166/jnn.2014.8944,True,False,643.5601996548024,,,,,,,783.7895820818673,271.2777825452673,1054.6039646442973,,,,,,
6a7d9fab7bffe6ebe23a40ae,,,1000.0,5.0,,,,,,,0.05,,0.05,,10,100.0,100,,6a7d9faa7bffe6ebe23a3f98,10.1166/jnn.2014.8944,True,False,663.0580305080001,,,,,,,783.7895820818673,259.6927829743413,1043.2506650647902,,,,,,
6a7d9fab7bffe6ebe23a40ae,,,1000.0,5.0,,,,,,,0.05,,0.05,,10,100.0,100,,6a7d9faa7bffe6ebe23a3f98,10.1166/jnn.2014.8944,True,False,683.7069086159444,,,,,,,786.5013301295802,251.48888698189302,1038.4879430189649,,,,,,
6a7d9fab7bffe6ebe23a40af,,1.0,,5.0,,,Degussa,Printex-U,,0.005,0.045,1:9,0.05,0.0,10,25.0,100,,6a7d9faa7bffe6ebe23a3f98,10.1166/jnn.2014.8944,False,True,199.99218289190367,,0.0023504708776824574,,,,,,,,,100.0,,,,
6a7d9fab7bffe6ebe23a40af,,1.0,,5.0,,,Degussa,Printex-U,,0.005,0.045,1:9,0.05,0.0,10,25.0,100,,6a7d9faa7bffe6ebe23a3f98,10.1166/jnn.2014.8944,False,True,222.92899933909908,,0.03839102433520047,,,,,,,,,100.0,,,,
6a7d9fab7bffe6ebe23a40af,,1.0,,5.0,,,Degussa,Printex-U,,0.005,0.045,1:9,0.05,0.0,10,25.0,100,,6a7d9faa7bffe6ebe23a3f98,10.1166/jnn.2014.8944,False,True,248.96139059246576,,0.38312675305954114,,,,,,,,,100.0,,,,
6a7d9fab7bffe6ebe23a40af,,1.0,,5.0,,,Degussa,Printex-U,,0.005,0.045,1:9,0.05,0.0,10,25.0,100,,6a7d9faa7bffe6ebe23a3f98,10.1166/jnn.2014.8944,False,True,275.7271687145121,,0.6769356127677508,,,,,,,,,100.0,,,,
6a7d9fab7bffe6ebe23a40af,,1.0,,5.0,,,Degussa,Printex-U,,0.005,0.045,1:9,0.05,0.0,10,25.0,100,,6a7d9faa7bffe6ebe23a3f98,10.1166/jnn.2014.8944,False,True,306.95580491340775,,1.3679740508015052,,,,,,,,,100.0,,,,
6a7d9fab7bffe6ebe23a40af,,1.0,,5.0,,,Degussa,Printex-U,,0.005,0.045,1:9,0.05,0.0,10,25.0,100,,6a7d9faa7bffe6ebe23a3f98,10.1166/jnn.2014.8944,False,True,333.8011754087992,,2.083300687904493,,,,,,,,,100.0,,,,
6a7d9fab7bffe6ebe23a40af,,1.0,,5.0,,,Degussa,Printex-U,,0.005,0.045,1:9,0.05,0.0,10,25.0,100,,6a7d9faa7bffe6ebe23a3f98,10.1166/jnn.2014.8944,False,True,365.1264594896139,,3.1825375683595403,,,,,,,,,100.0,,,,
6a7d9fab7bffe6ebe23a40af,,1.0,,5.0,,,Degussa,Printex-U,,0.005,0.045,1:9,0.05,0.0,10,25.0,100,,6a7d9faa7bffe6ebe23a3f98,10.1166/jnn.2014.8944,False,True,396.86676094572795,,5.231364683391588,,,,,,,,,100.0,,,,
6a7d9fab7bffe6ebe23a40af,,1.0,,5.0,,,Degussa,Printex-U,,0.005,0.045,1:9,0.05,0.0,10,25.0,100,,6a7d9faa7bffe6ebe23a3f98,10.1166/jnn.2014.8944,False,True,430.79016749930713,,9.173887835529719,,,,,,,,,100.0,,,,
6a7d9fab7bffe6ebe23a40af,,1.0,,5.0,,,Degussa,Printex-U,,0.005,0.045,1:9,0.05,0.0,10,25.0,100,,6a7d9faa7bffe6ebe23a3f98,10.1166/jnn.2014.8944,False,True,467.0189102951313,,16.557500352570635,,,,,,,,,100.0,,,,
6a7d9fab7bffe6ebe23a40af,,1.0,,5.0,,,Degussa,Printex-U,,0.005,0.045,1:9,0.05,0.0,10,25.0,100,,6a7d9faa7bffe6ebe23a3f98,10.1166/jnn.2014.8944,False,True,500.05827298762756,,30.177695598351544,,,,,,,,,100.0,,,,
6a7d9fab7bffe6ebe23a40af,,1.0,,5.0,,,Degussa,Printex-U,,0.005,0.045,1:9,0.05,0.0,10,25.0,100,,6a7d9faa7bffe6ebe23a3f98,10.1166/jnn.2014.8944,False,True,519.1604425904475,,43.77125217418557,,,,,,,,,100.0,,,,
6a7d9fab7bffe6ebe23a40af,,1.0,,5.0,,,Degussa,Printex-U,,0.005,0.045,1:9,0.05,0.0,10,25.0,100,,6a7d9faa7bffe6ebe23a3f98,10.1166/jnn.2014.8944,False,True,537.8504374027302,,63.308366109343915,,,,,,,,,100.0,,,,
6a7d9fab7bffe6ebe23a40af,,1.0,,5.0,,,Degussa,Printex-U,,0.005,0.045,1:9,0.05,0.0,10,25.0,100,,6a7d9faa7bffe6ebe23a3f98,10.1166/jnn.2014.8944,False,True,555.8553692872929,,84.34743093533072,,,,,,,,,100.0,,,,
6a7d9fab7bffe6ebe23a40af,,1.0,,5.0,,,Degussa,Printex-U,,0.005,0.045,1:9,0.05,0.0,10,25.0,100,,6a7d9faa7bffe6ebe23a3f98,10.1166/jnn.2014.8944,False,True,572.2116020097073,,96.26196781421879,,,,,,,,,100.0,,,,
6a7d9fab7bffe6ebe23a40af,,1.0,,5.0,,,Degussa,Printex-U,,0.005,0.045,1:9,0.05,0.0,10,25.0,100,,6a7d9faa7bffe6ebe23a3f98,10.1166/jnn.2014.8944,False,True,589.989127113284,,99.69757274707368,,,,,,,,,100.0,,,,
6a7d9fab7bffe6ebe23a40af,,1.0,,5.0,,,Degussa,Printex-U,,0.005,0.045,1:9,0.05,0.0,10,25.0,100,,6a7d9faa7bffe6ebe23a3f98,10.1166/jnn.2014.8944,False,True,605.1941130069572,,99.8636726890954,,,,,,,,,100.0,,,,
6a7d9fab7bffe6ebe23a40af,,1.0,,5.0,,,Degussa,Printex-U,,0.005,0.045,1:9,0.05,0.0,10,25.0,100,,6a7d9faa7bffe6ebe23a3f98,10.1166/jnn.2014.8944,False,True,635.2260210209142,,100.00000000000001,,,,,,,,,100.0,,,,
6a7d9fab7bffe6ebe23a40b0,,1.0,1350.0,5.0,,,Degussa,Printex-U,,0.005,0.045,1:9,0.05,0.0,10,25.0,100,,6a7d9faa7bffe6ebe23a3f98,10.1166/jnn.2014.8944,True,True,150.0,,,,,,2.5352199767086607,1181.585042195561,192.86104788127594,1370.913392244764,,100.0,,,,
6a7d9fab7bffe6ebe23a40b0,,1.0,1350.0,5.0,,,Degussa,Printex-U,,0.005,0.045,1:9,0.05,0.0,10,25.0,100,,6a7d9faa7bffe6ebe23a3f98,10.1166/jnn.2014.8944,True,True,173.0,,,,,,22.755145156802598,1183.8255320417884,184.90104668846882,1366.5854894983252,,100.0,,,,
6a7d9fab7bffe6ebe23a40b0,,1.0,1350.0,5.0,,,Degussa,Printex-U,,0.005,0.045,1:9,0.05,0.0,10,25.0,100,,6a7d9faa7bffe6ebe23a3f98,10.1166/jnn.2014.8944,True,True,198.0,,,,,,44.33543227561604,1200.9701499955272,161.07670745405244,1363.1343001699752,,100.0,,,,
6a7d9fab7bffe6ebe23a40b0,,1.0,1350.0,5.0,,,Degussa,Printex-U,,0.005,0.045,1:9,0.05,0.0,10,25.0,100,,6a7d9faa7bffe6ebe23a3f98,10.1166/jnn.2014.8944,True,True,224.0,,,,,,61.9583028454231,1233.0188960567777,140.5504806019703,1370.4402453207163,,100.0,,,,
6a7d9fab7bffe6ebe23a40b0,,1.0,1350.0,5.0,,,Degussa,Printex-U,,0.005,0.045,1:9,0.05,0.0,10,25.0,100,,6a7d9faa7bffe6ebe23a3f98,10.1166/jnn.2014.8944,True,True,250.0,,,,,,115.5070955242033,1225.490293530014,137.3358647356445,1362.2158384938818,,100.0,,,,
6a7d9fab7bffe6ebe23a40b0,,1.0,1350.0,5.0,,,Degussa,Printex-U,,0.005,0.045,1:9,0.05,0.0,10,25.0,100,,6a7d9faa7bffe6ebe23a3f98,10.1166/jnn.2014.8944,True,True,279.0,,,,,,206.34217225067758,1197.0318976571275,140.77313797799303,1336.9024780573145,,100.0,,,,
6a7d9fab7bffe6ebe23a40b0,,1.0,1350.0,5.0,,,Degussa,Printex-U,,0.005,0.045,1:9,0.05,0.0,10,25.0,100,,6a7d9faa7bffe6ebe23a3f98,10.1166/jnn.2014.8944,True,True,309.0,,,,,,367.4213927220628,1174.9609852588892,155.99733606353718,1327.2864626303392,,100.0,,,,
6a7d9fab7bffe6ebe23a40b0,,1.0,1350.0,5.0,,,Degussa,Printex-U,,0.005,0.045,1:9,0.05,0.0,10,25.0,100,,6a7d9faa7bffe6ebe23a3f98,10.1166/jnn.2014.8944,True,True,339.0,,,,,,615.5637772716492,1189.9207777104064,185.52727055853222,1372.8198960269576,,100.0,,,,
6a7d9fab7bffe6ebe23a40b0,,1.0,1350.0,5.0,,,Degussa,Printex-U,,0.005,0.045,1:9,0.05,0.0,10,25.0,100,,6a7d9faa7bffe6ebe23a3f98,10.1166/jnn.2014.8944,True,True,369.0,,,,,,1071.779703812105,1143.0514000576525,212.46881305726492,1354.1166764410605,,100.0,,,,
6a7d9fab7bffe6ebe23a40b0,,1.0,1350.0,5.0,,,Degussa,Printex-U,,0.005,0.045,1:9,0.05,0.0,10,25.0,100,,6a7d9faa7bffe6ebe23a3f98,10.1166/jnn.2014.8944,True,True,386.0,,,,,,1981.9855100841974,1063.6322972475973,259.1433655059992,1319.3542936095348,,100.0,,,,
6a7d9fab7bffe6ebe23a40b0,,1.0,1350.0,5.0,,,Degussa,Printex-U,,0.005,0.045,1:9,0.05,0.0,10,25.0,100,,6a7d9faa7bffe6ebe23a3f98,10.1166/jnn.2014.8944,True,True,411.0,,,,,,4352.787196108541,893.4246493643332,386.0998180968759,1284.2300925419722,,100.0,,,,
6a7d9fab7bffe6ebe23a40b0,,1.0,1350.0,5.0,,,Degussa,Printex-U,,0.005,0.045,1:9,0.05,0.0,10,25.0,100,,6a7d9faa7bffe6ebe23a3f98,10.1166/jnn.2014.8944,True,True,440.0,,,,,,7070.604845774118,775.249247040347,562.8341103148018,1331.3499597427513,,100.0,,,,
6a7d9fab7bffe6ebe23a40b0,,1.0,1350.0,5.0,,,Degussa,Printex-U,,0.005,0.045,1:9,0.05,0.0,10,25.0,100,,6a7d9faa7bffe6ebe23a3f98,10.1166/jnn.2014.8944,True,True,469.0,,,,,,923.0055754227936,888.5261870918365,374.0345715336523,1264.1491804419352,,100.0,,,,
6a7d9fab7bffe6ebe23a40b0,,1.0,1350.0,5.0,,,Degussa,Printex-U,,0.005,0.045,1:9,0.05,0.0,10,25.0,100,,6a7d9faa7bffe6ebe23a3f98,10.1166/jnn.2014.8944,True,True,496.0,,,,,,37.22444941411586,935.3955647445903,649.753983479618,1583.7181793783486,,100.0,,,,
6a7d9fab7bffe6ebe23a40b0,,1.0,1350.0,5.0,,,Degussa,Printex-U,,0.005,0.045,1:9,0.05,0.0,10,25.0,100,,6a7d9faa7bffe6ebe23a3f98,10.1166/jnn.2014.8944,True,True,510.0,,,,,,30.73181288839793,958.3571066469192,594.5906185700229,1553.3811118952717,,100.0,,,,
6a7d9fab7bffe6ebe23a40b0,,1.0,1350.0,5.0,,,Degussa,Printex-U,,0.005,0.045,1:9,0.05,0.0,10,25.0,100,,6a7d9faa7bffe6ebe23a3f98,10.1166/jnn.2014.8944,True,True,524.0,,,,,,25.970546102871733,978.3266900589448,540.9162748625788,1518.7578899237599,,100.0,,,,
6a7d9fab7bffe6ebe23a40b0,,1.0,1350.0,5.0,,,Degussa,Printex-U,,0.005,0.045,1:9,0.05,0.0,10,25.0,100,,6a7d9faa7bffe6ebe23a3f98,10.1166/jnn.2014.8944,True,True,550.0,,,,,,22.50780662248826,1010.3754361201953,460.48129777442057,1471.3318688309494,,100.0,,,,
6a7d9fab7bffe6ebe23a40b0,,1.0,1350.0,5.0,,,Degussa,Printex-U,,0.005,0.045,1:9,0.05,0.0,10,25.0,100,,6a7d9faa7bffe6ebe23a3f98,10.1166/jnn.2014.8944,True,True,600.0,,,,,,8.84235260169192,1052.0123654364186,355.790582785802,1406.8308102144072,,100.0,,,,
6a7d9fab7bffe6ebe23a40b1,,0.0,500.0,5.0,,,,Printex-U,95.0,0.02,0.08,1:4,0.1,0.35,10,25.0,500,,6a7d9faa7bffe6ebe23a3f99,10.1016/j.jcat.2007.05.015,True,True,225.0,,0.0,,,,,,,,0.10659314417211352,43.4,,,,
6a7d9fab7bffe6ebe23a40b1,,0.0,500.0,5.0,,,,Printex-U,95.0,0.02,0.08,1:4,0.1,0.35,10,25.0,500,,6a7d9faa7bffe6ebe23a3f99,10.1016/j.jcat.2007.05.015,True,True,275.0,,0.0,,,,,,,,0.09666109458784788,43.4,,,,
6a7d9fab7bffe6ebe23a40b1,,0.0,500.0,5.0,,,,Printex-U,95.0,0.02,0.08,1:4,0.1,0.35,10,25.0,500,,6a7d9faa7bffe6ebe23a3f99,10.1016/j.jcat.2007.05.015,True,True,325.0,,0.0,,,,,,,,0.07174956038468938,43.4,,,,
6a7d9fab7bffe6ebe23a40b1,,0.0,500.0,5.0,,,,Printex-U,95.0,0.02,0.08,1:4,0.1,0.35,10,25.0,500,,6a7d9faa7bffe6ebe23a3f99,10.1016/j.jcat.2007.05.015,True,True,375.0,,0.0,,,,,,,,0.05237392267112462,43.4,,,,
6a7d9fab7bffe6ebe23a40b1,,0.0,500.0,5.0,,,,Printex-U,95.0,0.02,0.08,1:4,0.1,0.35,10,25.0,500,,6a7d9faa7bffe6ebe23a3f99,10.1016/j.jcat.2007.05.015,True,True,425.0,,0.0,,,,,,,,0.061003408375484014,43.4,,,,
6a7d9fab7bffe6ebe23a40b1,,0.0,500.0,5.0,,,,Printex-U,95.0,0.02,0.08,1:4,0.1,0.35,10,25.0,500,,6a7d9faa7bffe6ebe23a3f99,10.1016/j.jcat.2007.05.015,True,True,475.0,,2.5765883515572696,,,,,,,,2.069231270216874,43.4,,,,
6a7d9fab7bffe6ebe23a40b1,,0.0,500.0,5.0,,,,Printex-U,95.0,0.02,0.08,1:4,0.1,0.35,10,25.0,500,,6a7d9faa7bffe6ebe23a3f99,10.1016/j.jcat.2007.05.015,True,True,500.0,,4.70847014568524,,,,,,,,4.058409135314675,43.4,,,,
6a7d9fab7bffe6ebe23a40b1,,0.0,500.0,5.0,,,,Printex-U,95.0,0.02,0.08,1:4,0.1,0.35,10,25.0,500,,6a7d9faa7bffe6ebe23a3f99,10.1016/j.jcat.2007.05.015,True,True,525.0,,8.38407344830884,,,,,,,,6.065497253761152,43.4,,,,
6a7d9fab7bffe6ebe23a40b1,,0.0,500.0,5.0,,,,Printex-U,95.0,0.02,0.08,1:4,0.1,0.35,10,25.0,500,,6a7d9faa7bffe6ebe23a3f99,10.1016/j.jcat.2007.05.015,True,True,550.0,,16.92196117185757,,,,,,,,9.055369819594905,43.4,,,,
6a7d9fab7bffe6ebe23a40b1,,0.0,500.0,5.0,,,,Printex-U,95.0,0.02,0.08,1:4,0.1,0.35,10,25.0,500,,6a7d9faa7bffe6ebe23a3f99,10.1016/j.jcat.2007.05.015,True,True,575.0,,32.09219292932512,,,,,,,,12.545264094826651,43.4,,,,
6a7d9fab7bffe6ebe23a40b1,,0.0,500.0,5.0,,,,Printex-U,95.0,0.02,0.08,1:4,0.1,0.35,10,25.0,500,,6a7d9faa7bffe6ebe23a3f99,10.1016/j.jcat.2007.05.015,True,True,600.0,,58.12585673754344,,,,,,,,15.841401992922735,43.4,,,,
6a7d9fab7bffe6ebe23a40b1,,0.0,500.0,5.0,,,,Printex-U,95.0,0.02,0.08,1:4,0.1,0.35,10,25.0,500,,6a7d9faa7bffe6ebe23a3f99,10.1016/j.jcat.2007.05.015,True,True,625.0,,86.29777806114316,,,,,,,,13.566311356186093,43.4,,,,
6a7d9fab7bffe6ebe23a40b2,,,500.0,5.0,,,,,,,0.08,,0.08,0.35,10,25.0,500,,6a7d9faa7bffe6ebe23a3f99,10.1016/j.jcat.2007.05.015,True,False,225.0,,,,0.02345674185855436,,,,,,-0.7779654988440372,,,,,
6a7d9fab7bffe6ebe23a40b2,,,500.0,5.0,,,,,,,0.08,,0.08,0.35,10,25.0,500,,6a7d9faa7bffe6ebe23a3f99,10.1016/j.jcat.2007.05.015,True,False,250.0,,,,0.006880644278512289,,,,,,1.7868130890983487,,,,,
6a7d9fab7bffe6ebe23a40b2,,,500.0,5.0,,,,,,,0.08,,0.08,0.35,10,25.0,500,,6a7d9faa7bffe6ebe23a3f99,10.1016/j.jcat.2007.05.015,True,False,275.0,,,,0.008131670510967744,,,,,,1.2518228703539025,,,,,
6a7d9fab7bffe6ebe23a40b2,,,500.0,5.0,,,,,,,0.08,,0.08,0.35,10,25.0,500,,6a7d9faa7bffe6ebe23a3f99,10.1016/j.jcat.2007.05.015,True,False,300.0,,,,0.031588412369522104,,,,,,-4.148497243464338,,,,,
6a7d9fab7bffe6ebe23a40b2,,,500.0,5.0,,,,,,,0.08,,0.08,0.35,10,25.0,500,,6a7d9faa7bffe6ebe23a3f99,10.1016/j.jcat.2007.05.015,True,False,325.0,,,,0.07318503459869515,,,,,,-0.36995376133736535,,,,,
6a7d9fab7bffe6ebe23a40b2,,,500.0,5.0,,,,,,,0.08,,0.08,0.35,10,25.0,500,,6a7d9faa7bffe6ebe23a3f99,10.1016/j.jcat.2007.05.015,True,False,350.0,,,,0.1663864889166994,,,,,,-1.064289525164507,,,,,
6a7d9fab7bffe6ebe23a40b2,,,500.0,5.0,,,,,,,0.08,,0.08,0.35,10,25.0,500,,6a7d9faa7bffe6ebe23a3f99,10.1016/j.jcat.2007.05.015,True,False,375.0,,,,0.1760819422182292,,,,,,2.357593811132843,,,,,
6a7d9fab7bffe6ebe23a40b2,,,500.0,5.0,,,,,,,0.08,,0.08,0.35,10,25.0,500,,6a7d9faa7bffe6ebe23a3f99,10.1016/j.jcat.2007.05.015,True,False,400.0,,,,0.23112709644630566,,,,,,-0.39298417215009707,,,,,
6a7d9fab7bffe6ebe23a40b2,,,500.0,5.0,,,,,,,0.08,,0.08,0.35,10,25.0,500,,6a7d9faa7bffe6ebe23a3f99,10.1016/j.jcat.2007.05.015,True,False,425.0,,,,0.5129207553070865,,,,,,0.3937844566957125,,,,,
6a7d9fab7bffe6ebe23a40b2,,,500.0,5.0,,,,,,,0.08,,0.08,0.35,10,25.0,500,,6a7d9faa7bffe6ebe23a3f99,10.1016/j.jcat.2007.05.015,True,False,450.0,,,,0.8522616208608691,,,,,,2.049795482838346,,,,,
6a7d9fab7bffe6ebe23a40b2,,,500.0,5.0,,,,,,,0.08,,0.08,0.35,10,25.0,500,,6a7d9faa7bffe6ebe23a3f99,10.1016/j.jcat.2007.05.015,True,False,475.0,,,,1.205051018413548,,,,,,-0.4153921394273503,,,,,
6a7d9fab7bffe6ebe23a40b2,,,500.0,5.0,,,,,,,0.08,,0.08,0.35,10,25.0,500,,6a7d9faa7bffe6ebe23a3f99,10.1016/j.jcat.2007.05.015,True,False,500.0,,,,1.4805895461120442,,,,,,0.21607682731637645,,,,,
6a7d9fab7bffe6ebe23a40b2,,,500.0,5.0,,,,,,,0.08,,0.08,0.35,10,25.0,500,,6a7d9faa7bffe6ebe23a3f99,10.1016/j.jcat.2007.05.015,True,False,525.0,,,,1.76300871808906,,,,,,1.6651253779121449,,,,,
6a7d9fab7bffe6ebe23a40b2,,,500.0,5.0,,,,,,,0.08,,0.08,0.35,10,25.0,500,,6a7d9faa7bffe6ebe23a3f99,10.1016/j.jcat.2007.05.015,True,False,550.0,,,,2.06888463192463,,,,,,0.1339142806331095,,,,,
6a7d9fab7bffe6ebe23a40b2,,,500.0,5.0,,,,,,,0.08,,0.08,0.35,10,25.0,500,,6a7d9faa7bffe6ebe23a3f99,10.1016/j.jcat.2007.05.015,True,False,575.0,,,,2.3112709644630423,,,,,,3.4434465587764524,,,,,
6a7d9fab7bffe6ebe23a40b2,,,500.0,5.0,,,,,,,0.08,,0.08,0.35,10,25.0,500,,6a7d9faa7bffe6ebe23a3f99,10.1016/j.jcat.2007.05.015,True,False,600.0,,,,2.4451307713358634,,,,,,2.2122532455984363,,,,,
6a7d9fab7bffe6ebe23a40b3,,0.0,500.0,5.0,,,,Printex-U,95.0,0.02,0.08,1:4,0.1,0.35,10,25.0,500,,6a7d9faa7bffe6ebe23a3f9a,10.1016/j.jcat.2007.05.015,True,True,225.0,,0.0,,,,,,,,0.1078957080520162,39.8,,,,
6a7d9fab7bffe6ebe23a40b3,,0.0,500.0,5.0,,,,Printex-U,95.0,0.02,0.08,1:4,0.1,0.35,10,25.0,500,,6a7d9faa7bffe6ebe23a3f9a,10.1016/j.jcat.2007.05.015,True,True,275.0,,0.0,,,,,,,,0.10952391290189478,39.8,,,,
6a7d9fab7bffe6ebe23a40b3,,0.0,500.0,5.0,,,,Printex-U,95.0,0.02,0.08,1:4,0.1,0.35,10,25.0,500,,6a7d9faa7bffe6ebe23a3f9a,10.1016/j.jcat.2007.05.015,True,True,325.0,,0.0,,,,,,,,0.06751622777500188,39.8,,,,
6a7d9fab7bffe6ebe23a40b3,,0.0,500.0,5.0,,,,Printex-U,95.0,0.02,0.08,1:4,0.1,0.35,10,25.0,500,,6a7d9faa7bffe6ebe23a3f9a,10.1016/j.jcat.2007.05.015,True,True,375.0,,0.0,,,,,,,,0.14257647135444884,39.8,,,,
6a7d9fab7bffe6ebe23a40b3,,0.0,500.0,5.0,,,,Printex-U,95.0,0.02,0.08,1:4,0.1,0.35,10,25.0,500,,6a7d9faa7bffe6ebe23a3f9a,10.1016/j.jcat.2007.05.015,True,True,425.0,,0.0,,,,,,,,0.7090289386275304,39.8,,,,
6a7d9fab7bffe6ebe23a40b3,,0.0,500.0,5.0,,,,Printex-U,95.0,0.02,0.08,1:4,0.1,0.35,10,25.0,500,,6a7d9faa7bffe6ebe23a3f9a,10.1016/j.jcat.2007.05.015,True,True,475.0,,0.6033026236092915,,,,,,,,1.1787660378177711,39.8,,,,
6a7d9fab7bffe6ebe23a40b3,,0.0,500.0,5.0,,,,Printex-U,95.0,0.02,0.08,1:4,0.1,0.35,10,25.0,500,,6a7d9faa7bffe6ebe23a3f9a,10.1016/j.jcat.2007.05.015,True,True,500.0,,3.035640281806881,,,,,,,,1.6841608232203713,39.8,,,,
6a7d9fab7bffe6ebe23a40b3,,0.0,500.0,5.0,,,,Printex-U,95.0,0.02,0.08,1:4,0.1,0.35,10,25.0,500,,6a7d9faa7bffe6ebe23a3f9a,10.1016/j.jcat.2007.05.015,True,True,525.0,,6.374924288310115,,,,,,,,2.4987517096150915,39.8,,,,
6a7d9fab7bffe6ebe23a40b3,,0.0,500.0,5.0,,,,Printex-U,95.0,0.02,0.08,1:4,0.1,0.35,10,25.0,500,,6a7d9faa7bffe6ebe23a3f9a,10.1016/j.jcat.2007.05.015,True,True,550.0,,13.724536963243969,,,,,,,,4.195015522219568,39.8,,,,
6a7d9fab7bffe6ebe23a40b3,,0.0,500.0,5.0,,,,Printex-U,95.0,0.02,0.08,1:4,0.1,0.35,10,25.0,500,,6a7d9faa7bffe6ebe23a3f9a,10.1016/j.jcat.2007.05.015,True,True,575.0,,27.701711881156555,,,,,,,,6.474665132535876,39.8,,,,
6a7d9fab7bffe6ebe23a40b3,,0.0,500.0,5.0,,,,Printex-U,95.0,0.02,0.08,1:4,0.1,0.35,10,25.0,500,,6a7d9faa7bffe6ebe23a3f9a,10.1016/j.jcat.2007.05.015,True,True,600.0,,51.85453791960216,,,,,,,,7.704936717104834,39.8,,,,
6a7d9fab7bffe6ebe23a40b3,,0.0,500.0,5.0,,,,Printex-U,95.0,0.02,0.08,1:4,0.1,0.35,10,25.0,500,,6a7d9faa7bffe6ebe23a3f9a,10.1016/j.jcat.2007.05.015,True,True,625.0,,79.90850840001275,,,,,,,,5.483088378959251,39.8,,,,
6a7d9fab7bffe6ebe23a40b3,,0.0,500.0,5.0,,,,Printex-U,95.0,0.02,0.08,1:4,0.1,0.35,10,25.0,500,,6a7d9faa7bffe6ebe23a3f9a,10.1016/j.jcat.2007.05.015,True,True,650.0,,94.98230737352164,,,,,,,,3.4890258993118124,39.8,,,,
6a7d9fab7bffe6ebe23a40b4,,0.0,500.0,5.0,,,,Printex-U,95.0,0.02,0.08,1:4,0.1,0.35,10,25.0,500,,6a7d9faa7bffe6ebe23a3f9b,10.1016/j.jcat.2007.05.015,True,True,225.0,,0.0,,,,,,,,0.02644365311767505,56.6,,,,
6a7d9fab7bffe6ebe23a40b4,,0.0,500.0,5.0,,,,Printex-U,95.0,0.02,0.08,1:4,0.1,0.35,10,25.0,500,,6a7d9faa7bffe6ebe23a3f9b,10.1016/j.jcat.2007.05.015,True,True,325.0,,0.0,,,,,,,,0.3784849246842596,56.6,,,,
6a7d9fab7bffe6ebe23a40b4,,0.0,500.0,5.0,,,,Printex-U,95.0,0.02,0.08,1:4,0.1,0.35,10,25.0,500,,6a7d9faa7bffe6ebe23a3f9b,10.1016/j.jcat.2007.05.015,True,True,400.0,,0.0,,,,,,,,1.2267908274592185,56.6,,,,
6a7d9fab7bffe6ebe23a40b4,,0.0,500.0,5.0,,,,Printex-U,95.0,0.02,0.08,1:4,0.1,0.35,10,25.0,500,,6a7d9faa7bffe6ebe23a3f9b,10.1016/j.jcat.2007.05.015,True,True,475.0,,4.706889852751097,,,,,,,,2.032429977044313,56.6,,,,
6a7d9fab7bffe6ebe23a40b4,,0.0,500.0,5.0,,,,Printex-U,95.0,0.02,0.08,1:4,0.1,0.35,10,25.0,500,,6a7d9faa7bffe6ebe23a3f9b,10.1016/j.jcat.2007.05.015,True,True,500.0,,6.996106666243761,,,,,,,,2.8312554245990875,56.6,,,,
6a7d9fab7bffe6ebe23a40b4,,0.0,500.0,5.0,,,,Printex-U,95.0,0.02,0.08,1:4,0.1,0.35,10,25.0,500,,6a7d9faa7bffe6ebe23a3f9b,10.1016/j.jcat.2007.05.015,True,True,525.0,,11.506347482020105,,,,,,,,4.542468020213982,56.6,,,,
6a7d9fab7bffe6ebe23a40b4,,0.0,500.0,5.0,,,,Printex-U,95.0,0.02,0.08,1:4,0.1,0.35,10,25.0,500,,6a7d9faa7bffe6ebe23a3f9b,10.1016/j.jcat.2007.05.015,True,True,550.0,,19.416713582263537,,,,,,,,7.821967699807756,56.6,,,,
6a7d9fab7bffe6ebe23a40b4,,0.0,500.0,5.0,,,,Printex-U,95.0,0.02,0.08,1:4,0.1,0.35,10,25.0,500,,6a7d9faa7bffe6ebe23a3f9b,10.1016/j.jcat.2007.05.015,True,True,575.0,,34.9226487356577,,,,,,,,12.011096600449378,56.6,,,,
6a7d9fab7bffe6ebe23a40b4,,0.0,500.0,5.0,,,,Printex-U,95.0,0.02,0.08,1:4,0.1,0.35,10,25.0,500,,6a7d9faa7bffe6ebe23a3f9b,10.1016/j.jcat.2007.05.015,True,True,600.0,,58.95268529017627,,,,,,,,17.542362570063514,56.6,,,,
6a7d9fab7bffe6ebe23a40b4,,0.0,500.0,5.0,,,,Printex-U,95.0,0.02,0.08,1:4,0.1,0.35,10,25.0,500,,6a7d9faa7bffe6ebe23a3f9b,10.1016/j.jcat.2007.05.015,True,True,625.0,,83.89856715802495,,,,,,,,14.03736179946626,56.6,,,,
6a7d9fab7bffe6ebe23a40b4,,0.0,500.0,5.0,,,,Printex-U,95.0,0.02,0.08,1:4,0.1,0.35,10,25.0,500,,6a7d9faa7bffe6ebe23a3f9b,10.1016/j.jcat.2007.05.015,True,True,650.0,,95.98217471632583,,,,,,,,7.010326003195952,56.6,,,,
6a7d9fab7bffe6ebe23a40b5,,,500.0,5.0,,,,,,,0.08,,0.08,0.35,10,25.0,500,,6a7d9faa7bffe6ebe23a3f9b,10.1016/j.jcat.2007.05.015,True,False,225.0,,,,0.02345674185855436,,,,,,-0.6024364218388767,,,,,
6a7d9fab7bffe6ebe23a40b5,,,500.0,5.0,,,,,,,0.08,,0.08,0.35,10,25.0,500,,6a7d9faa7bffe6ebe23a3f9b,10.1016/j.jcat.2007.05.015,True,False,250.0,,,,0.006880644278512289,,,,,,1.6554775031122224,,,,,
6a7d9fab7bffe6ebe23a40b5,,,500.0,5.0,,,,,,,0.08,,0.08,0.35,10,25.0,500,,6a7d9faa7bffe6ebe23a3f9b,10.1016/j.jcat.2007.05.015,True,False,275.0,,,,0.008131670510967744,,,,,,0.26276009247732635,,,,,
6a7d9fab7bffe6ebe23a40b5,,,500.0,5.0,,,,,,,0.08,,0.08,0.35,10,25.0,500,,6a7d9faa7bffe6ebe23a3f9b,10.1016/j.jcat.2007.05.015,True,False,300.0,,,,0.031588412369522104,,,,,,-0.0963898274942192,,,,,
6a7d9fab7bffe6ebe23a40b5,,,500.0,5.0,,,,,,,0.08,,0.08,0.35,10,25.0,500,,6a7d9faa7bffe6ebe23a3f9b,10.1016/j.jcat.2007.05.015,True,False,325.0,,,,0.07318503459869515,,,,,,-1.2485328116663714,,,,,
6a7d9fab7bffe6ebe23a40b5,,,500.0,5.0,,,,,,,0.08,,0.08,0.35,10,25.0,500,,6a7d9faa7bffe6ebe23a3f9b,10.1016/j.jcat.2007.05.015,True,False,350.0,,,,0.1663864889166994,,,,,,-0.9298417215009795,,,,,
6a7d9fab7bffe6ebe23a40b5,,,500.0,5.0,,,,,,,0.08,,0.08,0.35,10,25.0,500,,6a7d9faa7bffe6ebe23a3f9b,10.1016/j.jcat.2007.05.015,True,False,375.0,,,,0.1760819422182292,,,,,,2.3326960697136814,,,,,
6a7d9fab7bffe6ebe23a40b5,,,500.0,5.0,,,,,,,0.08,,0.08,0.35,10,25.0,500,,6a7d9faa7bffe6ebe23a3f9b,10.1016/j.jcat.2007.05.015,True,False,400.0,,,,0.23112709644630566,,,,,,-0.15303218922283168,,,,,
6a7d9fab7bffe6ebe23a40b5,,,500.0,5.0,,,,,,,0.08,,0.08,0.35,10,25.0,500,,6a7d9faa7bffe6ebe23a3f9b,10.1016/j.jcat.2007.05.015,True,False,425.0,,,,0.5129207553070865,,,,,,1.4313978303396757,,,,,
6a7d9fab7bffe6ebe23a40b5,,,500.0,5.0,,,,,,,0.08,,0.08,0.35,10,25.0,500,,6a7d9faa7bffe6ebe23a3f9b,10.1016/j.jcat.2007.05.015,True,False,450.0,,,,0.8522616208608691,,,,,,0.6966032367063866,,,,,
6a7d9fab7bffe6ebe23a40b5,,,500.0,5.0,,,,,,,0.08,,0.08,0.35,10,25.0,500,,6a7d9faa7bffe6ebe23a3f9b,10.1016/j.jcat.2007.05.015,True,False,475.0,,,,1.205051018413548,,,,,,4.301796194202382,,,,,
6a7d9fab7bffe6ebe23a40b5,,,500.0,5.0,,,,,,,0.08,,0.08,0.35,10,25.0,500,,6a7d9faa7bffe6ebe23a3f9b,10.1016/j.jcat.2007.05.015,True,False,500.0,,,,1.4805895461120442,,,,,,3.701760626000352,,,,,
6a7d9fab7bffe6ebe23a40b5,,,500.0,5.0,,,,,,,0.08,,0.08,0.35,10,25.0,500,,6a7d9faa7bffe6ebe23a3f9b,10.1016/j.jcat.2007.05.015,True,False,525.0,,,,1.76300871808906,,,,,,0.9885292548461724,,,,,
6a7d9fab7bffe6ebe23a40b5,,,500.0,5.0,,,,,,,0.08,,0.08,0.35,10,25.0,500,,6a7d9faa7bffe6ebe23a3f9b,10.1016/j.jcat.2007.05.015,True,False,550.0,,,,2.06888463192463,,,,,,4.902142984172151,,,,,
6a7d9fab7bffe6ebe23a40b5,,,500.0,5.0,,,,,,,0.08,,0.08,0.35,10,25.0,500,,6a7d9faa7bffe6ebe23a3f9b,10.1016/j.jcat.2007.05.015,True,False,575.0,,,,2.3112709644630423,,,,,,1.9819491374710996,,,,,
6a7d9fab7bffe6ebe23a40b5,,,500.0,5.0,,,,,,,0.08,,0.08,0.35,10,25.0,500,,6a7d9faa7bffe6ebe23a3f9b,10.1016/j.jcat.2007.05.015,True,False,600.0,,,,2.4451307713358634,,,,,,-2.987951271563222,,,,,
6a7d9fab7bffe6ebe23a40b6,,0.0,500.0,5.0,,,,Printex-U,95.0,0.02,0.08,1:4,0.1,0.35,10,25.0,500,,6a7d9faa7bffe6ebe23a3f9c,10.1016/j.jcat.2007.05.015,True,True,225.0,,0.0,,,,,,,,0.010220553045482023,32.5,,,,
6a7d9fab7bffe6ebe23a40b6,,0.0,500.0,5.0,,,,Printex-U,95.0,0.02,0.08,1:4,0.1,0.35,10,25.0,500,,6a7d9faa7bffe6ebe23a3f9c,10.1016/j.jcat.2007.05.015,True,True,325.0,,0.0,,,,,,,,0.07965542135446879,32.5,,,,
6a7d9fab7bffe6ebe23a40b6,,0.0,500.0,5.0,,,,Printex-U,95.0,0.02,0.08,1:4,0.1,0.35,10,25.0,500,,6a7d9faa7bffe6ebe23a3f9c,10.1016/j.jcat.2007.05.015,True,True,400.0,,0.0,,,,,,,,0.10820807748152368,32.5,,,,
6a7d9fab7bffe6ebe23a40b6,,0.0,500.0,5.0,,,,Printex-U,95.0,0.02,0.08,1:4,0.1,0.35,10,25.0,500,,6a7d9faa7bffe6ebe23a3f9c,10.1016/j.jcat.2007.05.015,True,True,475.0,,3.690341201937949,,,,,,,,0.7311751202537314,32.5,,,,
6a7d9fab7bffe6ebe23a40b6,,0.0,500.0,5.0,,,,Printex-U,95.0,0.02,0.08,1:4,0.1,0.35,10,25.0,500,,6a7d9faa7bffe6ebe23a3f9c,10.1016/j.jcat.2007.05.015,True,True,500.0,,5.713130287916398,,,,,,,,1.472570793552941,32.5,,,,
6a7d9fab7bffe6ebe23a40b6,,0.0,500.0,5.0,,,,Printex-U,95.0,0.02,0.08,1:4,0.1,0.35,10,25.0,500,,6a7d9faa7bffe6ebe23a3f9c,10.1016/j.jcat.2007.05.015,True,True,525.0,,9.397920912197787,,,,,,,,3.0963408797787175,32.5,,,,
6a7d9fab7bffe6ebe23a40b6,,0.0,500.0,5.0,,,,Printex-U,95.0,0.02,0.08,1:4,0.1,0.35,10,25.0,500,,6a7d9faa7bffe6ebe23a3f9c,10.1016/j.jcat.2007.05.015,True,True,550.0,,15.87703091671756,,,,,,,,6.97577080004218,32.5,,,,
6a7d9fab7bffe6ebe23a40b6,,0.0,500.0,5.0,,,,Printex-U,95.0,0.02,0.08,1:4,0.1,0.35,10,25.0,500,,6a7d9faa7bffe6ebe23a3f9c,10.1016/j.jcat.2007.05.015,True,True,575.0,,28.578338474225497,,,,,,,,12.76433513680129,32.5,,,,
6a7d9fab7bffe6ebe23a40b6,,0.0,500.0,5.0,,,,Printex-U,95.0,0.02,0.08,1:4,0.1,0.35,10,25.0,500,,6a7d9faa7bffe6ebe23a3f9c,10.1016/j.jcat.2007.05.015,True,True,600.0,,49.52780442936098,,,,,,,,19.441114202512956,32.5,,,,
6a7d9fab7bffe6ebe23a40b6,,0.0,500.0,5.0,,,,Printex-U,95.0,0.02,0.08,1:4,0.1,0.35,10,25.0,500,,6a7d9faa7bffe6ebe23a3f9c,10.1016/j.jcat.2007.05.015,True,True,625.0,,73.6395137693973,,,,,,,,19.408343540367127,32.5,,,,
6a7d9fab7bffe6ebe23a40b6,,0.0,500.0,5.0,,,,Printex-U,95.0,0.02,0.08,1:4,0.1,0.35,10,25.0,500,,6a7d9faa7bffe6ebe23a3f9c,10.1016/j.jcat.2007.05.015,True,True,650.0,,91.31889654516188,,,,,,,,11.435176547886535,32.5,,,,
6a7d9fab7bffe6ebe23a40b7,,0.0,500.0,5.0,,,,Printex-U,95.0,0.02,0.08,1:4,0.1,0.35,10,25.0,500,,6a7d9fab7bffe6ebe23a3f9d,10.1016/j.jcat.2007.05.015,True,True,225.0,,0.0,,,,,,,,0.5201968400837993,84.8,,,,
6a7d9fab7bffe6ebe23a40b7,,0.0,500.0,5.0,,,,Printex-U,95.0,0.02,0.08,1:4,0.1,0.35,10,25.0,500,,6a7d9fab7bffe6ebe23a3f9d,10.1016/j.jcat.2007.05.015,True,True,275.0,,0.0,,,,,,,,2.1161400139664828,84.8,,,,
6a7d9fab7bffe6ebe23a40b7,,0.0,500.0,5.0,,,,Printex-U,95.0,0.02,0.08,1:4,0.1,0.35,10,25.0,500,,6a7d9fab7bffe6ebe23a3f9d,10.1016/j.jcat.2007.05.015,True,True,350.0,,0.0,,,,,,,,6.419507245111735,84.8,,,,
6a7d9fab7bffe6ebe23a40b7,,0.0,500.0,5.0,,,,Printex-U,95.0,0.02,0.08,1:4,0.1,0.35,10,25.0,500,,6a7d9fab7bffe6ebe23a3f9d,10.1016/j.jcat.2007.05.015,True,True,475.0,,12.005281216893566,,,,,,,,12.191318959497208,84.8,,,,
6a7d9fab7bffe6ebe23a40b7,,0.0,500.0,5.0,,,,Printex-U,95.0,0.02,0.08,1:4,0.1,0.35,10,25.0,500,,6a7d9fab7bffe6ebe23a3f9d,10.1016/j.jcat.2007.05.015,True,True,500.0,,18.461331688882563,,,,,,,,12.704259776536315,84.8,,,,
6a7d9fab7bffe6ebe23a40b7,,0.0,500.0,5.0,,,,Printex-U,95.0,0.02,0.08,1:4,0.1,0.35,10,25.0,500,,6a7d9fab7bffe6ebe23a3f9d,10.1016/j.jcat.2007.05.015,True,True,525.0,,29.96379045902314,,,,,,,,12.313907559357542,84.8,,,,
6a7d9fab7bffe6ebe23a40b7,,0.0,500.0,5.0,,,,Printex-U,95.0,0.02,0.08,1:4,0.1,0.35,10,25.0,500,,6a7d9fab7bffe6ebe23a3f9d,10.1016/j.jcat.2007.05.015,True,True,550.0,,48.037727495533105,,,,,,,,8.507605185055867,84.8,,,,
6a7d9fab7bffe6ebe23a40b7,,0.0,500.0,5.0,,,,Printex-U,95.0,0.02,0.08,1:4,0.1,0.35,10,25.0,500,,6a7d9fab7bffe6ebe23a3f9d,10.1016/j.jcat.2007.05.015,True,True,575.0,,68.986290972914,,,,,,,,6.705765537709497,84.8,,,,
6a7d9fab7bffe6ebe23a40b7,,0.0,500.0,5.0,,,,Printex-U,95.0,0.02,0.08,1:4,0.1,0.35,10,25.0,500,,6a7d9fab7bffe6ebe23a3f9d,10.1016/j.jcat.2007.05.015,True,True,600.0,,82.94356687696661,,,,,,,,6.3979028456703935,84.8,,,,
6a7d9fab7bffe6ebe23a40b7,,0.0,500.0,5.0,,,,Printex-U,95.0,0.02,0.08,1:4,0.1,0.35,10,25.0,500,,6a7d9fab7bffe6ebe23a3f9d,10.1016/j.jcat.2007.05.015,True,True,625.0,,93.98668627357969,,,,,,,,4.836330307262569,84.8,,,,
6a7d9fab7bffe6ebe23a40b7,,0.0,500.0,5.0,,,,Printex-U,95.0,0.02,0.08,1:4,0.1,0.35,10,25.0,500,,6a7d9fab7bffe6ebe23a3f9d,10.1016/j.jcat.2007.05.015,True,True,650.0,,98.84255965087044,,,,,,,,3.819286836592182,84.8,,,,
6a7d9fab7bffe6ebe23a40b8,,,500.0,5.0,,,,,,,0.08,,0.08,0.35,10,25.0,500,,6a7d9fab7bffe6ebe23a3f9d,10.1016/j.jcat.2007.05.015,True,False,225.0,,,,0.07412330427303673,,,,,,0.7392406188867167,,,,,
6a7d9fab7bffe6ebe23a40b8,,,500.0,5.0,,,,,,,0.08,,0.08,0.35,10,25.0,500,,6a7d9fab7bffe6ebe23a3f9d,10.1016/j.jcat.2007.05.015,True,False,250.0,,,,0.13104499784980367,,,,,,0.6458740885648231,,,,,
6a7d9fab7bffe6ebe23a40b8,,,500.0,5.0,,,,,,,0.08,,0.08,0.35,10,25.0,500,,6a7d9fab7bffe6ebe23a3f9d,10.1016/j.jcat.2007.05.015,True,False,275.0,,,,0.48664920442551457,,,,,,1.0647785879423752,,,,,
6a7d9fab7bffe6ebe23a40b8,,,500.0,5.0,,,,,,,0.08,,0.08,0.35,10,25.0,500,,6a7d9fab7bffe6ebe23a3f9d,10.1016/j.jcat.2007.05.015,True,False,300.0,,,,0.6808710270143479,,,,,,5.504668326516093,,,,,
6a7d9fab7bffe6ebe23a40b8,,,500.0,5.0,,,,,,,0.08,,0.08,0.35,10,25.0,500,,6a7d9fab7bffe6ebe23a3f9d,10.1016/j.jcat.2007.05.015,True,False,325.0,,,,1.8092966886899409,,,,,,6.153565712253247,,,,,
6a7d9fab7bffe6ebe23a40b8,,,500.0,5.0,,,,,,,0.08,,0.08,0.35,10,25.0,500,,6a7d9fab7bffe6ebe23a3f9d,10.1016/j.jcat.2007.05.015,True,False,350.0,,,,3.5591696313382113,,,,,,11.519028988084653,,,,,
6a7d9fab7bffe6ebe23a40b8,,,500.0,5.0,,,,,,,0.08,,0.08,0.35,10,25.0,500,,6a7d9fab7bffe6ebe23a3f9d,10.1016/j.jcat.2007.05.015,True,False,375.0,,,,6.5028343563079085,,,,,,16.17988618175351,,,,,
6a7d9fab7bffe6ebe23a40b8,,,500.0,5.0,,,,,,,0.08,,0.08,0.35,10,25.0,500,,6a7d9fab7bffe6ebe23a3f9d,10.1016/j.jcat.2007.05.015,True,False,400.0,,,,11.293013800383125,,,,,,19.54979548283834,,,,,
6a7d9fab7bffe6ebe23a40b8,,,500.0,5.0,,,,,,,0.08,,0.08,0.35,10,25.0,500,,6a7d9fab7bffe6ebe23a3f9d,10.1016/j.jcat.2007.05.015,True,False,425.0,,,,16.987685210524262,,,,,,20.719678107771653,,,,,
6a7d9fab7bffe6ebe23a40b8,,,500.0,5.0,,,,,,,0.08,,0.08,0.35,10,25.0,500,,6a7d9fab7bffe6ebe23a3f9d,10.1016/j.jcat.2007.05.015,True,False,450.0,,,,20.84022049337347,,,,,,16.765605548639517,,,,,
6a7d9fab7bffe6ebe23a40b8,,,500.0,5.0,,,,,,,0.08,,0.08,0.35,10,25.0,500,,6a7d9fab7bffe6ebe23a3f9d,10.1016/j.jcat.2007.05.015,True,False,475.0,,,,19.06251221705305,,,,,,15.30690912324382,,,,,
6a7d9fab7bffe6ebe23a40b8,,,500.0,5.0,,,,,,,0.08,,0.08,0.35,10,25.0,500,,6a7d9fab7bffe6ebe23a3f9d,10.1016/j.jcat.2007.05.015,True,False,500.0,,,,15.364478673912192,,,,,,11.95100480170727,,,,,
6a7d9fab7bffe6ebe23a40b8,,,500.0,5.0,,,,,,,0.08,,0.08,0.35,10,25.0,500,,6a7d9fab7bffe6ebe23a3f9d,10.1016/j.jcat.2007.05.015,True,False,525.0,,,,12.233160014074045,,,,,,7.780633113996087,,,,,
6a7d9fab7bffe6ebe23a40b8,,,500.0,5.0,,,,,,,0.08,,0.08,0.35,10,25.0,500,,6a7d9fab7bffe6ebe23a3f9d,10.1016/j.jcat.2007.05.015,True,False,550.0,,,,9.74111575902107,,,,,,7.910723812911259,,,,,
6a7d9fab7bffe6ebe23a40b8,,,500.0,5.0,,,,,,,0.08,,0.08,0.35,10,25.0,500,,6a7d9fab7bffe6ebe23a3f9d,10.1016/j.jcat.2007.05.015,True,False,575.0,,,,8.351851127878339,,,,,,5.109727903254491,,,,,
6a7d9fab7bffe6ebe23a40b8,,,500.0,5.0,,,,,,,0.08,,0.08,0.35,10,25.0,500,,6a7d9fab7bffe6ebe23a3f9d,10.1016/j.jcat.2007.05.015,True,False,600.0,,,,6.899096915438451,,,,,,5.696069713675971,,,,,
6a7d9fab7bffe6ebe23a40b9,,0.0,500.0,5.0,,,,Printex-U,95.0,0.02,0.08,1:4,0.1,0.35,10,25.0,500,,6a7d9fab7bffe6ebe23a3f9e,10.1016/j.jcat.2007.05.015,True,True,225.0,,0.0,,,,,,,,0.0584846368715084,32.5,,,,
6a7d9fab7bffe6ebe23a40b9,,0.0,500.0,5.0,,,,Printex-U,95.0,0.02,0.08,1:4,0.1,0.35,10,25.0,500,,6a7d9fab7bffe6ebe23a3f9e,10.1016/j.jcat.2007.05.015,True,True,275.0,,0.0,,,,,,,,0.05881197625698231,32.5,,,,
6a7d9fab7bffe6ebe23a40b9,,0.0,500.0,5.0,,,,Printex-U,95.0,0.02,0.08,1:4,0.1,0.35,10,25.0,500,,6a7d9fab7bffe6ebe23a3f9e,10.1016/j.jcat.2007.05.015,True,True,350.0,,0.0,,,,,,,,0.5332904155027958,32.5,,,,
6a7d9fab7bffe6ebe23a40b9,,0.0,500.0,5.0,,,,Printex-U,95.0,0.02,0.08,1:4,0.1,0.35,10,25.0,500,,6a7d9fab7bffe6ebe23a3f9e,10.1016/j.jcat.2007.05.015,True,True,475.0,,5.246430434988853,,,,,,,,3.7554556564245827,32.5,,,,
6a7d9fab7bffe6ebe23a40b9,,0.0,500.0,5.0,,,,Printex-U,95.0,0.02,0.08,1:4,0.1,0.35,10,25.0,500,,6a7d9fab7bffe6ebe23a3f9e,10.1016/j.jcat.2007.05.015,True,True,500.0,,8.482361684297071,,,,,,,,4.992143854748605,32.5,,,,
6a7d9fab7bffe6ebe23a40b9,,0.0,500.0,5.0,,,,Printex-U,95.0,0.02,0.08,1:4,0.1,0.35,10,25.0,500,,6a7d9fab7bffe6ebe23a3f9e,10.1016/j.jcat.2007.05.015,True,True,525.0,,13.648941384817306,,,,,,,,7.754397259078215,32.5,,,,
6a7d9fab7bffe6ebe23a40b9,,0.0,500.0,5.0,,,,Printex-U,95.0,0.02,0.08,1:4,0.1,0.35,10,25.0,500,,6a7d9fab7bffe6ebe23a3f9e,10.1016/j.jcat.2007.05.015,True,True,550.0,,24.539474724475436,,,,,,,,12.178552723463689,32.5,,,,
6a7d9fab7bffe6ebe23a40b9,,0.0,500.0,5.0,,,,Printex-U,95.0,0.02,0.08,1:4,0.1,0.35,10,25.0,500,,6a7d9fab7bffe6ebe23a3f9e,10.1016/j.jcat.2007.05.015,True,True,575.0,,44.42942301914837,,,,,,,,17.180298533519554,32.5,,,,
6a7d9fab7bffe6ebe23a40b9,,0.0,500.0,5.0,,,,Printex-U,95.0,0.02,0.08,1:4,0.1,0.35,10,25.0,500,,6a7d9fab7bffe6ebe23a3f9e,10.1016/j.jcat.2007.05.015,True,True,600.0,,69.59031039008269,,,,,,,,16.45131372206704,32.5,,,,
6a7d9fab7bffe6ebe23a40b9,,0.0,500.0,5.0,,,,Printex-U,95.0,0.02,0.08,1:4,0.1,0.35,10,25.0,500,,6a7d9fab7bffe6ebe23a3f9e,10.1016/j.jcat.2007.05.015,True,True,625.0,,91.65757475135588,,,,,,,,5.445181564245811,32.5,,,,
6a7d9fab7bffe6ebe23a40b9,,0.0,500.0,5.0,,,,Printex-U,95.0,0.02,0.08,1:4,0.1,0.35,10,25.0,500,,6a7d9fab7bffe6ebe23a3f9e,10.1016/j.jcat.2007.05.015,True,True,650.0,,98.7310848631469,,,,,,,,0.9393549231843563,32.5,,,,
